2.518521739617248, 3.3319225226984464, 20.290642457178983, 1.8418721050856979, 2.084241860150908, 3.241194983859462, 2.105327481352339, 3.569654033221203, 
2.521684437180907, 3.090745910355524, 20.340748678848012, 1.5496511394106065, 2.169957445018625, 2.941971254177305, 1.8514692595784235, 3.6776686345231298, 
2.449964531143722, 3.2919291336030416, 22.076933931673164, 1.7876708736303066, 2.2489366575169183, 3.129258659849585, 1.7092825587406693, 3.603691184353945, 
2.5147864379057703, 3.440148434050505, 28.727819563079773, 1.8143489293758226, 2.398850736912489, 3.546125379815798, 1.758584699834313, 3.323678509959483, 
2.5648953146298874, 3.386072527221943, 29.676457253045793, 2.042763640085614, 2.2300926669030536, 4.035817176651596, 1.7543229682764205, 3.224900872480311, 
2.581993999774489, 3.320616545339331, 32.81649486628898, 1.972660257024183, 2.329834185328417, 4.268339232622625, 1.6251000653823093, 3.5793942603532516, 
2.575114112074568, 3.3180378302854745, 32.69109595019125, 1.9585278430555946, 2.288784151752191, 4.422348581264993, 1.620093069395086, 3.4459688530435133, 
2.503257435441612, 3.293072265122753, 30.84889485647563, 1.8742202690431502, 2.224187902136706, 4.20305994600744, 1.5415518284668683, 3.348407849421284, 
2.538967123921427, 3.2900178352977325, 32.62921750952027, 1.8635228470948824, 2.223583981919299, 4.107007779214707, 1.6019725248582302, 3.3274055558410742, 
2.514842151367644, 3.3477705564836415, 33.316748227586004, 1.893197773057239, 2.3836673909533723, 4.184063851663804, 1.6621117638955103, 3.269363241983242, 
2.5560492998775524, 3.4481040879069083, 38.23652233652251, 1.865784813837542, 2.36410406986029, 4.116772601576013, 1.732559455276229, 3.2915431428127406, 
2.5024867338332744, 3.413124946616892, 36.72473483563015, 1.9123849830720163, 2.3554373405948117, 4.110237454210659, 1.6836348510959285, 3.3263599024261663, 
2.500119268865969, 3.414056564868625, 36.13267348668858, 1.9129893621785528, 2.3581842854788397, 4.1016530227565156, 1.6451802968703804, 3.331337216647453, 
2.5104715572195055, 3.3853203687360494, 35.77771821983559, 1.895785322799243, 2.3435481042430295, 4.06209751700395, 1.618726672320214, 3.253528397354542, 
2.5330946950791127, 3.424138697919374, 35.42543801115296, 1.8529649017712013, 2.3652696930537243, 4.1045082097143455, 1.6390490067085337, 3.3326327983694615, 
2.5567710345281385, 3.475967480266933, 35.42824649151169, 1.8211281191100988, 2.3094073566751776, 3.9814653089539314, 1.627626957794552, 3.2933326164202956, 
2.5642800981582665, 3.4902248433484404, 35.10299039211475, 1.8188640365442168, 2.358414459288299, 3.9481509159132293, 1.6569618301120888, 3.3692087361001732, 
2.533039694572513, 3.4672812952566727, 34.48670257170322, 1.8171506012657774, 2.3840624839660256, 3.989635507195361, 1.6598505597388225, 3.3471664391668363, 
2.51581436177668, 3.4295038427213815, 34.16610774446993, 1.8324797469503673, 2.34495312629865, 3.975303110294536, 1.671704933675552, 3.4103455417446975, 
2.5654619582707947, 3.4712978576123286, 38.210743754034944, 1.8270570915800959, 2.2839096884206813, 3.92005175493644, 1.6526741063066581, 3.403656107205736, 
2.579276401048195, 3.4906186840300863, 44.3773285288313, 1.8303705183985168, 2.2663837053906652, 3.8541582653094792, 1.6357132596310444, 3.4067550116804153, 
2.5801953768431782, 3.483562978949952, 43.64393231936338, 1.8411134447432314, 2.241759430824057, 3.900484902840836, 1.635747102000962, 3.445431163326621, 
2.5875205619909205, 3.487635007475073, 42.842558624585536, 1.8626361104323517, 2.3393515372452542, 3.9819985541934546, 1.6384673665599108, 3.4388016974815176, 
2.598020638147996, 3.504522924260866, 43.16846389059292, 1.8661258135713374, 2.3729055263811856, 3.982485775865322, 1.6241175280402667, 3.453054608474243, 
2.645049999373932, 3.5730877207897263, 47.17851938020783, 1.8529575683028756, 2.3565599305845617, 3.9553464622243064, 1.6301474206160114, 3.4652197030468397, 
2.6577150286386306, 3.6338535452941554, 49.26965955296043, 1.838829750695662, 2.313321685887303, 3.9074621641663856, 1.629894331889746, 3.476056558280383, 
2.6675802822035855, 3.644282266043337, 49.98184134020217, 1.8312046512061029, 2.3243175331664747, 3.921496163024143, 1.6336808765178439, 3.4924600852024095, 
2.6906686445389707, 3.6790378104338717, 54.71360782136843, 1.8022649435441256, 2.294261443344134, 3.9147681435298645, 1.6335715921658662, 3.5092468952036824, 
2.679069851068401, 3.680248301737175, 55.961828371363204, 1.809826978632346, 2.3541006078860733, 3.9520649226376627, 1.6469784743589195, 3.526575586962596, 
2.6728203639036434, 3.6542011498339346, 55.94514422081461, 1.8202067193131595, 2.360723398048955, 3.934916465607444, 1.6515034373945094, 3.523371423855956, 
2.7109795479059935, 3.6841016643793836, 56.017330332339675, 1.8218450661227805, 2.405303380445117, 3.976408027755932, 1.6594761930530875, 3.566039575320371, 
2.7112655610715053, 3.6912388165515333, 56.76523360353287, 1.8252133269073099, 2.3756952975564567, 3.9530774393212593, 1.6706740660463797, 3.6901213111879945, 
2.6801778321837992, 3.6367832670667077, 55.5705029248886, 1.8225579383239534, 2.368925821656089, 3.984012973284023, 1.6649187747921559, 3.6777461300011356, 
2.6869483051253593, 3.6279183490640716, 55.12135711187779, 1.8100570220525833, 2.3743881258536126, 3.95478771182569, 1.6573604867868517, 3.64541851998281, 
2.678624226266809, 3.6067583510299452, 54.396987189660855, 1.8153740074215063, 2.376036649473692, 3.9669484459042343, 1.6592121642643785, 3.707543555128623, 
2.6805609038786598, 3.603880226207546, 53.919363472880825, 1.8060541842478366, 2.3668047681466198, 3.9562868415203396, 1.6678184105756007, 3.7086072113279385, 
2.6861983097820388, 3.595140544136627, 53.86249504254934, 1.8098778170867111, 2.3725431020718055, 3.9788661939979755, 1.679265339397393, 3.788768853033749, 
2.6705040895004313, 3.5847254115209157, 53.13876481829085, 1.8015878642846825, 2.3520181807473843, 3.951564565536188, 1.6868113179756459, 3.8286040637610363, 
2.6739030796548136, 3.5796183724353425, 52.71651883128325, 1.785664182600434, 2.3430126848132637, 3.934281911095509, 1.6812271488329182, 3.844856139733809, 
2.660124043258622, 3.578605955491635, 51.743970563771846, 1.766541715584344, 2.3367089116763986, 3.915923863114732, 1.6901438008769967, 3.851063851405815, 
2.655444691002243, 3.5702627185760925, 51.56620738026025, 1.7597938063775318, 2.3367632821373117, 3.915242945621137, 1.6896810513389109, 3.883804909772381, 
2.6381235416607716, 3.563157431879069, 50.91032786307955, 1.773834678693992, 2.333534407235311, 3.939111952679072, 1.6875699706584282, 3.876817989490141, 
2.6258188516490715, 3.543093862507362, 50.10655243124039, 1.7879746392129627, 2.351419620040766, 3.930372777314584, 1.6842782351289636, 3.885676252157859, 
2.609445280133147, 3.514662276417512, 49.156700807265146, 1.7940189902118442, 2.333874029275158, 3.9242681072086127, 1.6726690307218457, 3.86026439795732, 
2.612078422853894, 3.4970715865915136, 48.660626432906504, 1.7899761729513022, 2.3363083233350768, 3.918883536391696, 1.6894727466035062, 3.8517915017933007, 
2.609819422022288, 3.516840465484867, 48.86045327098908, 1.798472877489895, 2.326581853791875, 3.9041427434700706, 1.6845250119522701, 3.82281045811595, 
2.607914297009507, 3.4977138229143723, 48.60820625119076, 1.791061277464454, 2.3014988927184117, 3.8827194439598993, 1.6801537834699192, 3.8048645430170955, 
2.6064001685631393, 3.493220276898793, 48.24733382347668, 1.7934371368575628, 2.2833005719254174, 3.8733700121563044, 1.6739133063856622, 3.8335885100856304, 
2.5961353445656967, 3.4970821331919506, 47.9173919992442, 1.7846619486414885, 2.2727851830766213, 3.8727929473938367, 1.6722318880431237, 3.830078347845657, 
2.6026379177645746, 3.494232504218356, 47.85317700605438, 1.78227632478912, 2.2880064858556204, 3.9073143361214306, 1.6789894611307545, 3.8157941852457653, 
2.6123251031419135, 3.4977768588937197, 49.08896601337634, 1.8041394632145602, 2.2868511228496886, 3.9286725888974763, 1.6731193591382494, 3.799488887066304, 
2.61074835412426, 3.5060417047902233, 48.70668664135365, 1.815371509598681, 2.329954494354003, 3.9778769385532264, 1.6685108741508063, 3.7886743635830253, 
2.6096270765022673, 3.4979609525961157, 48.150478687468464, 1.8160605487920134, 2.3269042197890544, 3.969769371505856, 1.6749400249075346, 3.8186871856156164, 
2.599801605621788, 3.496955898649728, 47.70890342227466, 1.8105500087891446, 2.31723877197135, 3.967267470249573, 1.6828784093684872, 3.8023494929882533, 
2.6040447842130745, 3.499412628250086, 47.6430971837226, 1.8061717491077154, 2.306610499687944, 3.946073731861915, 1.685123142761286, 3.807093907080096, 
2.610621304846764, 3.502652040348214, 47.9768280364893, 1.809150258372769, 2.2984534585269456, 3.9527617758031495, 1.6751572579821146, 3.7918737680734367, 
2.614976357686956, 3.5215383871077246, 48.83074121242396, 1.7975237843965242, 2.309545809333551, 3.9369294223096327, 1.66926593621109, 3.795508472444223, 
2.6146750157314944, 3.536355549185204, 49.47968399984191, 1.7817894388214217, 2.2936931542288024, 3.908723041673784, 1.6712340572987734, 3.772348963351279, 
2.6232750057865992, 3.5440148030748, 49.42791436153008, 1.7796305220348778, 2.275880875870047, 3.8990244562567504, 1.6662822785422358, 3.7619830196252875, 
2.6252253819304876, 3.5308856388265824, 49.73640752663985, 1.7766318728060435, 2.2678493862168523, 3.90219290499073, 1.66047360159218, 3.747878725502407, 
2.6290766231122733, 3.5433237412805476, 49.67572376193192, 1.7764681582471162, 2.25277067857398, 3.9069464800376505, 1.6563735349002675, 3.733828707758884, 
2.628953545569153, 3.5425465191668906, 51.28394560003267, 1.7737385335681297, 2.2539931586929653, 3.9212010558086874, 1.65306257925205, 3.7364438659871446, 
2.629815593835102, 3.5486351371732976, 54.0490119228593, 1.7688154682172446, 2.242142801952282, 3.9110929381876374, 1.6541380472361673, 3.7513119196017337, 
2.639984786904124, 3.5534382889305305, 56.869592268382725, 1.7584633314255032, 2.227754073055009, 3.8869925222650803, 1.6584670349407562, 3.749881061989399, 
2.6610522896196795, 3.567799782479068, 59.769546302971015, 1.7575331234378722, 2.229389743674809, 3.9016767164544697, 1.657107725317422, 3.76158283537145, 
2.6620261550404836, 3.571469734748948, 59.462704726761814, 1.7668139663913263, 2.2388004550426173, 3.893893125440466, 1.6556915594860704, 3.7820129211269, 
2.6542964009763734, 3.572456683649171, 59.19289300924346, 1.7750319007229776, 2.249516176621529, 3.9057199372536697, 1.6526932075179406, 3.8012933521158203, 
2.661167625720897, 3.570494945789743, 58.709969640295206, 1.764831623560412, 2.243729713504733, 3.8937315484344674, 1.6527614593450908, 3.802918723837513, 
2.66033230461634, 3.5817607707482297, 58.34045958257293, 1.7651327818209621, 2.227237629204605, 3.8904302136789726, 1.6538676904751373, 3.7894359125706534, 
2.6488275307174236, 3.5703465614931424, 58.047326941797884, 1.7740271109366108, 2.2297522114090382, 3.9057733092946054, 1.6607107959475371, 3.8063521819151687, 
2.649103623977059, 3.57092416487253, 57.63228309639193, 1.7733218209403883, 2.235157970994729, 3.8962619692117455, 1.6583746233248564, 3.7977018847083315, 
2.6394145212830775, 3.555664775276468, 57.3208634770357, 1.7695175927206597, 2.2147707973680126, 3.8884491136368298, 1.6655719958057786, 3.8132512497795603, 
2.6373876414591635, 3.5555212587027643, 56.808700934737985, 1.7709261306347983, 2.209235947344441, 3.882402115573476, 1.6644466799238118, 3.8299132926253883, 
2.6303678649017446, 3.5457715769325824, 56.24096187966092, 1.7733588484354297, 2.214672447022873, 3.8881092928712095, 1.6623544951375449, 3.8421179447661364, 
2.6463701268553823, 3.5574467375289167, 56.78316392352705, 1.77750635501751, 2.21325951980232, 3.8766612001582708, 1.6627412444168448, 3.8286151038833838, 
2.6497823901729958, 3.5680830758204505, 56.59410800752363, 1.7758005044013743, 2.2118156569364977, 3.871172973900645, 1.6607381842380384, 3.807608614635249, 
2.646034543267111, 3.5633802449256695, 56.12259120492934, 1.7747327463960285, 2.2210407229853595, 3.8568719362234356, 1.6617794657795104, 3.810813661645595, 
2.645450833562847, 3.5665062142017003, 55.895766852384, 1.7868947885845685, 2.231084233683854, 3.859202351564747, 1.6713602939640761, 3.804698769950976, 
2.640430168472504, 3.5553613942057685, 55.30083924002424, 1.7842076065754773, 2.2208359154048294, 3.844555708191048, 1.672246841947105, 3.8061373249090864, 
2.6418634603780866, 3.5507496843056288, 54.90791915910454, 1.7866020468135944, 2.2351935617417276, 3.8530554744674705, 1.6789035977087063, 3.822065184570335, 
2.6458505660024247, 3.5543844650372587, 54.842182762155026, 1.785637521346843, 2.2305222581822783, 3.844801354971114, 1.678503259938154, 3.8119850704160596, 
2.647002744812705, 3.560874732808884, 54.88219153425132, 1.7858193266924087, 2.2319052852494523, 3.8487672665774473, 1.675465871905062, 3.801500778842209, 
2.6480333039995956, 3.5647068601336884, 54.58549187832607, 1.77959260622677, 2.22370864641454, 3.8369354569075296, 1.6795192348545074, 3.8335355091596726, 
2.6419436028134187, 3.5595127359984007, 54.12962926087446, 1.7755539618616953, 2.2183995303942616, 3.8446598351131223, 1.6800275805232743, 3.838911808460927, 
2.642177073931118, 3.5610226513808967, 53.874151247050605, 1.7760579029340369, 2.2140266291838246, 3.854742356508409, 1.6742622302043009, 3.8226350446132766, 
2.641638600650803, 3.560107503744605, 53.61175030691664, 1.7766682403873761, 2.2105456886817794, 3.849289145782772, 1.672727223739888, 3.806734767482139, 
2.648224381638416, 3.5562600131295485, 53.54960451764085, 1.7874889572967172, 2.214513596664724, 3.8526624497256226, 1.6744990953266863, 3.811377087291239, 
2.659556391075064, 3.5708815854447358, 53.25618574677185, 1.7904949225013516, 2.222974672063019, 3.8610949298609474, 1.6795381367915978, 3.8044505436406064, 
2.6578663898948056, 3.567681803505112, 52.88416628017147, 1.7874802373784338, 2.214612514381364, 3.8576539594450283, 1.6781250114899295, 3.7966754175680455, 
2.674885609446088, 3.5853517349348007, 53.41250169086377, 1.7773085961298634, 2.2070222484351696, 3.8477434188076423, 1.6738296196535511, 3.7910066365828596, 
2.6720964929351263, 3.580947898904701, 53.36188980566952, 1.7765627457618847, 2.205008191053271, 3.8462387737951627, 1.6753892306170721, 3.839985128711893, 
2.671142709440995, 3.589943444571217, 53.52136021357047, 1.7715572532410362, 2.204687538812472, 3.8479164070758642, 1.678601047215493, 3.835177473614707, 
2.6667356915058504, 3.583063438170905, 53.216291106846434, 1.7656133053717353, 2.2015760931254493, 3.841660260451187, 1.6764939515789823, 3.8296281160801358, 
2.6666111866562145, 3.5893999470532076, 52.901368002800794, 1.7636057629075323, 2.1966705214141116, 3.844964393571375, 1.6718001068130668, 3.816036092210643, 
2.6604852058466, 3.575090913301822, 52.49759466829566, 1.761094985942867, 2.197184888677691, 3.839026643726741, 1.668593635014031, 3.822658226641649, 
2.666052565853828, 3.569695952039808, 52.24672651875406, 1.7630856781766011, 2.2071746623038586, 3.846172628132639, 1.6659121108132684, 3.81202073117261, 
2.663110036738133, 3.5646052587960835, 52.02535367203577, 1.7691362043677383, 2.206063525948016, 3.8448820637968293, 1.668276117096945, 3.8174485662516453, 
2.6551783287967217, 3.560041889267591, 51.708985073458685, 1.774852750889115, 2.2109459976894166, 3.853190022510519, 1.6630855206372417, 3.815813525089951, 
2.6452186047365975, 3.547115755753323, 51.320940423973994, 1.7744149364025008, 2.205355054626558, 3.8582472750213688, 1.656333804894006, 3.8033476264913695, 
2.644617073800432, 3.5476869841227825, 51.357697962659756, 1.7746876475005704, 2.2031823824413337, 3.851923732082839, 1.6497726406126971, 3.794506046576582, 
2.6475131949051773, 3.5492498777241503, 51.294456297070774, 1.7724717379128647, 2.198524421469798, 3.861600888312581, 1.6558203032103378, 3.790416253089684, 
2.6456403752340845, 3.5445040252898883, 50.98203972935081, 1.7736113525052155, 2.195143075832939, 3.855678044774515, 1.6562958732284383, 3.793985792242337, 
2.6447509461906638, 3.539493528234201, 50.752364450488884, 1.7724785955477786, 2.1958950966820927, 3.859176524530701, 1.657037685597904, 3.798710582470398, 
2.646210811752816, 3.551230576644978, 51.65662446090737, 1.7704836411016622, 2.192511415648302, 3.857676495215387, 1.653296725693037, 3.7980742852070133, 
2.645943014052535, 3.54715624063244, 51.996799774920994, 1.7700921456253806, 2.1984066223301606, 3.853000000812989, 1.6502002055988045, 3.7816442404643644, 
2.6475787036603284, 3.54458384149822, 51.8907529812298, 1.7679220732842051, 2.195757900415822, 3.8478292538905325, 1.6559396488414388, 3.800317960731577, 
2.645431512178319, 3.543603806952416, 51.60704710010694, 1.7709675349679646, 2.191361530128054, 3.845797419203164, 1.6571125864654657, 3.812944840625165, 
2.644134407803163, 3.5347946888438764, 51.319177835346565, 1.7696516663655746, 2.195002334279172, 3.850019692337527, 1.651623278856404, 3.8068663951434507, 
2.643622370829972, 3.5304918604568516, 50.996334761486935, 1.7731783245479347, 2.1957716714857454, 3.860806377193583, 1.6475834771142155, 3.8015694080903843, 
2.6400373009365965, 3.5302079216679814, 50.68316223422515, 1.7892650895010294, 2.228169221995237, 3.874950842773054, 1.650696555437348, 3.8075840666687717, 
2.64239975293764, 3.52968005876294, 50.44173176208522, 1.7868088358447083, 2.229678724919676, 3.882076390648044, 1.649018464944507, 3.8032794364674354, 
2.6411344299563146, 3.5280282082216634, 50.17145287879953, 1.7837191250443953, 2.2281776238423188, 3.8704271233264023, 1.6454754102349751, 3.7954820316614946, 
2.6414642488207507, 3.5217660837502818, 49.86626722878415, 1.787754178299852, 2.2265302895722, 3.8703394608243125, 1.6465785666658674, 3.790858761606233, 
2.643403758158313, 3.5267210391305217, 50.02179368623259, 1.7958069547258217, 2.2318660282352423, 3.8775543428834527, 1.6474852318400988, 3.7903778887799935, 
2.6437804061624854, 3.5305073717803808, 50.493790028769276, 1.7921822915619225, 2.2405915395665046, 3.8860641459173215, 1.6480214456321616, 3.7940940361871305, 
2.649189968636444, 3.5420352188509097, 51.32940670992404, 1.7918839989654527, 2.240019109121667, 3.8793969657016265, 1.6520964546547896, 3.801065642768387, 
2.6491785080803765, 3.5432306553244564, 51.07747531256323, 1.7972455729586492, 2.2544855872931486, 3.8825778188725777, 1.651212901256444, 3.8062030850401625, 
2.6550107533268554, 3.551898495909608, 50.98827760907416, 1.7966897630981589, 2.2476977978960084, 3.8926101255054384, 1.6560710496211555, 3.8065749158105366, 
2.653760725595022, 3.551773518109724, 50.95111363250734, 1.7916361418177962, 2.240482261768904, 3.881680074184854, 1.6549630487009324, 3.801634631433698, 
2.647678737512112, 3.550626109100472, 50.725157111300355, 1.7938562741571344, 2.23963981075078, 3.874000526227309, 1.654885699434913, 3.80406936790402, 
2.6509518416755533, 3.5596686469221153, 50.89493665273243, 1.7952421344872302, 2.2331504763027734, 3.8624583194121547, 1.6530390774530963, 3.8000518984812075, 
2.6511247356453267, 3.558201617015745, 50.675384779216635, 1.796162458173646, 2.2306142385164467, 3.8595286108128626, 1.6492939034035032, 3.801224683667533, 
2.651137157372248, 3.560402358794279, 50.47674769507065, 1.7956748428897935, 2.230566403475216, 3.871786803061053, 1.6538729714648772, 3.802230716439722, 
2.647553878745627, 3.556110345582579, 50.29711422725647, 1.7978601692043743, 2.229819050288107, 3.870129819223269, 1.655262318461839, 3.8134380611373673, 
2.6548586300685613, 3.581175863171767, 51.36237207325445, 1.795497778166575, 2.2319717618876105, 3.8629538809330053, 1.6544882307663389, 3.809929159685665, 
2.6567803671167005, 3.5822117557561066, 52.05417884302847, 1.7959692297573566, 2.2341934482081003, 3.87392170153303, 1.6537172646205807, 3.8357642023415277, 
2.654739557492773, 3.5767002740944447, 51.888787524987784, 1.7945815790798638, 2.23340247463212, 3.8673412360087798, 1.6537555627283116, 3.838318138537628, 
2.6533354591168683, 3.572503427953384, 51.57467847220461, 1.7924275559998235, 2.2287691386700477, 3.8652337312153957, 1.6483325248693605, 3.8357141879677887, 
2.6475693577883677, 3.568100787014511, 51.382259075435044, 1.7922624479673923, 2.2265596591211296, 3.8630641381169015, 1.6459950784084505, 3.8292287634322495, 
2.6452411684211685, 3.573106995088803, 51.37512291415832, 1.7940608885472868, 2.2276240131530844, 3.8623856496441635, 1.6436680239028583, 3.82429000346298, 
2.642579251922976, 3.570373804388175, 51.179202273688816, 1.794997937048707, 2.237056318964423, 3.860458610378667, 1.6419439330660008, 3.8247105601293905, 
2.6464835080090388, 3.573471023395591, 51.30772380638524, 1.7956358856573422, 2.2301056397795462, 3.8625649843539205, 1.6385586164124297, 3.814506984495796, 
2.646442103726459, 3.5740436653658807, 51.134979498832436, 1.7944748108935429, 2.230128665034401, 3.8705742862948727, 1.6406655731141089, 3.817053878296225, 
2.6506746967213917, 3.57637915865233, 50.89531330955745, 1.797192315741978, 2.2323682919299404, 3.8707752965835986, 1.6378195102567654, 3.807383295967497, 
2.6483007665441667, 3.5649018702903903, 50.73628907188925, 1.798857156538585, 2.2317450778070578, 3.876587910636622, 1.6387480418980778, 3.8083189040926047, 
2.6384681464149886, 3.5551485256153623, 50.409154695414074, 1.802871030411334, 2.230769113094544, 3.8886216594357994, 1.6361759826128262, 3.803312088729974, 
2.6345115547751137, 3.5567960161416607, 50.34084968113655, 1.8006292613613128, 2.2333531011614447, 3.8801319583003613, 1.6340667918328227, 3.808876114439593, 
2.6311950613189, 3.546344352950443, 50.07379425910769, 1.8042085709153557, 2.2331962348382017, 3.8790164068239026, 1.6313971307886863, 3.800415153147642, 
2.6371570663093085, 3.5547254970715723, 51.21084514702728, 1.7997476064501292, 2.230564577193792, 3.8674030524704417, 1.6296436412587068, 3.8089483473065946, 
2.640514349018494, 3.557327959618218, 52.970954172318834, 1.807442407944846, 2.2284241780540874, 3.866906643444155, 1.6253242299892159, 3.799435101158306, 
2.6452204390474217, 3.5657323460101082, 53.56765449724972, 1.8062010632330454, 2.2274646168013157, 3.873012651204066, 1.6210325365765716, 3.79495539767037, 
2.641952165777486, 3.5591680891671835, 53.269170517169506, 1.8048667630872404, 2.2205370093797634, 3.872450497741964, 1.6186228869357513, 3.7913411142768023, 
2.638280602629754, 3.5519543754321554, 53.007087751639894, 1.798976102017255, 2.2180525534737563, 3.8680672056601644, 1.621389519670223, 3.78463142869935, 
2.647526554220103, 3.56973994712485, 52.94905837849003, 1.796355200705432, 2.2227342126218725, 3.880533933322166, 1.6196717873040556, 3.784633264027835, 
2.6478813364697675, 3.578650048409622, 53.52200465773499, 1.7917767470214543, 2.21985867505574, 3.8719174376030416, 1.6173148839214453, 3.777214974799222, 
2.6541134993599775, 3.589054768759891, 54.61120710665344, 1.7881656008882887, 2.208711700510451, 3.864242906685054, 1.616232533677283, 3.7783429306226872, 
2.656480866097963, 3.594370657603156, 55.15958978723459, 1.7870524045759208, 2.205791897590024, 3.866554145688628, 1.6172861979904196, 3.7876009053831736, 
2.6564542133214952, 3.5963072396581546, 55.14507613957922, 1.788312138178111, 2.2088687953615733, 3.867014419596161, 1.6127039264566463, 3.7785058976448593, 
2.6547635999600248, 3.59192265951109, 54.93016103723068, 1.7870958489569284, 2.2133032710811045, 3.8628840378100544, 1.611257507783018, 3.7788162932686444, 
2.6494884165014607, 3.588953299511032, 54.699307706974245, 1.7870111701383822, 2.210674526446782, 3.861636158165576, 1.6110574313487704, 3.7744626186425414, 
2.647891400534566, 3.584323259354461, 54.468965539500225, 1.7863734502105304, 2.2054373300216934, 3.8573892848164224, 1.6100112299026694, 3.768984390598973, 
2.6449669034827537, 3.581629721086634, 54.18422380356533, 1.7850248213208555, 2.2033261192166167, 3.856593607461682, 1.612651177665511, 3.764378619763899, 
2.641664390397294, 3.5789283049940943, 53.99852223168111, 1.786692380510975, 2.20119406517083, 3.849486319944252, 1.6120690019010853, 3.758118622523282, 
2.6395355416861994, 3.5748253575008655, 53.79177635000048, 1.795004452635986, 2.2032955297406414, 3.8736449234149126, 1.6148763937895456, 3.7647090898391338, 
2.6331102309274472, 3.573019426774141, 53.67391146405851, 1.7940416836392585, 2.2046719413675073, 3.874051261405262, 1.6153173941017411, 3.7598238382359903, 
2.6285429806051397, 3.5696941437078697, 53.46424354892599, 1.7979477589540014, 2.206979346525985, 3.8855873534507075, 1.6136111692172737, 3.7514293239357954, 
2.6270978332989583, 3.568817507305539, 53.30970587286223, 1.7944334079179356, 2.208618509335449, 3.875560593275231, 1.613593768243897, 3.7489076017093934, 
2.631771650922149, 3.573577758861306, 53.43824411524974, 1.7906961043008771, 2.205676452397801, 3.875072850732579, 1.6122395144043895, 3.7542456765949823, 
2.636201747802919, 3.5810619437752664, 53.71222704839294, 1.7877102496467785, 2.205625028283356, 3.8688559169436227, 1.6114067654409643, 3.7597617691891156, 
2.6381733952025432, 3.580707527414608, 53.91047233492282, 1.788917264682254, 2.2091428352278935, 3.8658731478738066, 1.611479451447082, 3.757434737957139, 
2.6379723665616295, 3.583711196326557, 53.78032825688823, 1.7892967741203996, 2.2131619303365895, 3.863126932330601, 1.6107913377205534, 3.758020376941944, 
2.6373503459762473, 3.5798485158951125, 53.54612096007197, 1.7912627934877647, 2.225432973535281, 3.878211638394267, 1.6109762584663334, 3.7621821927306596, 
2.6329399362784502, 3.5706263779033884, 53.28766448312583, 1.7873770475995614, 2.2223980201274114, 3.87571407554208, 1.6090616942823852, 3.7639448970930425, 
2.63530264149935, 3.5713955068691545, 53.516661338036954, 1.7887620921988494, 2.226442927068841, 3.898745751374346, 1.6105606232950265, 3.763779236659039, 
2.6340032592616063, 3.573150954017062, 53.32022819825782, 1.7891404982853387, 2.226140634366344, 3.8929636595711203, 1.6089531633117293, 3.7581278481839675, 
2.636130295341672, 3.5754972184630427, 53.325782020557725, 1.789351341073213, 2.2251480266701402, 3.894270682750861, 1.6082757633300968, 3.7544204846252325, 
2.6352576280976026, 3.5728047339609272, 53.433027875839194, 1.7920937919653992, 2.2351846953142918, 3.910074360296485, 1.6065044175211973, 3.7499827242935506, 
2.6346917220935198, 3.571925483777049, 53.295466732741836, 1.7929704557126283, 2.2371190233561267, 3.9098890999071414, 1.6065369309045365, 3.748159347748342, 
2.6360135016559982, 3.5767799127941298, 53.223692444323206, 1.7935040169112473, 2.2329747113297684, 3.905211105169994, 1.604683032670508, 3.7467187115900242, 
2.6371317016423372, 3.5799611237043876, 53.299208197252135, 1.7941774432144921, 2.233436632430468, 3.9021978707140343, 1.6064186593026586, 3.753509981528787, 
2.6380525125547285, 3.5840303399017897, 53.38235970615929, 1.7902133767415218, 2.2256206291003555, 3.892391473731992, 1.6059866395105884, 3.7494515388428615, 
2.6380049643567585, 3.580768834101311, 53.24206831735792, 1.789740006975277, 2.221052706517881, 3.8941177090619146, 1.6051981925745629, 3.747064934811185, 
2.6406891643532147, 3.585262533279476, 53.9489414089235, 1.7938817430158944, 2.2234022499580544, 3.9116157380243983, 1.6039524357260637, 3.7399911045542584, 
2.6368851064414427, 3.577197834663317, 53.82362888057242, 1.7942799576209263, 2.219770258372556, 3.920834564195878, 1.6048815207544525, 3.741769272410492, 
2.6352804144338298, 3.576818138939117, 53.764405702007494, 1.7967648651641905, 2.2234114146030133, 3.9390394581872172, 1.603788855487364, 3.7443844733381764, 
2.634013628880418, 3.5741764534030835, 53.5882257379725, 1.794695179286465, 2.2213940331372806, 3.9438722431085753, 1.6056703447737601, 3.7473503195440934, 
2.640183024231529, 3.5790992822147816, 54.193568127975226, 1.790778162572425, 2.2224034975994478, 3.9416187326680556, 1.6039346555370915, 3.7447241503388433, 
2.6424104214147714, 3.5842237932914958, 55.61548480005946, 1.7919241806443218, 2.221574145649551, 3.9412225898684685, 1.603233265426846, 3.7547244135653504, 
2.643981881037753, 3.591623541175204, 56.3354596530339, 1.7915549273816052, 2.221822613824728, 3.9376719373876967, 1.6043715900533662, 3.7601760768701356, 
2.6422737107579546, 3.5910660194349964, 56.13721174100956, 1.793853425117664, 2.2213626237614204, 3.931663573608989, 1.6048978536824292, 3.767919931839444, 
2.6401544768960044, 3.590025795515241, 55.95282113192988, 1.7943034111333735, 2.227703970571403, 3.942363770049056, 1.6047116713453768, 3.7625437557818056, 
2.641920859675626, 3.5926859221427723, 55.95038625540858, 1.7930877607773474, 2.2272140092865147, 3.9414390122360343, 1.6048350265913613, 3.763184294062299, 
2.641388295493543, 3.5965666187350838, 55.786815544502325, 1.7942075247107832, 2.2298156473103092, 3.9401972071154003, 1.6071969525692045, 3.765308701353567, 
2.6409954295805416, 3.5944906004447748, 55.57502992769341, 1.7914826887206436, 2.2312084518291098, 3.938058335756907, 1.6072577571503828, 3.766966913953398, 
2.6395888441700928, 3.5913340181819504, 55.3372255549271, 1.7892842644542843, 2.226002664018158, 3.9363750583312105, 1.6070449777393052, 3.7654502861754517, 
2.642238537708173, 3.595314495228998, 55.214665522450176, 1.7918196450569455, 2.2258031348258003, 3.940574140063334, 1.6070756487579638, 3.7630393543687384, 
2.643709010226312, 3.5931610451027582, 55.05850967154954, 1.7936496594463605, 2.224743382433159, 3.941235101507439, 1.6064478653154433, 3.757328175266241, 
2.6474713428668633, 3.5943194587588794, 54.986638198097225, 1.7959791944430121, 2.231105364297135, 3.938987220085674, 1.608121619887427, 3.764851565578464, 
2.64591157990295, 3.591719289199717, 54.81541256491303, 1.7984493769796956, 2.230866823851695, 3.948545977474465, 1.608351961346599, 3.7642234005147492, 
2.6443116913493436, 3.5923907484480613, 54.62406700293677, 1.7973064591540808, 2.2253820508437885, 3.9454770178533427, 1.608223367305839, 3.761120742840484, 
2.644482356601007, 3.5974391945992656, 54.568858596481014, 1.8014241577592809, 2.2248003114157693, 3.9464353457911265, 1.6078893860483683, 3.7665892980226836, 
2.6433132540208977, 3.5919754942034925, 54.37542407292453, 1.804138809997746, 2.231222390960985, 3.9576338858802456, 1.6110993067493227, 3.7654495802613335, 
2.642912992993963, 3.593833493437049, 54.23996037457634, 1.8046329741197642, 2.230957150681155, 3.9659191172528434, 1.610208719411956, 3.7613162918797993, 
2.648313888398636, 3.597530627918495, 54.425244628261886, 1.8040511391819805, 2.2279907564086194, 3.9657010427871415, 1.609844211292151, 3.7708984303087787, 
2.6453648103091494, 3.5932826430138873, 54.19362359983904, 1.8052168860264115, 2.225846231469808, 3.963797743037535, 1.6086952466907662, 3.76831660628288, 
2.64129229074034, 3.588563142557568, 54.03759903722411, 1.8046378936630971, 2.2227084598691196, 3.960928766030656, 1.6083198911317722, 3.767629732817438, 
2.637355052391705, 3.5803094803618456, 53.799111710910296, 1.801141160075702, 2.2239396077117486, 3.955417306704578, 1.6043236498368185, 3.7645735215202523, 
2.6397889372282997, 3.5801633760007423, 53.7389147028746, 1.8008755522163244, 2.220297121335439, 3.9517460602513603, 1.606521512178901, 3.768233555440589, 
2.639606132825444, 3.5822740964748867, 53.64155733909044, 1.7981593865271168, 2.219065340758154, 3.9464370176628063, 1.6062618736888195, 3.7690571621650006, 
2.6396059383772568, 3.5794248935877815, 53.52586371817902, 1.799088743703028, 2.216923834041295, 3.951114627168845, 1.6086260487566115, 3.766378181215513, 
2.6392242846720655, 3.5799661855610236, 53.53802559559158, 1.7968728521171389, 2.2229891711672694, 3.9485088460530373, 1.6070722002011857, 3.7670141808147264, 
2.642199945209249, 3.58617528787447, 53.58044026876005, 1.7956810710990196, 2.224901109349208, 3.944113966515348, 1.6061803064428781, 3.7687242801920573, 
2.6420438382084575, 3.5864567544798205, 53.6015134163248, 1.7970508201468418, 2.230229578558941, 3.9422226739596065, 1.6047636622993346, 3.7619677414897668, 
2.6456056812314808, 3.5927685655465247, 54.042514213530765, 1.796417544730221, 2.227336620073689, 3.939373998474194, 1.6062464006975758, 3.7657387704234586, 
2.6447030387900567, 3.5935036948748182, 53.88502625379394, 1.7960121443835295, 2.2248031969196513, 3.936082774380456, 1.6102516907083573, 3.769017670871807, 
2.6485379234323867, 3.597623224207928, 54.01440616756216, 1.7967417003045754, 2.22404016668252, 3.941964713034527, 1.6101958477906693, 3.7794856024691543, 
2.649120746429595, 3.605788018150288, 53.9322070095045, 1.7963496813891806, 2.2232093187123394, 3.9343381588677704, 1.6084188402717876, 3.776315195020106, 
2.6505642635854323, 3.606142761009282, 54.034030267159515, 1.798565417947786, 2.2240257140887265, 3.929329551295346, 1.610318748786173, 3.7795436850613777, 
2.651334312558017, 3.6091711737663994, 54.03100453867333, 1.7979345467540364, 2.221683972392483, 3.9271335465183808, 1.6107635787919563, 3.7786789030886254, 
2.649938595706185, 3.604488571601776, 53.89613012647715, 1.7961797202904681, 2.2181283464545554, 3.9207965797034197, 1.613667924269099, 3.78520835674482, 
2.6475306504437057, 3.604432924581686, 53.76158803626564, 1.7974958225204691, 2.2145880497052186, 3.9185096931369343, 1.6138964073532767, 3.7871373115201417, 
2.650116299962764, 3.6090326785281337, 53.81220226009554, 1.7949309815489844, 2.2100827047128364, 3.913625446726922, 1.6127015713080775, 3.7827488511930576, 
2.65298480520503, 3.611189595121365, 54.36224942188875, 1.7949728888463832, 2.2109933182603965, 3.9128026727668352, 1.6130093996388057, 3.78161390504249, 
2.6543955887089306, 3.613133624219619, 54.63689968252376, 1.7957292016871118, 2.2079823966447045, 3.909272716302794, 1.6102800565825832, 3.775434011188828, 
2.6546623448949886, 3.613930920658778, 54.661772516708496, 1.7975806163647803, 2.2076989871543193, 3.9108422076314344, 1.61056695117625, 3.7737330674620972, 
2.6536059618579335, 3.612637305774327, 54.58947956291275, 1.7976125993744028, 2.2075450687968377, 3.923365293005069, 1.6111822421347923, 3.772191138896972, 
2.6516131331533277, 3.6110611031902624, 54.425021319809346, 1.7963706717302803, 2.2046067539815684, 3.9206821034495354, 1.6112369264418804, 3.7672785909040707, 
2.647590999628772, 3.608717116218779, 54.271515765927184, 1.7980339015547169, 2.20304186655715, 3.919155287356647, 1.6109008170135661, 3.7666500242101804, 
2.6525620493414377, 3.617394662963372, 54.667631446439565, 1.7972803423673216, 2.1979516144677897, 3.915703683022377, 1.6133618101489005, 3.769163046668549, 
2.6538526569117975, 3.616285331329631, 54.76858674324201, 1.7962131750507981, 2.199122167478201, 3.914812430332383, 1.6120327925047442, 3.765770514650482, 
2.6525559076998992, 3.6149406934902624, 54.682203891923045, 1.7942646087919405, 2.198014684668465, 3.9147815572184355, 1.610980439971502, 3.7631021727977125, 
2.652205989509874, 3.6078646193808783, 54.53796873722594, 1.7931192698531788, 2.193996480828258, 3.915542900119007, 1.6108292204295822, 3.7645086512670143, 
2.6548044776745963, 3.6041906943600655, 54.416125825665155, 1.790787468037885, 2.189293580173985, 3.910546447025007, 1.6106570323096436, 3.7667568517198515, 
2.653015113880705, 3.599519605735554, 54.23967463067658, 1.7946642070680778, 2.1980247627028224, 3.9136494540795828, 1.6097903791585382, 3.7642754264273233, 
2.6502901818662057, 3.5962944151518874, 54.05862052952439, 1.795566628039077, 2.194551827138198, 3.908689510141408, 1.6090525204920745, 3.7607191387242707, 
2.6505199880549393, 3.5982432815944927, 53.9955295224212, 1.7972108846836667, 2.1966741938445353, 3.9119817695398535, 1.6087006771279861, 3.759114032261883, 
2.650877906125733, 3.5991255572142986, 54.05988439984828, 1.7972962716357674, 2.197236973283009, 3.9109902841650106, 1.6090562140549942, 3.76437250673228, 
2.6528759263417623, 3.599826419314218, 53.98394472416387, 1.796438959790104, 2.196705877160759, 3.9085170906659186, 1.6093391229958618, 3.7682642698233004, 
2.6521007529149916, 3.602056617315392, 53.880929188938644, 1.7994360282080422, 2.1935866726614055, 3.9073105265083528, 1.6100876214045143, 3.7716131081701287, 
2.651935247212726, 3.5998978513164976, 53.72160770230585, 1.7967737015323046, 2.1932941327623063, 3.902291389470428, 1.6108461394978069, 3.7694980750627036, 
2.6536841613321145, 3.5995951817034797, 53.71752334491536, 1.8031272607259106, 2.1946965244413907, 3.928336120669464, 1.6089360996823483, 3.769161556533315, 
2.6532625206989886, 3.6012772786725087, 53.736822184775775, 1.8052379728774326, 2.2010243425909244, 3.9314394409837803, 1.610088110511334, 3.7940163482266898, 
2.6556742412875227, 3.602917160660919, 54.00244812116802, 1.8062920902321138, 2.2049786458555127, 3.959505896055792, 1.6097103866421347, 3.793154711484019, 
2.6546143110317035, 3.5996625877373423, 53.97604086707734, 1.8071902478891864, 2.205961415416023, 3.962344305169802, 1.6106875214397185, 3.7989732088400707, 
2.654847777153193, 3.60307485389252, 54.04152152443813, 1.8051149060489613, 2.2044483098110508, 3.9585189670971883, 1.610132030641184, 3.794336884037116, 
2.653522007643986, 3.6031732518644755, 53.90393387604345, 1.8036806014187277, 2.2042460547807963, 3.9553040494691176, 1.6084659373744472, 3.7883938441970177, 
2.6511309234054736, 3.5997082939104774, 53.782502361212096, 1.804821509509141, 2.2052887970608195, 3.956613490777301, 1.6069270938580171, 3.789678749034252, 
2.6466323758142636, 3.598381338519353, 53.63148054029214, 1.8042198306952444, 2.2022415840888585, 3.9516360089175455, 1.6090608966264932, 3.7886989533593827, 
2.6459830294057, 3.5980191283753267, 53.48037206623772, 1.8058425729814729, 2.201386600856617, 3.9465227993543817, 1.606730903340808, 3.7869569013312705, 
2.6447674013592115, 3.6011968156316776, 53.38283367991965, 1.8058803443808744, 2.2042955004794447, 3.9524959176676404, 1.606966517572648, 3.7831562261736407, 
2.6417651155050432, 3.5970489678221846, 53.22327761640975, 1.8061976591117497, 2.200848610792088, 3.9563741755969803, 1.6046858294535566, 3.788092397812979, 
2.643564180206097, 3.601045025247039, 53.11580378463995, 1.8074712518001226, 2.205125061792478, 3.964110513473231, 1.603190919344007, 3.788515582468049, 
2.6407895607432734, 3.5969794043589616, 52.95858742228777, 1.8052153573663665, 2.201930382240982, 3.9583046703649334, 1.6046628376730738, 3.787714045823706, 
2.638941399945094, 3.596734231662152, 52.917222812668896, 1.8039284917520568, 2.200870128686895, 3.957760351031193, 1.6028708256270559, 3.7855770804110613, 
2.6393115911171066, 3.597420626748035, 52.80760094971319, 1.8044541143677861, 2.196644400142555, 3.958217687167341, 1.6026005443811617, 3.786746108705348, 
2.636573714505193, 3.595445337429386, 52.6894711121072, 1.8051280812512935, 2.1944121011344113, 3.9559774395818676, 1.6035299813653214, 3.791877272280818, 
2.6392548242661307, 3.594352805405818, 52.74258244396816, 1.8037454058697069, 2.192913141715383, 3.952748613241701, 1.6018587100883939, 3.7880438832614973, 
2.6374529717294513, 3.591496984731888, 52.585738028765626, 1.8028825748500925, 2.1933135317739008, 3.9553262809248424, 1.6004346057587817, 3.7902494038604093, 
2.637195569357367, 3.5917522850789196, 52.52509685654128, 1.8029723098124573, 2.190396727217591, 3.9547376511953756, 1.6001036074341646, 3.78977893116487, 
2.6400466682712005, 3.5947961416036196, 52.64058315799283, 1.8030014909314, 2.190391417419247, 3.951312930670187, 1.5997013806393778, 3.7901405357600444, 
2.6408989449535403, 3.5982949323374687, 52.612885822868, 1.8018224720010354, 2.1894902311659563, 3.944700956199314, 1.599697056197256, 3.7931055079933276, 
2.6415625522461594, 3.6004465335053486, 52.61302389473966, 1.800490817450827, 2.1929316853873795, 3.944703962456976, 1.5980739934587207, 3.792873300275055, 
2.641589693524759, 3.5982563419318168, 52.539272753984854, 1.80061331439782, 2.193747423519693, 3.940019427749888, 1.5987450628959587, 3.7940979691160814, 
2.6391373221416745, 3.593332736847408, 52.39212109380542, 1.801297392709896, 2.192099885889301, 3.946442818698681, 1.5983986515700355, 3.792090227887756, 
2.635645921347134, 3.5905353710405015, 52.22484710445777, 1.8016831942583846, 2.1916680367745855, 3.9458908963036072, 1.5994139595332237, 3.7918798025675478, 
2.632780408148625, 3.5871579875081783, 52.079293919214855, 1.802052254911066, 2.192982225970663, 3.9459148159470527, 1.6016635790550164, 3.7954440893450827, 
2.6343363976876404, 3.5883604621839873, 52.194552650968284, 1.8001474161864337, 2.1902919624788915, 3.9414026054647726, 1.6019416149703218, 3.794009505861345, 
2.6344170187339353, 3.5887807117243717, 52.14329906843794, 1.7999888810865896, 2.187896099619233, 3.942821048981915, 1.6003168463131412, 3.7902540779778326, 
2.638774778272395, 3.5960958416192916, 52.15271870246451, 1.799079096272769, 2.186774067623002, 3.941991688280973, 1.5983876552396403, 3.7844588852832777, 
2.6388656371157517, 3.5978095449381176, 52.05284832307594, 1.7989003502062402, 2.1842926757443832, 3.9418206114104333, 1.597386308487961, 3.7795592532482454, 
2.637407389173105, 3.6002575540450814, 51.97292342340633, 1.799012256756554, 2.1848807924655524, 3.939577077361581, 1.600776336855985, 3.781518236036434, 
2.6384130631944056, 3.60244356556286, 51.91638429381132, 1.7994722230730071, 2.182011257460204, 3.9418456126582146, 1.5997096793592742, 3.7781223975650553, 
2.63883459326135, 3.602939109732233, 51.982159839370524, 1.8004121322592654, 2.185695295563377, 3.9453371397724752, 1.5998772924252616, 3.7783578514524074, 
2.6383745666186833, 3.599043335780433, 51.910204142843796, 1.7990232174435112, 2.1847535369031266, 3.941774570212432, 1.6005193771683583, 3.7818437638068287, 
2.638694471019371, 3.6027728045330343, 51.80192227182733, 1.7981764052031706, 2.1827379414587695, 3.9375659251982342, 1.6007882070550883, 3.7849392918435227, 
2.635774538283536, 3.6001366771864984, 51.66510645681751, 1.7969159842630624, 2.183439812720637, 3.937344691901516, 1.6003949485204687, 3.781126784143031, 
2.6349944384448802, 3.6001065563252688, 51.621934426929926, 1.7953451782661016, 2.18287197433661, 3.9346372945764445, 1.5994706538655536, 3.7783576067528046, 
2.6353815441653694, 3.602111161817364, 51.58344175739435, 1.7958917457574315, 2.1853641712712064, 3.9323103754891577, 1.5984003204691788, 3.7801834732590964, 
2.6330797420437353, 3.6039472636061216, 51.51817300546388, 1.7960421830335436, 2.1824434103164716, 3.931742637461995, 1.6005301378627745, 3.786053590527713, 
2.633003378996627, 3.6021276697926203, 51.43710683041252, 1.7975144527888873, 2.1836330365380756, 3.9270549284962786, 1.5997405299625056, 3.7859462640992425, 
2.630851482075292, 3.5993127966883285, 51.30133813338873, 1.7965642749436148, 2.182191443970269, 3.924774083610364, 1.5991901452229824, 3.7836509399823877, 
2.6289454573011692, 3.5980827457627074, 51.21282471172778, 1.7971386628030301, 2.1820509378324138, 3.9317548188220717, 1.6004994741615182, 3.7814004240390937, 
2.6300972813460515, 3.604150821229873, 51.3358515403633, 1.7973222260048625, 2.1852998202220695, 3.937471411692207, 1.6011111382723384, 3.778953254384798, 
2.6324049287076106, 3.6070203205723788, 51.628525308979256, 1.7963311853944666, 2.1835559060175154, 3.9333278833278564, 1.6030660271761645, 3.778321491415179, 
2.6329025621706954, 3.607016335305723, 51.517799090841045, 1.7982221766132664, 2.1914877986667345, 3.9447364711596653, 1.6023664611271764, 3.780427101370584, 
2.631786929420282, 3.607199414858049, 51.40869993899995, 1.800651486372252, 2.198107418590018, 3.9528764949038426, 1.6016016332990402, 3.7777420019758337, 
2.632926785742927, 3.6092368723614676, 51.40218892603522, 1.8000968951352248, 2.1962570875987977, 3.950479573308336, 1.601054577679666, 3.775344468109208, 
2.6325152546082706, 3.610010159497467, 51.63003357585258, 1.7994979944369995, 2.1954799990457685, 3.95116994019931, 1.6004831192741806, 3.773168958734909, 
2.6327669990613973, 3.6077738232531704, 51.59898330506414, 1.7970379175762123, 2.1929506054134116, 3.949779208199321, 1.6018654958858023, 3.7714806153596725, 
2.631856395090352, 3.6085009865084436, 51.54280998499471, 1.7982965491117726, 2.1991170896739143, 3.952883187086497, 1.6029991802060204, 3.7695432297594604, 
2.632572730136362, 3.6083351820555167, 51.514654930031845, 1.7974551961407297, 2.198337837010721, 3.951556810225946, 1.6025462058424504, 3.766877868006044, 
2.632365340534116, 3.6115522055183296, 51.43082016332483, 1.7966649369835985, 2.2005954093102518, 3.955074714174581, 1.6002371824258568, 3.7619175271404535, 
2.6315752055889767, 3.6122887457233044, 51.30050542102521, 1.7947938685495566, 2.2004424980891386, 3.9512204167873533, 1.5978159745272584, 3.759781650203973, 
2.631171286345244, 3.608561325111073, 51.203468584875665, 1.7933500151174235, 2.197828190224702, 3.9474225615564587, 1.596680478859102, 3.756718367333279, 
2.631628007111579, 3.6115806198368867, 51.13827044100807, 1.7911981255159914, 2.1979847416482, 3.9454695512264855, 1.5983422488676353, 3.7622886754414457, 
2.6304547207221485, 3.6118093992731652, 51.07288948281892, 1.790153958634063, 2.1976207849177603, 3.943484076577749, 1.5968687142180948, 3.7680365516728536, 
2.6292734218296543, 3.6083140512612113, 50.95723396893818, 1.7907470771901683, 2.196579737853811, 3.947896273441684, 1.5975372504614516, 3.771841061257965, 
2.6280990794380488, 3.6039598574225367, 50.84834377014928, 1.7909299399714733, 2.1948470440824797, 3.950084681515239, 1.599493054216286, 3.7717774482030255, 
2.6281096744785937, 3.602744488298826, 50.736531509688064, 1.7897573981374217, 2.193196481528563, 3.949492316281018, 1.5991702096293923, 3.7721231157884008, 
2.6271202207349087, 3.599023479628891, 50.601641702018995, 1.7879775076002051, 2.194613848752453, 3.9508618401390447, 1.5987398709684368, 3.772158392308265, 
2.628058145477126, 3.5981406803285756, 50.5099380342637, 1.7873383152353348, 2.1954176809294004, 3.9573316511554215, 1.5996596274195893, 3.774969329613644, 
2.6270034694368047, 3.594103695641026, 50.383443306208854, 1.7859715665153502, 2.1954729252968797, 3.9534070237234245, 1.600185669861524, 3.774096032373847, 
2.6266799225879, 3.5951815797343625, 50.294612110889936, 1.7853804429623883, 2.198182111431327, 3.951780825507258, 1.601580881030834, 3.776295550929537, 
2.6264675295889583, 3.59464968402845, 50.1771496855765, 1.7840840495749881, 2.195860760564144, 3.9525640024791824, 1.6023397960374597, 3.778869831016494, 
2.6251841511567404, 3.594768694150238, 50.14137326059515, 1.7832164059020053, 2.1981956857171108, 3.9508918463665395, 1.6028807503484357, 3.777666469637214, 
2.624352196805194, 3.5941417575142034, 50.093698529777825, 1.7836306259382784, 2.1971332849624563, 3.9468961026400744, 1.6019775161873657, 3.778253040990945, 
2.6259613814436222, 3.5945535081042905, 50.12488211991055, 1.7831880636931665, 2.1970290274409625, 3.9448541026019317, 1.6015010321431222, 3.780482155669126, 
2.625106266416447, 3.5924644365278544, 50.11309333473239, 1.7863725588765555, 2.2012606081298305, 3.9482692980260365, 1.6021659684820182, 3.781715729746365, 
2.623377122264285, 3.592236850509981, 50.03598774708024, 1.7858881214580506, 2.200581099973637, 3.945134680063151, 1.6001000895934816, 3.781463165293844, 
2.622709397587718, 3.5900294097381455, 49.94799166726218, 1.786947071785711, 2.2020228739291965, 3.945115841691145, 1.5989410579158017, 3.7788782649597494, 
2.621850279494195, 3.588727753991731, 49.89443341553711, 1.785663256147314, 2.200951153690859, 3.941500498248035, 1.5979621674734377, 3.776920313455597, 
2.6206709705926183, 3.588020763211701, 49.823144555519434, 1.7855209693899303, 2.2024702976903963, 3.9469180275430635, 1.5971184725528476, 3.7772372900328457, 
2.6232293321761535, 3.589943018225267, 49.92259327267956, 1.7858222502139636, 2.200639138266813, 3.9464800584643447, 1.5971477352683834, 3.777461854049572, 
2.6229408701459436, 3.5890518791658432, 50.164311929619444, 1.7868523152484765, 2.2006967174986003, 3.9567340536097704, 1.5967361211634041, 3.776660824417103, 
2.622563630555109, 3.587784825575058, 50.08394278999934, 1.7863055044306304, 2.200189990802342, 3.9573809664696564, 1.5970334189764899, 3.7778997596820854, 
2.623028306942157, 3.5911222585042375, 50.02852289920065, 1.7845961250287206, 2.1997246432069706, 3.954463527687426, 1.5962734793662652, 3.774321415113571, 
2.621817864588123, 3.5880555770271667, 49.93318379608368, 1.7836756903147162, 2.196797719730696, 3.948575823001051, 1.5936879838355675, 3.773280154966251, 
2.6226883617095353, 3.5905231648399747, 50.01829567462967, 1.7855498010325717, 2.195186857126095, 3.9482143345663117, 1.5947301713070758, 3.7722597034464176, 
2.6242082305912846, 3.592029054879083, 50.17755255569916, 1.7861922456540293, 2.1968068844749675, 3.9521859458007023, 1.5961697842294824, 3.7715080422820066, 
2.6238078657627124, 3.5900067833954252, 50.0884406772062, 1.7861696378554568, 2.1979150480036127, 3.9580190965553843, 1.5962176970106723, 3.7762770983645426, 
2.625083001380981, 3.5907230344809453, 50.076819996488375, 1.7862573818848366, 2.196255454844246, 3.9574459415632046, 1.5965391761590837, 3.7759348834670297, 
2.624179344023896, 3.5882571494577222, 50.01690304741731, 1.7861792979405178, 2.194724930198834, 3.9617475557881168, 1.599258756739296, 3.7793606840332807, 
2.6248803313049356, 3.5943891004200816, 50.085814144148266, 1.7870391913196118, 2.19423973059579, 3.9627739681463368, 1.5977449883878783, 3.777581908031018, 
2.6249435301894906, 3.596527952203655, 50.06733579134895, 1.787402454342867, 2.195370050400278, 3.960767124777865, 1.5972732905716074, 3.776306945300183, 
2.628159968387281, 3.6012355588230642, 50.06970435983609, 1.786327621508491, 2.1909996033038026, 3.9589587934436836, 1.597864811468778, 3.7740952983467, 
2.626779186019617, 3.5971061358602787, 49.969879403874344, 1.7849689198710608, 2.189625175039683, 3.9585331853902503, 1.5978086192288516, 3.776549891929425, 
2.628172986576125, 3.5966752517579135, 49.973775439526456, 1.7863977216145461, 2.1894674782188055, 3.963782148471926, 1.596591391554571, 3.7767366757723972, 
2.627565513025917, 3.596663303043154, 49.962668011936486, 1.7880344776294532, 2.190992392841499, 3.9698037125802688, 1.5980608510891354, 3.776060960815582, 
2.62719186470747, 3.598744552529876, 49.99621668613616, 1.7862364315255561, 2.187999656998572, 3.965455755881585, 1.5989944484960803, 3.7761892229737275, 
2.6293963763615222, 3.6024888122610927, 50.0150250317802, 1.7855687178726911, 2.1875647481447755, 3.9608682985520556, 1.6004494549343473, 3.7751513387342044, 
2.6298312807165494, 3.6035430782355613, 49.978635897239336, 1.7855028094488028, 2.18630387777291, 3.9583160022945307, 1.599334536484775, 3.77368055691627, 
2.6296752325861075, 3.607188428190235, 50.02332949317566, 1.783147352160338, 2.183349331290769, 3.953923362460219, 1.598665103182945, 3.7721035669097, 
2.628635041659427, 3.610244135762307, 50.00614373171897, 1.780856212308794, 2.1858763467406965, 3.961425683132935, 1.5990828905943213, 3.7728074995284495, 
2.6270784654385575, 3.606770791381543, 49.92209995443533, 1.7803849857717673, 2.1829444898132313, 3.958514433929859, 1.5991709768301172, 3.7735049471458812, 
2.6271418742730193, 3.608824588458034, 50.05594845800052, 1.781838258150302, 2.181596262770191, 3.9564050431705264, 1.6001092423465066, 3.772606769872684, 
2.6283857683324205, 3.610502490642336, 50.06016948411978, 1.7838588818969332, 2.186375329279294, 3.9639835049086614, 1.601579738001702, 3.7730170016112323, 
2.62770657274705, 3.6085184942058635, 50.434009683982346, 1.7841800590381078, 2.1831885920189555, 3.9611566591422243, 1.6001938882818083, 3.7695062280160374, 
2.6285024382944693, 3.6111953663139573, 50.57232786591496, 1.7835369669062375, 2.181492470475826, 3.962381100539783, 1.5989575092596864, 3.7664940017763344, 
2.632230277755146, 3.613947642644739, 50.99197059259188, 1.782887461181313, 2.1809038304030355, 3.963074562411528, 1.5972856861427926, 3.7654555612804237, 
2.6354270249900322, 3.6177895868877665, 51.04351138818096, 1.7827762966027147, 2.1798887232944484, 3.9624063382639485, 1.5967621174594555, 3.765942079080698, 
2.634833823055056, 3.617068275036438, 50.942027757076815, 1.780987796344749, 2.1790459129146424, 3.9608837601069524, 1.5963176247493587, 3.7615378488341653, 
2.634808793068935, 3.6179175208774166, 50.86872942832481, 1.7804602098742321, 2.181390996779774, 3.962009537514619, 1.5967895956521667, 3.7604991787574744, 
2.6361460754002444, 3.616279201763784, 50.965358146889514, 1.7815609632761806, 2.185765654617515, 3.96621099326412, 1.596814502016199, 3.758123814477855, 
2.6362226387054295, 3.6166496392957135, 50.90150229947946, 1.7809875759849079, 2.1842525117083906, 3.9629669087142982, 1.5961562705005348, 3.756826891431872, 
2.636363594532135, 3.6185613992649697, 50.95964241444258, 1.7803844039315397, 2.180928209305643, 3.9623467911661203, 1.595265283967751, 3.755323374468194, 
2.63843052644754, 3.6233479678572103, 51.062134875830786, 1.7812757875954186, 2.1826576936695785, 3.9663838076958777, 1.5957813959447142, 3.76083417931328, 
2.640962937044699, 3.6237230016643083, 51.23180285879444, 1.7785435530308509, 2.1845031140754205, 3.9643843162451473, 1.59465774726531, 3.759560827404205, 
2.6400286585082697, 3.622102321342906, 51.31385173364443, 1.779842851678524, 2.185535842503481, 3.964538387953467, 1.5944367322233148, 3.757299814163645, 
2.6393801279088644, 3.6205585340226407, 51.22922598689785, 1.7787358959503323, 2.184795603900414, 3.962761706136871, 1.5948126721293936, 3.757271297687448, 
2.636360399937699, 3.619025439278545, 51.11558865729548, 1.7770669912036199, 2.1823670489378926, 3.9585546955494872, 1.5951422855644048, 3.7577265663404047, 
2.636141161165029, 3.615704480571246, 51.04486302284773, 1.776486075401708, 2.1819168255598704, 3.95465462118816, 1.5952532126273593, 3.7570509451716596, 
2.6377642676793123, 3.61690238136711, 51.20386113255151, 1.775540325706093, 2.183121102424523, 3.9534295378732, 1.5959706111569123, 3.7561012081646328, 
2.642952899166359, 3.621222430566126, 51.59951431156607, 1.7746426923048562, 2.1830066730629247, 3.9523039037544105, 1.5950288714506364, 3.7572535567020027, 
2.6423065687933036, 3.620484409120782, 51.54660391382853, 1.7753776956265293, 2.1843296315429983, 3.955237777073936, 1.595852883840803, 3.764655391300164, 
2.643567738295422, 3.6238334729730726, 51.55131885064534, 1.7768785668485667, 2.1862906835255767, 3.9605916240978662, 1.595617744533425, 3.7661249972032085, 
2.641758748703155, 3.622400007137389, 51.48957624217669, 1.7762289596489502, 2.1861267651771628, 3.965136415153795, 1.595886535602349, 3.769873780595247, 
2.639425337192777, 3.6203175866108817, 51.38190580681323, 1.775988002504174, 2.18342316849023, 3.9621012671918674, 1.596023454842522, 3.7706756515365525, 
2.6398167410206548, 3.621480624345258, 51.34601692015577, 1.7762529577705974, 2.182387388081757, 3.963017213729156, 1.5961885106019709, 3.7687731762242613, 
2.641808920443901, 3.6250469141737978, 51.375307028731584, 1.7769836751064967, 2.1848491418242197, 3.96385405477143, 1.5978226915556555, 3.7687692092729073, 
2.642869067525214, 3.6263048708544297, 51.77702680811873, 1.7756190123073985, 2.1860354228917176, 3.966962371374732, 1.597715675979881, 3.7696590727860584, 
2.6430535020000754, 3.628670327618878, 52.05016631206199, 1.7760031465535975, 2.1886530069332655, 3.9665718217400876, 1.5986006419953374, 3.7698990594001662, 
2.6410593779406297, 3.627702763469425, 51.964564952586194, 1.7749184082338567, 2.18688189478861, 3.9606604392448808, 1.598613719066013, 3.7694047087685516, 
2.6426808886627495, 3.631059049967787, 51.90700353421163, 1.775394504141799, 2.186949749247776, 3.9634931676044625, 1.598088465419112, 3.7672433151833578, 
2.6437992342607655, 3.6330587375720493, 51.83245572411843, 1.774941196390394, 2.185950852240821, 3.9614390060897122, 1.5973115539612672, 3.765629103119808, 
2.6421906254960232, 3.631408964963505, 51.74258137960386, 1.7733585325122811, 2.183593436291514, 3.9569731144550495, 1.5987749797870308, 3.7703382062835282, 
2.6408826522889663, 3.6284488953461858, 51.641627565799205, 1.7726779252974536, 2.181738301632385, 3.9552127939121813, 1.5982131306837313, 3.7674602221544755, 
2.6402806841863717, 3.6282265459271295, 51.554873130191794, 1.7736486873100652, 2.18339094987704, 3.9568550870603745, 1.5970449668910918, 3.767198362462012, 
2.6423842988112822, 3.633117152586614, 51.8225609650588, 1.7734928092693103, 2.182353533166556, 3.9574029886383824, 1.5962650801490714, 3.7662971974882584, 
2.643412922489206, 3.6350601302561745, 51.84486308518573, 1.7719454173161395, 2.1801492611870916, 3.9532885342565147, 1.5945759297912305, 3.7651215714685438, 
2.6416353378580393, 3.6336409992658045, 51.73313577757759, 1.7714215535569116, 2.1795649312604475, 3.9539847000110075, 1.5941861727778655, 3.7640087387123717, 
2.640645846563993, 3.6328652445289853, 51.67462162345937, 1.7719260129509544, 2.1774258220294906, 3.956038973717261, 1.5947056456398585, 3.7619655268848833, 
2.6403933747646713, 3.634092891487752, 51.592058335295, 1.7712718096724374, 2.1768854644794677, 3.9566761569678945, 1.59692684106445, 3.7601360456713087, 
2.6381710052589007, 3.6319147049931266, 51.514599182773765, 1.7710132417719, 2.1764005006553555, 3.9561140273665445, 1.5965641984002028, 3.7572247845091242, 
2.636692674228689, 3.6311680196146274, 51.43637746989889, 1.7715024265834365, 2.1752455828860655, 3.952308414865061, 1.5977556734789873, 3.7591934809984187, 
2.6362693053406807, 3.632943539170672, 51.40014428224859, 1.7706337322427634, 2.17342060438631, 3.9501400283662726, 1.5977322022741602, 3.7577983669946504, 
2.6348484507057934, 3.631108841592952, 51.36671408096855, 1.7711371371988651, 2.172702024434448, 3.9549586722663106, 1.5970815055353063, 3.7571834620567084, 
2.6336492366522086, 3.628219539937256, 51.30631959928417, 1.7731256738728003, 2.173336363617903, 3.9560827700887318, 1.596554009599678, 3.7579999867746063, 
2.632181781431755, 3.624857578716517, 51.21623683223041, 1.7731525500132492, 2.1737742795525357, 3.9532534515570155, 1.596884790416267, 3.7565468117567167, 
2.631591788226952, 3.62513322774798, 51.131419924714464, 1.772839975305301, 2.172862878049902, 3.9501806249931946, 1.5952885346786123, 3.7582389513400005, 
2.630192597698623, 3.6236112990537555, 51.122357190744474, 1.7731207994693308, 2.172023983443548, 3.948647172506176, 1.5954388136030215, 3.7565508656824913, 
2.6303009630221905, 3.6238046438076306, 51.06536384512398, 1.7749649390952609, 2.175002325387493, 3.94880808123314, 1.5974556392187145, 3.7634010984767072, 
2.6326870933352895, 3.625610958568106, 51.10891568440816, 1.7753601016564435, 2.175537136506309, 3.9513933094177363, 1.5961916952913808, 3.7640703898183507, 
2.6331105004404853, 3.6283837600166984, 51.13827386229861, 1.7747621722526454, 2.1733299845078635, 3.949024354696595, 1.5954320810045515, 3.761967250448039, 
2.6331121719361446, 3.6271646561619435, 51.14852614846978, 1.7752946689268676, 2.171090513819256, 3.94942668263852, 1.5957672375627447, 3.760324266330551, 
2.6326261919348366, 3.6256929668342934, 51.071612594915045, 1.775967652392758, 2.170753229504115, 3.9457425542655575, 1.5961743420426415, 3.757862852690258, 
2.6330298503270106, 3.6259661619135186, 51.02275537246692, 1.7747357946425977, 2.168789699803259, 3.942176825141681, 1.596157971586428, 3.75465109933271, 
2.6344779891365993, 3.629766588176409, 51.0115180594996, 1.7745672566057673, 2.1688563911595486, 3.942290236002422, 1.5944425414668473, 3.7507342508661488, 
2.6358792999228946, 3.632200360928909, 51.06460147602243, 1.7747666979923957, 2.1688843420402395, 3.9436051794419336, 1.595516190784627, 3.751661724673379, 
2.6346524857730813, 3.628185926733303, 50.951376298879026, 1.77448333071152, 2.1691687492317966, 3.9466230595006384, 1.5967000268193272, 3.7548402725792394, 
2.633426526693353, 3.6268343140011945, 50.875002194904035, 1.7745326761590434, 2.169246260533048, 3.9452512122946732, 1.5957121982779423, 3.7562406975024705, 
2.632707664596016, 3.6254780035130674, 50.875649158433205, 1.7733772889524189, 2.169130351525533, 3.9419296044041072, 1.595147359152902, 3.7554272736903154, 
2.6348988306323133, 3.625181041201707, 50.83849640584426, 1.7727044700705314, 2.1682974440191343, 3.9375480704452137, 1.5947176649208556, 3.7573339655955644, 
2.6341886100115697, 3.623802984701292, 50.76439321464092, 1.772310901358699, 2.168068325409296, 3.9354472793761857, 1.594557418254968, 3.759357122212067, 
2.634619425274953, 3.623641929529324, 50.68971365059795, 1.7729294294651237, 2.1724367940046254, 3.936020142934416, 1.5932643178310184, 3.7574533120896056, 
2.634865047327852, 3.6217131364920037, 50.62840569357481, 1.773421961693997, 2.171694719053188, 3.9391619141982823, 1.5936599755318577, 3.756993810919815, 
2.6357602001490106, 3.621461230830362, 50.56106412579618, 1.7729185469716071, 2.1700468943198383, 3.9365245190473566, 1.5928663436035428, 3.7568607465800223, 
2.634264458269321, 3.6215060743682588, 50.530431615465375, 1.7733722933059137, 2.1685847805270724, 3.9378175707042296, 1.591865533732395, 3.755355311191889, 
2.634039096270122, 3.6267964867752585, 50.46405164193424, 1.7736351801721835, 2.1682353278486763, 3.9404587519665792, 1.591304634608757, 3.7536405021347434, 
2.6330981836769376, 3.6275096093951813, 50.44085554253008, 1.7748424333567643, 2.167311446147011, 3.943646498926489, 1.5902119293331218, 3.7518354894419654, 
2.632531504497418, 3.6258720473442807, 50.398478828948356, 1.7749989757479108, 2.167753181718481, 3.9455695899337506, 1.5908735505447698, 3.755494336789504, 
2.632006216510642, 3.623171675207991, 50.32587085484656, 1.7742582580098372, 2.167113290157537, 3.940195269764894, 1.5912062878564195, 3.754519466134463, 
2.633237800316115, 3.621960994517967, 50.30786364502923, 1.7741365456611822, 2.1654791473140587, 3.938839044297768, 1.5915577183779812, 3.756064731134774, 
2.6344053722308574, 3.6249230864201714, 50.42354626142085, 1.77373279712387, 2.164133221470834, 3.939743107747576, 1.5921265973763616, 3.7566296727551056, 
2.6368751013461793, 3.6270561033401036, 50.41796129595062, 1.7750598214155533, 2.1646878380755075, 3.943046171784878, 1.592650481308106, 3.76163770002294, 
2.6389210975695248, 3.6277265515191486, 50.5880208973872, 1.774562686962619, 2.1653472724678866, 3.941496834158555, 1.5941158693960853, 3.761837862708881, 
2.6366506739838598, 3.62660298631953, 50.508320681689256, 1.7722535015323304, 2.162556818936807, 3.9390920664183584, 1.5943833581827593, 3.765078110492578, 
2.63570133997694, 3.6257140565790924, 50.4946395593472, 1.7740195178298594, 2.162190816033649, 3.942388354625927, 1.594654348845912, 3.7641213933199618, 
2.6351955055569976, 3.623722006894354, 50.44434099848878, 1.7735251891536215, 2.1605151411380223, 3.945888591272764, 1.5961879216785313, 3.765564064801604, 
2.6354123882800464, 3.6206717200372127, 50.389968647076294, 1.7747756846369822, 2.1614682533350438, 3.9487460118449094, 1.59638784136826, 3.7675678411750524, 
2.635703440001474, 3.618678103134537, 50.39168770638589, 1.775409586937901, 2.158538173516667, 3.946225356303601, 1.5957964012471462, 3.7676893340829185, 
2.6383669465687403, 3.6249614556065857, 50.516065571599555, 1.7754628453317844, 2.1581371015693223, 3.9436313028349876, 1.5961971100976964, 3.7664538243601813, 
2.639022979350815, 3.6252861716992704, 50.542713053356366, 1.7755594320605825, 2.157584261441965, 3.943099741441821, 1.5956895946635319, 3.766079022060979, 
2.6375240567475697, 3.6265728307966767, 50.483722259227136, 1.7749714560800502, 2.157989345478079, 3.941220904307488, 1.5967324015273887, 3.7655671297352904, 
2.639865925558896, 3.6281013066489836, 50.53637253873641, 1.7735457462981756, 2.155387574803649, 3.9370179114126858, 1.59624217006632, 3.765123588088912, 
2.6399939824858976, 3.6292776538304077, 50.628976713261494, 1.7742638986786816, 2.1530345089396947, 3.93264096975261, 1.5961392429778058, 3.7666493307009397, 
2.63980202524389, 3.627758860618436, 50.58543240165212, 1.773376671873011, 2.149910031794221, 3.9335894309996933, 1.596173733717407, 3.7687439219598464, 
2.6395451157907592, 3.6293341997750446, 50.55093337510644, 1.772435092324781, 2.150461865280908, 3.9316473909537226, 1.595844692134036, 3.767635073444906, 
2.6422225999921105, 3.641102116209279, 50.55914397540256, 1.7719679470379468, 2.1488730982259194, 3.9307849077965504, 1.5950647871127215, 3.767612338003971, 
2.6445209929953886, 3.6415444809329336, 50.79085137828724, 1.771661278843446, 2.1539837738086396, 3.9329637452892388, 1.594650633309538, 3.7655577529483035, 
2.64369816796471, 3.642199749176741, 50.73527371705234, 1.7714669876253402, 2.1569194572648307, 3.9328570236742655, 1.5940467603916624, 3.764649906055119, 
2.6444007850077607, 3.6410955167061085, 50.687019123835185, 1.7705774403003187, 2.1568240848506144, 3.9301408650111975, 1.593904763911776, 3.7669812442849495, 
2.6431518037280943, 3.638667009491703, 50.6058410719349, 1.7705639459414244, 2.155811816647689, 3.929478552706922, 1.5930471479649158, 3.7640837502061535, 
2.642743295666506, 3.6384537885048314, 50.542280592709766, 1.7711625048540838, 2.15429540574348, 3.9279733792760863, 1.5930012860578862, 3.7669271239330437, 
2.641881760064225, 3.635982596479264, 50.47984731912528, 1.7734195704110975, 2.1532799569714567, 3.927534927473304, 1.592580559174489, 3.7677536185931304, 
2.641195736220446, 3.6371035510242136, 50.41278613606302, 1.772090441685133, 2.1519466336932576, 3.929870679907792, 1.5931341923023228, 3.7720002744042813, 
2.6420273968659163, 3.63952951234669, 50.65223824486203, 1.7719659416931126, 2.150300454237369, 3.926004966841271, 1.5936272535912404, 3.771295281347567, 
2.641998940338753, 3.638258307427639, 50.97238850378667, 1.771214566220734, 2.151298091374332, 3.9256939716728283, 1.5925094328862668, 3.772772506631549, 
2.6401796684492673, 3.6354144403708064, 50.91828725272285, 1.771431455073803, 2.1502334093918014, 3.9243554978081647, 1.593064485297859, 3.7734511350436306, 
2.641050291403968, 3.6331949085386666, 50.88277941823831, 1.7700984888082547, 2.1479147004488937, 3.923222274673833, 1.5923866514809968, 3.77067463185354, 
2.6416885903628775, 3.6330226020939276, 50.83726567557042, 1.7691786143012953, 2.1504881378709833, 3.926870748846729, 1.5917286702967297, 3.767709530232949, 
2.6417148109001767, 3.633930484123898, 50.79507795329404, 1.7695574165162944, 2.150329841678067, 3.9276864302092567, 1.591512721763837, 3.767643918696143, 
2.642991089200059, 3.635179344858237, 50.94971450296477, 1.7691602179122947, 2.1509279347348365, 3.9252552517192596, 1.5909915464994964, 3.765688400481258, 
2.6426721433204974, 3.6337141384070812, 50.94681920623481, 1.7713493872543316, 2.1487185691469173, 3.92494830291657, 1.5909080794268216, 3.7659558775582993, 
2.6447161020217265, 3.6332441159255833, 51.07954659661252, 1.7719512869815708, 2.1470339997441776, 3.923757439297515, 1.591564757612194, 3.764864989498136, 
2.6461979452390545, 3.6350286942713392, 51.167597088398786, 1.7704437623334996, 2.1442028156413695, 3.9202795266327755, 1.5919744221162393, 3.7658570422597584, 
2.64669055950562, 3.634370540485564, 51.20546780504962, 1.770768844502132, 2.149285091741238, 3.922551270297341, 1.5916808732082, 3.7647394446067417, 
2.6462257721421945, 3.6334049718441883, 51.17938237205094, 1.770797138896559, 2.148541506591884, 3.920890989138724, 1.591279395569613, 3.7660242482379758, 
2.646067213798779, 3.6327491448000204, 51.178129035720644, 1.770941960170104, 2.150677974614626, 3.923494664453, 1.591573210064483, 3.766275786272118, 
2.646178670381421, 3.6318859596643773, 51.18833923139885, 1.7709001216046059, 2.150183632517258, 3.9210282053217114, 1.591351554541456, 3.7648671791330504, 
2.6454462210693968, 3.629345493386575, 51.130733898128504, 1.7694167769140727, 2.149930448244507, 3.9190320513380077, 1.5914759216973249, 3.762228154582366, 
2.6455455037699602, 3.6311191936780247, 51.07248525349567, 1.7691128274611818, 2.1531397501470284, 3.918726266917719, 1.5914760768725504, 3.7621441489046443, 
2.6452199567442922, 3.6313990368323132, 51.04873785749975, 1.7685372398714374, 2.1513149803046168, 3.9182294682550896, 1.5905057998566225, 3.7613966519027326, 
2.644122925284905, 3.6299847976750232, 50.98283968130304, 1.7693924887406909, 2.1513895486182664, 3.918559659227418, 1.591547014149688, 3.7609073370729917, 
2.6446590667229097, 3.6304236823428737, 50.95433761649464, 1.7695255645648664, 2.1516390926170854, 3.9170452491270056, 1.591900416109095, 3.759189896041231, 
2.643077738816909, 3.6286793813151665, 50.88618121591017, 1.769639095515783, 2.1503168174597667, 3.918530496555884, 1.591983225690123, 3.762867786655185, 
2.643137909247189, 3.6275074846614164, 50.827036902741, 1.7685810177604442, 2.1495659014214064, 3.9171739870436952, 1.5915208594617112, 3.761298545336248, 
2.643380404589684, 3.628902992807693, 50.76855952390892, 1.7678183332749637, 2.148199617736139, 3.9146253833482536, 1.5915269004135517, 3.7611992606507183, 
2.6433373996133813, 3.6284961751303113, 50.755026606563604, 1.7674328346157848, 2.147331418863511, 3.913133970916078, 1.591440727253939, 3.760100300500672, 
2.643301642287486, 3.6258689965147575, 50.71528986085118, 1.767200567669936, 2.1467080544174646, 3.9119753403236084, 1.5917308676733941, 3.7594301649516413, 
2.6420018477925162, 3.6257478072113676, 50.64012004821759, 1.7676917528140266, 2.145821169515978, 3.912193403282736, 1.5926707933780915, 3.7580560357252133, 
2.6410372263086237, 3.6246718686814154, 50.57630023308726, 1.7664493970856316, 2.145588922612271, 3.9095902803965026, 1.5924429158912257, 3.757740013952884, 
2.6422624680038895, 3.624902325556739, 50.572109995079025, 1.7692458055845937, 2.1464481104674666, 3.9176591070854485, 1.591458401879833, 3.757127092270799, 
2.6410420770715124, 3.6231722227315215, 50.52452266088772, 1.7695264997324305, 2.1476048247471433, 3.9160672408157216, 1.5919458294511382, 3.7565951178573553, 
2.6412176240661425, 3.625047301668471, 50.560102341095906, 1.770525093890212, 2.1467925854359473, 3.9217470158283305, 1.5915746383382758, 3.7580389526588034, 
2.6414517172547716, 3.6251144141812435, 50.53270820688677, 1.770835838211561, 2.1468664485928377, 3.923933148272693, 1.591514687945814, 3.7558474353353906, 
2.640520370697588, 3.6231656064496485, 50.50153355027085, 1.7711021828552318, 2.1459398946465873, 3.927177010720104, 1.590502407306968, 3.7569339132669053, 
2.6395595379721284, 3.6221251738320204, 50.46998773219477, 1.7702873913085977, 2.146298313310757, 3.9260372415700906, 1.591586010561661, 3.759048517861082, 
2.637828148454929, 3.621439920115999, 50.413572741189746, 1.7707492720967626, 2.1467222793090928, 3.9253211432283086, 1.5914773448494992, 3.7579568211524763, 
2.637851216089739, 3.618692702072777, 50.359216102744185, 1.771527795762561, 2.1464451849385413, 3.9249722014500126, 1.5922893783141854, 3.759672458319285, 
2.636411165044506, 3.6172509278065927, 50.290333387230234, 1.772529221865023, 2.1459935931446283, 3.9262968911543425, 1.5925367816535658, 3.75843315556597, 
2.6378712510614903, 3.619138125565337, 50.323857474033225, 1.7724006949615971, 2.1452370241591034, 3.9260249601969486, 1.5918522411471123, 3.7589434174346805, 
2.6377580370266624, 3.618506915518929, 50.424800873010554, 1.7720698723024122, 2.1426299011593937, 3.9255379834062123, 1.592726623445821, 3.7593234449904176, 
2.6359193540689625, 3.617142269739168, 50.35125524132796, 1.7720919424043475, 2.14136663566398, 3.927735822840979, 1.591378101899209, 3.760492374208932, 
2.63602245206567, 3.614704682314878, 50.31232399426413, 1.771018945412961, 2.14013325258078, 3.9248954591673577, 1.5911122718314228, 3.7577740449533845, 
2.6358811002763614, 3.6143053952184605, 50.355483377400034, 1.772040421847146, 2.1405901010344572, 3.923562388550928, 1.5917929113507634, 3.756093876760374, 
2.6339553986002833, 3.61109812451563, 50.30102473856948, 1.7721365072556676, 2.1398830260648958, 3.921320153055004, 1.59097427286244, 3.753873676834364, 
2.633134020186607, 3.6078475815037945, 50.221684326830406, 1.772224613602103, 2.141345550778978, 3.922143977577185, 1.5916230033759944, 3.7553326977646404, 
2.6340332907340653, 3.607118686307475, 50.234859125057376, 1.7729977069345428, 2.140437880728802, 3.9236172191049987, 1.5919669096927633, 3.753179165488673, 
2.634114423681254, 3.605881595706409, 50.18940316046226, 1.7723940043517077, 2.1402261973501635, 3.9221362146440635, 1.5914427203348867, 3.7519365303396817, 
2.6344805989169675, 3.6066636464407695, 50.2587859732684, 1.771456851213492, 2.139293281501472, 3.920392608685248, 1.591067688009849, 3.751273870887557, 
2.6328966830745943, 3.6051006343946916, 50.20452304706891, 1.7730347089247782, 2.1382364686505992, 3.919944769229285, 1.5896897777269245, 3.7498256423797116, 
2.6328250695415454, 3.6057588417134596, 50.14728797174825, 1.7735560336077096, 2.1368826202757547, 3.92054888362673, 1.5892616862854518, 3.749098753158789, 
2.6337382257297315, 3.6041271710577254, 50.081417646568795, 1.7733651042884868, 2.138817801467423, 3.919269114573215, 1.5885190743559672, 3.7487159852510437, 
2.6338100065450747, 3.603968493436963, 50.014448498419696, 1.7753174138073933, 2.1407108752396105, 3.922440927430056, 1.5876864711182959, 3.746934879559134, 
2.633666635352208, 3.6041004423429808, 49.99707029042133, 1.7773136427089287, 2.1400237878485093, 3.9244127946272926, 1.5870514951193981, 3.744813555390846, 
2.6317206027989486, 3.6016532905678114, 49.948170826554474, 1.7780280767324073, 2.1413861526900067, 3.931369714253024, 1.5870288955396978, 3.743165541758914, 
2.6326804129706343, 3.6039932230732457, 49.9288160287365, 1.7781496904428664, 2.1411572581851104, 3.9336322321719583, 1.5860588717358814, 3.744077671495658, 
2.632505679865332, 3.6031552589984086, 49.88587399673678, 1.7778088183881282, 2.142458137094532, 3.9329109396020763, 1.586049344032513, 3.7472157618313915, 
2.6327038689636573, 3.6013208595389403, 49.86268267676249, 1.7774786303162147, 2.1454789986538327, 3.931321212820075, 1.5849320189350637, 3.744905847088739, 
2.6315681576166123, 3.60022500720684, 49.78744651364295, 1.776880383197692, 2.1454632253114996, 3.9302326562529504, 1.5853325291008429, 3.7483385199549764, 
2.6316206592788576, 3.601466888930071, 49.82509212352266, 1.7770280841930277, 2.145019099636405, 3.9319875448928845, 1.5859297344913967, 3.747458643963355, 
2.631381724849027, 3.600629140602183, 50.15747934269203, 1.7770939199465, 2.147380339818159, 3.934321086485058, 1.5861834921148097, 3.753998576848706, 
2.630980891088529, 3.5986693618358485, 50.12257639450327, 1.777022298403851, 2.146290657248199, 3.9319906375572415, 1.5854972429670044, 3.7516231234570885, 
2.6331305818575554, 3.5993177273684727, 50.110460408710935, 1.779367810073388, 2.1468782627216347, 3.9342276261474356, 1.5852715635067078, 3.750018127141496, 
2.632681353501153, 3.598432845636898, 50.07794280282142, 1.7806157260771356, 2.1478367842449555, 3.934093851724888, 1.585766754035135, 3.7482164806507923, 
2.631831326841545, 3.5970468289308464, 50.03297353317308, 1.780872432889917, 2.147799084695189, 3.932407680341913, 1.585531248926168, 3.7478192152702023, 
2.631927618748797, 3.5963651226972515, 50.03824966833067, 1.7806538345319989, 2.148850979430766, 3.9316078115357054, 1.5851933176859865, 3.747232956459858, 
2.6348049613181685, 3.599719266250672, 50.19729075225254, 1.7823339790131774, 2.153649734037898, 3.9370435560691748, 1.5841085133455244, 3.7440985418856623, 
2.6348341337307817, 3.5983262429958267, 50.18770621963444, 1.7810987654524726, 2.153265422256995, 3.9356105001389685, 1.5833588264418132, 3.741343363037085, 
2.635511820631794, 3.5987757927921757, 50.250861212774595, 1.7815438494373674, 2.15351123858703, 3.9346570039736894, 1.5833082382145438, 3.7417094666809727, 
2.636405696239314, 3.599321070001412, 50.22956235158048, 1.7806139278300643, 2.153022285207096, 3.932135583137773, 1.5834705634825286, 3.740778781521388, 
2.6359382659890738, 3.600166253533059, 50.17000220267442, 1.7818309667748822, 2.153372293488818, 3.9317886035641014, 1.58411578607202, 3.741647130950281, 
2.63551496584068, 3.5997136585024023, 50.16417477194481, 1.7807391967544826, 2.1528797214561033, 3.9304043641990747, 1.5843290738416813, 3.7456687596533, 
2.6353309569501793, 3.5985082090623144, 50.097188156519564, 1.7803601847998654, 2.151488301064125, 3.928519692529319, 1.5841719306697972, 3.744992496331444, 
2.6338454422371465, 3.596968545918272, 50.07551056022223, 1.7819790058196854, 2.153235834693958, 3.93354808421827, 1.5859260064342535, 3.74461696534345, 
2.633733283922734, 3.597547906911263, 50.146272906948695, 1.7811868154793558, 2.1520516376422982, 3.9309498018142492, 1.5857892848320452, 3.7446062431795744, 
2.6343011971499664, 3.5982487941683776, 50.16795482023481, 1.78076370433917, 2.1549067354400298, 3.93000524038439, 1.585034933993728, 3.7438672252733145, 
2.6343472482953456, 3.5985913074546576, 50.18330376837743, 1.7814785841343612, 2.1546350493751905, 3.928900092775806, 1.585527670694099, 3.743608879070131, 
2.635317931535574, 3.598893734003234, 50.28985819394483, 1.7808017996907413, 2.153391097211173, 3.9264860067916034, 1.5855568415545833, 3.743216171962462, 
2.6348485976227685, 3.5973779575610925, 50.247855298550824, 1.7810426423448307, 2.1543236718056455, 3.931397036556497, 1.5857343802384603, 3.743109000689391, 
2.636469402293552, 3.5984949282764243, 50.25400960969076, 1.7813135054908873, 2.153149028240569, 3.929785532385415, 1.5854854199810615, 3.742144095639874, 
2.6359240299573004, 3.597518935589655, 50.180255627363024, 1.7806881151739353, 2.1510793202808007, 3.9266647649411244, 1.5857744301766747, 3.742116875568671, 
2.6357551985971135, 3.59627764534231, 50.10887625141696, 1.7811682026115816, 2.151270969128259, 3.933606972297078, 1.586419362744089, 3.7430564857452735, 
2.635282099946306, 3.597269383630516, 50.08711538477417, 1.7811815962337112, 2.1514502935409463, 3.931615308078113, 1.5864135773621904, 3.7426189852672604, 
2.6345455966341085, 3.5959372258893456, 50.05245864906063, 1.7816331378846282, 2.15180772603754, 3.9326963785653732, 1.5856291400506972, 3.745417691617705, 
2.6331832602435306, 3.5938321682035546, 49.977805306121056, 1.7816108067957508, 2.1536284520662736, 3.934442276484757, 1.5849052664669179, 3.745482305600259, 
2.6323342561761103, 3.59341433540769, 49.91671247711832, 1.780553867623832, 2.1545339663814542, 3.9342864845718797, 1.5846218107794672, 3.7466241660572677, 
2.631730607954019, 3.5931719065472034, 49.86978544087281, 1.7810485511150673, 2.156781663110839, 3.9376993541926444, 1.5836096814611835, 3.7457084123898596, 
2.630173881737651, 3.5914326253503672, 49.8070571705127, 1.780668839994278, 2.155869894996273, 3.935468798804664, 1.583730556525746, 3.745300935674426, 
2.6297009567897285, 3.591793341518091, 49.77729456914528, 1.7812851681639927, 2.1563677062237963, 3.934570821383133, 1.5837119903195676, 3.7449996403409775, 
2.6288254830861058, 3.5931380169623797, 49.722547083153344, 1.7809730375947241, 2.155927864198121, 3.93335075008998, 1.583288575666871, 3.74469697113493, 
2.6282690415240277, 3.591570408035358, 49.71693049330072, 1.7812047266418947, 2.154658086591373, 3.9336950318514994, 1.5828764494269554, 3.7456529389287567, 
2.628307890539428, 3.5912953731736725, 49.666653213318725, 1.7819312895621693, 2.153762291111035, 3.9327009132889987, 1.5833552074645831, 3.750082716381952, 
2.628469750673562, 3.593621186123054, 49.76322365977652, 1.7826370075559124, 2.1572976558274326, 3.93444770264582, 1.5834692129607886, 3.7489849623503373, 
2.6296270920073685, 3.5938565813154946, 49.84318281913963, 1.7824457759054726, 2.155863461183339, 3.9323423364964163, 1.5843532674148177, 3.7488139206121374, 
2.629083544963285, 3.593816417363798, 49.832937932566516, 1.7821614508293449, 2.155174429512051, 3.9305441838365454, 1.5841006424155608, 3.748237662887357, 
2.6300963767097607, 3.594768403556064, 49.87370870228841, 1.7826751192719246, 2.1563072703882646, 3.930631076246036, 1.5844552254220072, 3.7492356638814464, 
2.6310630463921147, 3.5956783250029845, 49.84065817831725, 1.7842661945046057, 2.156064052123657, 3.9334570119208383, 1.5839867994802614, 3.748395821154482, 
2.6328069580175533, 3.5969457614375773, 49.853509258286216, 1.7840649073327002, 2.156083806348287, 3.9327826403474493, 1.5837358047613108, 3.747243213947735, 
2.6337323122756215, 3.5979906255722947, 50.12019512557588, 1.7847436299543646, 2.156264240318454, 3.934523854897843, 1.5834203392108308, 3.746089655845564, 
2.6325318832985425, 3.59695944375203, 50.122306021522476, 1.784830267106421, 2.1571365295221776, 3.9364477706182304, 1.583073002010883, 3.744637096035308, 
2.632072902846037, 3.5940344640507202, 50.05542180576095, 1.7841573491080163, 2.1569193050663076, 3.9373449659318553, 1.5845156010112107, 3.7475540554337554, 
2.632072902846037, 3.5940344640507202, 50.05542180576095, 1.7841573491080163, 2.1569193050663076, 3.9373449659318553, 1.5845156010112107, 3.7475540554337554, 
