0, 0, 0, 0, 0, 0, 0, 0, 
0, 0, 0, 0, 0, 0, 0, 0, 
0, 0, 0, 0, 0, 0, 0, 0, 
0, 0, 0, 0, 0, 0, 0, 0, 
0, 0, 0, 0, 0, 0, 0, 0, 
0, 0, 0, 0, 0, 0.39852894034347575, 0, 0, 
0, 0, 0, 0, 0, 0.39852894034347575, 0, 0, 
0, 0, 0, 0, 0, 0.39852894034347575, 0, 0, 
0, 0, 0, 0, 0, 0.48044647998018153, 0, 0, 
0, 0, 0, 0, 0, 0.24022323999009076, 0, 0, 
0, 0, 0, 0, 0, 0.24022323999009076, 0, 0, 
0, 0, 0, 0, 0, 0.24022323999009076, 0, 0, 
0, 0, 0, 0, 0, 0.24022323999009076, 0, 0, 
0, 0, 0, 0, 0, 0.1601488266600605, 0, 1.052300207013543, 
0, 0, 0, 0, 0, 0.1601488266600605, 0, 1.052300207013543, 
0, 0, 0, 0, 0, 0.1601488266600605, 0, 0.5261501035067715, 
0.0, 0, 0, 0, 0, 0.1601488266600605, 0, 0.5261501035067715, 
0.0, 0, 0.17564835900785525, 1.2640095156773796, 0, 0.1601488266600605, 0, 0.5261501035067715, 
0.0, 0, 0.08782417950392762, 1.2640095156773796, 0, 0.1601488266600605, 0, 0.5261501035067715, 
0.0, 0, 0.08782417950392762, 1.2640095156773796, 0, 0.1601488266600605, 0, 0.5261501035067715, 
0.0, 0, 0.08782417950392762, 1.2640095156773796, 0, 0.1601488266600605, 0, 0.5261501035067715, 
0.0, 0, 0.058549453002618414, 1.2640095156773796, 0, 0.1601488266600605, 0, 0.6030583950749842, 
0.0, 0, 0.058549453002618414, 1.2640095156773796, 0, 0.1601488266600605, 0, 0.4020389300499894, 
0.0, 0, 0.058549453002618414, 1.2640095156773796, 0, 0.5942816316541059, 0, 0.4020389300499894, 
0.0, 0, 0.058549453002618414, 1.2640095156773796, 0, 0.44621013265836695, 0, 0.4020389300499894, 
0.0, 0, 0.058549453002618414, 1.2640095156773796, 0, 0.5499630532936932, 0, 0.3015291975374921, 
0.0, 0, 0.058549453002618414, 1.2640095156773796, 0, 0.7664591519534965, 0, 0.3015291975374921, 
0.0, 0, 0.058549453002618414, 1.2640095156773796, 0, 1.2462736345977616, 0, 0.3015291975374921, 
0.0, 0, 0.058549453002618414, 1.2640095156773796, 0, 1.3745046010428423, 0, 0.24122335802999367, 
0.08093327327398647, 0, 0.058549453002618414, 1.2640095156773796, 0, 1.539483526425197, 0, 0.24122335802999367, 
0.5383786138542845, 0, 0.3635130133894838, 1.2640095156773796, 0, 1.9054397988894352, 0, 0.24122335802999367, 
0.5383786138542845, 0, 0.3635130133894838, 1.2640095156773796, 0, 1.9054397988894352, 0, 0.24122335802999367, 
0.5383786138542845, 0, 0.3635130133894838, 1.2640095156773796, 0, 1.9054397988894352, 0, 0.24122335802999367, 
0.5383786138542845, 0, 0.3635130133894838, 1.2640095156773796, 0, 1.9054397988894352, 0, 0.24122335802999367, 
0.445312162081251, 8.891191797370524, 0.5034813016020685, 1.2640095156773796, 0, 1.741764193447833, 0, 0.24122335802999367, 
0.445312162081251, 8.891191797370524, 0.5832255427005905, 1.2640095156773796, 0, 1.8921312779636128, 0, 0.24122335802999367, 
0.445312162081251, 8.891191797370524, 0.7451310398011344, 1.2640095156773796, 0, 2.161973773131186, 0, 0.24122335802999367, 
0.445312162081251, 8.891191797370524, 0.7451310398011344, 1.2640095156773796, 0, 2.161973773131186, 0, 0.24122335802999367, 
0.445312162081251, 8.891191797370524, 0.7915933228491682, 1.2640095156773796, 0, 1.8863077220038977, 0, 0.24122335802999367, 
0.445312162081251, 8.891191797370524, 0.9673871362924131, 1.2640095156773796, 0, 2.0118747316062158, 0, 0.2010194650249947, 
0.445312162081251, 8.891191797370524, 0.9673871362924131, 1.2640095156773796, 0, 2.0118747316062158, 0, 0.2010194650249947, 
0.445312162081251, 8.891191797370524, 0.9673871362924131, 1.2640095156773796, 0, 2.0118747316062158, 0, 0.2010194650249947, 
0.445312162081251, 8.891191797370524, 0.8061559469103443, 1.2640095156773796, 0, 1.8463520765982322, 0, 0.17230239859285262, 
0.445312162081251, 8.891191797370524, 0.8061559469103443, 1.2640095156773796, 0, 1.8463520765982322, 0, 0.17230239859285262, 
0.445312162081251, 8.891191797370524, 0.8282511054501084, 1.2640095156773796, 0, 1.8463520765982322, 0, 0.17230239859285262, 
0.445312162081251, 8.891191797370524, 0.979684996168403, 1.2640095156773796, 0, 1.8463520765982322, 0, 0.17230239859285262, 
0.445312162081251, 8.891191797370524, 0.979684996168403, 1.2640095156773796, 0, 1.8463520765982322, 0, 0.17230239859285262, 
0.445312162081251, 8.891191797370524, 1.302160298633532, 1.2640095156773796, 0, 1.8463520765982322, 0, 0.17230239859285262, 
0.33398412156093826, 8.891191797370524, 2.0412436718255393, 1.2640095156773796, 0, 1.6412018458650952, 0, 0.15076459876874604, 
0.33398412156093826, 4.445595898685262, 2.8289518709743704, 1.2640095156773796, 0, 1.6412018458650952, 0, 0.15076459876874604, 
0.33398412156093826, 2.963730599123508, 2.9747923400034715, 1.2640095156773796, 0, 1.6412018458650952, 0, 0.15076459876874604, 
0.33398412156093826, 2.222797949342631, 3.54737137533654, 1.2640095156773796, 0, 1.6412018458650952, 0, 0.15076459876874604, 
0.33398412156093826, 2.222797949342631, 3.8695461478392814, 1.2640095156773796, 0, 1.4770816612785858, 0, 0.15076459876874604, 
0.33398412156093826, 2.222797949342631, 3.8695461478392814, 1.2640095156773796, 0, 1.4770816612785858, 0, 0.15076459876874604, 
0.33398412156093826, 2.222797949342631, 4.109503239072541, 1.2640095156773796, 0, 1.4770816612785858, 0.0, 0.15076459876874604, 
0.33398412156093826, 2.222797949342631, 3.900794968258895, 1.2640095156773796, 0, 1.4770816612785858, 0.0, 0.15076459876874604, 
0.33398412156093826, 2.222797949342631, 3.900794968258895, 1.2640095156773796, 0, 1.4770816612785858, 0.0, 0.15076459876874604, 
0.33398412156093826, 2.222797949342631, 4.134597858774542, 1.2640095156773796, 0, 1.5130559465028255, 0.0, 0.15076459876874604, 
0.33398412156093826, 2.222797949342631, 4.134597858774542, 1.2640095156773796, 0, 1.5130559465028255, 0.0, 0.15076459876874604, 
0.33398412156093826, 2.222797949342631, 4.260431626997424, 1.2640095156773796, 0, 1.5256393233251138, 0.0, 0.15076459876874604, 
0.33398412156093826, 2.222797949342631, 4.4325219077148015, 0.6320047578386898, 0, 1.5256393233251138, 0.0, 0.15076459876874604, 
0.33398412156093826, 2.222797949342631, 4.280477396302117, 0.6320047578386898, 0, 1.5256393233251138, 0.0, 0.15076459876874604, 
0.5666790948885243, 2.303739186866917, 4.978562316284875, 0.6320047578386898, 0, 1.5256393233251138, 0.0, 0.15076459876874604, 
0.5666790948885243, 2.4132482271381654, 4.717412832976552, 0.6320047578386898, 0, 1.5256393233251138, 0.0, 0.15076459876874604, 
0.5666790948885243, 2.4132482271381654, 3.978786421005564, 0.6320047578386898, 0, 1.5256393233251138, 0.0, 0.15076459876874604, 
0.7064844987728485, 2.4132482271381654, 4.232978064431608, 0.6763779425059759, 0, 1.3869448393864672, 0.0, 0.15076459876874604, 
0.7064844987728485, 2.4132482271381654, 4.232978064431608, 0.6763779425059759, 0, 1.3869448393864672, 0.0, 0.15076459876874604, 
0.7064844987728485, 2.4132482271381654, 4.232978064431608, 0.6763779425059759, 0, 1.3869448393864672, 0.0, 0.15076459876874604, 
0.7064844987728485, 2.4132482271381654, 4.232978064431608, 0.6763779425059759, 0, 1.3869448393864672, 0.0, 0.15076459876874604, 
0.8508013644837611, 2.4132482271381654, 4.54785122598269, 0.4509186283373173, 0, 1.3869448393864672, 0.0, 0.15076459876874604, 
1.0497398136190625, 2.4132482271381654, 4.981898751368802, 0.4509186283373173, 0, 1.3869448393864672, 0.0, 0.15076459876874604, 
1.247286580040985, 2.4132482271381654, 5.412909878107542, 0.4509186283373173, 0, 1.4544492497946615, 0.0, 0.1926691005811232, 
1.247286580040985, 2.4132482271381654, 5.399631984619347, 0.4509186283373173, 0, 1.5319604670290767, 0.0, 0.2992470242784442, 
1.247286580040985, 2.4132482271381654, 5.844531203530486, 0.4509186283373173, 0, 1.6012954102360075, 0.0, 0.39629013393934126, 
1.247286580040985, 2.4132482271381654, 6.136776465053725, 0.4509186283373173, 0, 1.6411470368073582, 0.0, 0.44499767752654784, 
1.247286580040985, 2.564561693439032, 6.540279041856035, 0.4509186283373173, 0, 1.6961701154622189, 0.0, 0.5122481069935996, 
1.247286580040985, 2.7261644036862975, 6.545829579152051, 0.4509186283373173, 0, 1.5825332949144524, 0.0, 0.4610232962942396, 
1.247286580040985, 2.7261644036862975, 6.545829579152051, 0.4509186283373173, 0, 1.5825332949144524, 0.0, 0.4610232962942396, 
0.9978292640327879, 2.812737296609164, 6.321125132461467, 0.4509186283373173, 0, 1.5825332949144524, 0.0, 0.41911208754021784, 
0.9978292640327879, 2.812737296609164, 6.321125132461467, 0.4509186283373173, 0, 1.5825332949144524, 0.0, 0.41911208754021784, 
0.9978292640327879, 2.812737296609164, 6.321125132461467, 0.4509186283373173, 0, 1.5825332949144524, 0.0, 0.41911208754021784, 
0.9978292640327879, 2.998653472481319, 6.639838576813732, 0.4509186283373173, 0, 1.4607999645364176, 0.0, 0.41911208754021784, 
0.9978292640327879, 2.3989227779850553, 6.677135021281667, 0.4509186283373173, 0, 1.4607999645364176, 0.0, 0.41911208754021784, 
1.14626469009838, 2.3989227779850553, 7.031491842903647, 0.4509186283373173, 0, 1.4607999645364176, 0.0, 0.41911208754021784, 
1.14626469009838, 2.3989227779850553, 7.031491842903647, 0.4509186283373173, 0, 1.4607999645364176, 0.0, 0.41911208754021784, 
1.14626469009838, 2.3989227779850553, 7.031491842903647, 0.4509186283373173, 0, 1.4607999645364176, 0.0, 0.41911208754021784, 
1.14626469009838, 2.3989227779850553, 7.031491842903647, 0.4509186283373173, 0, 1.4607999645364176, 0.0, 0.41911208754021784, 
1.14626469009838, 2.3989227779850553, 7.031491842903647, 0.4509186283373173, 0, 1.4607999645364176, 0.0, 0.41911208754021784, 
1.331014314597374, 2.3989227779850553, 7.561704092578499, 0.4509186283373173, 0, 1.4607999645364176, 0.0, 0.41911208754021784, 
1.1091785954978117, 2.3989227779850553, 8.005394412993695, 0.4509186283373173, 0, 1.4607999645364176, 0.0, 0.41911208754021784, 
1.1091785954978117, 1.999102314987546, 8.473007079905894, 0.4509186283373173, 0, 1.4607999645364176, 0.0, 0.41911208754021784, 
1.1091785954978117, 1.999102314987546, 8.779003488315244, 0.4509186283373173, 0, 1.4607999645364176, 0.0, 0.3841860802451997, 
1.1091785954978117, 1.999102314987546, 9.353206271189066, 0.4509186283373173, 0, 1.3564571099266733, 0.0, 0.5112374846625459, 
1.1091785954978117, 1.999102314987546, 9.792499192757479, 0.4509186283373173, 0, 1.3564571099266733, 0.0, 0.5244764892778868, 
1.1091785954978117, 1.999102314987546, 9.2935056451675, 0.4509186283373173, 0, 1.3564571099266733, 0.0, 0.5466649121520001, 
1.1091785954978117, 1.999102314987546, 9.029242230342092, 0.4509186283373173, 0, 1.3564571099266733, 0.0, 0.5950110502482475, 
1.1091785954978117, 1.7135162699893252, 9.256304674382953, 0.4509186283373173, 0, 1.3564571099266733, 0.0, 0.5736064895429428, 
1.1091785954978117, 1.7135162699893252, 9.256304674382953, 0.4509186283373173, 0, 1.3564571099266733, 0.0, 0.5736064895429428, 
1.2303575483706528, 1.7135162699893252, 9.619841533001477, 0.4509186283373173, 0, 1.3564571099266733, 0.0, 0.5353660569067465, 
1.249139082043622, 1.7135162699893252, 9.676186134020384, 0.4509186283373173, 0, 1.3564571099266733, 0.0, 0.5353660569067465, 
1.3021946961440989, 1.7135162699893252, 9.855248831609494, 0.4509186283373173, 0, 1.3564571099266733, 0.0, 0.5353660569067465, 
1.4439172214159228, 1.7135162699893252, 10.3335623544019, 0.4509186283373173, 0, 1.3564571099266733, 0.0, 0.5019056783500749, 
1.5353072255869737, 1.7135162699893252, 10.670847715477475, 0.4509186283373173, 0, 1.3564571099266733, 0.0, 0.5019056783500749, 
1.5353072255869737, 1.7135162699893252, 10.670847715477475, 0.4509186283373173, 0, 1.3564571099266733, 0.0, 0.5019056783500749, 
1.6034155295901467, 1.7135162699893252, 10.926253855489373, 0.4509186283373173, 0, 1.3564571099266733, 0.0, 0.4723818149177176, 
1.3743561682201257, 1.7135162699893252, 10.667051614397247, 0.4509186283373173, 0, 1.3564571099266733, 0.0, 0.4723818149177176, 
1.3743561682201257, 1.7135162699893252, 10.274084884082706, 0.4509186283373173, 0.0, 1.3564571099266733, 0.0, 0.4723818149177176, 
1.3743561682201257, 1.7135162699893252, 10.764013954864978, 0.4509186283373173, 0.0, 1.3564571099266733, 0.0, 0.4723818149177176, 
1.3743561682201257, 1.7135162699893252, 10.764013954864978, 0.4509186283373173, 0.0, 1.3564571099266733, 0.0, 0.4723818149177176, 
1.3743561682201257, 1.7135162699893252, 11.2043439051486, 0.4509186283373173, 0.0, 1.3564571099266733, 0.0, 0.47318124222371644, 
1.3743561682201257, 1.7135162699893252, 11.71083641317509, 0.4509186283373173, 0.0, 1.3564571099266733, 0.18178458240157624, 0.6213133927138249, 
1.3743561682201257, 1.7135162699893252, 10.951111512860042, 0.4509186283373173, 0.0, 1.3564571099266733, 1.1644422203759035, 0.7850896657095461, 
1.3743561682201257, 1.7135162699893252, 11.21566392307555, 0.4509186283373173, 0.0, 1.3564571099266733, 1.1644422203759035, 0.8365945640811512, 
1.3743561682201257, 1.7135162699893252, 11.509859975389492, 0.4509186283373173, 0.0, 1.3564571099266733, 1.1644422203759035, 0.9294985806013438, 
1.3743561682201257, 1.7135162699893252, 12.005990551189587, 0.4509186283373173, 0.0, 1.3564571099266733, 0.5822211101879518, 1.0339471228750479, 
1.3743561682201257, 1.7135162699893252, 12.005990551189587, 0.4509186283373173, 0.0, 1.3564571099266733, 0.5822211101879518, 1.0339471228750479, 
1.3743561682201257, 1.7135162699893252, 12.214829593402715, 0.5901446564794028, 0.0, 1.3564571099266733, 0.5822211101879518, 1.0779132370251803, 
1.3743561682201257, 1.7135162699893252, 12.439710522648586, 0.5901446564794028, 0.0, 1.266026635931562, 0.5822211101879518, 1.0642999690886956, 
1.3743561682201257, 1.7135162699893252, 12.439710522648586, 0.5901446564794028, 0.0, 1.266026635931562, 0.5822211101879518, 1.0642999690886956, 
1.3743561682201257, 1.7135162699893252, 11.695599788906305, 0.5901446564794028, 0.0, 1.266026635931562, 0.9767170055641401, 1.1129188011803652, 
1.20256164719261, 1.7135162699893252, 11.938467548189392, 0.5901446564794028, 0.0, 1.266026635931562, 0.9784362578456793, 1.12828896245618, 
1.20256164719261, 1.7135162699893252, 12.229704401245908, 0.5901446564794028, 0.12285552810450895, 1.266026635931562, 0.9784362578456793, 1.2045652811138388, 
1.20256164719261, 1.7135162699893252, 12.394757043170857, 0.44260849235955213, 0.2606791377865534, 1.266026635931562, 0.9784362578456793, 1.2429902347894886, 
1.20256164719261, 1.7135162699893252, 12.637880093028398, 0.44260849235955213, 0.2606791377865534, 1.266026635931562, 0.6522908385637862, 1.2890198117970182, 
1.20256164719261, 1.7135162699893252, 12.657570806921274, 0.44260849235955213, 0.2606791377865534, 1.266026635931562, 0.6522908385637862, 1.2908951178820542, 
1.20256164719261, 1.7135162699893252, 12.657570806921274, 0.44260849235955213, 0.2606791377865534, 1.266026635931562, 0.6522908385637862, 1.2908951178820542, 
1.20256164719261, 1.7135162699893252, 12.22738053084127, 0.44260849235955213, 0.2606791377865534, 1.266026635931562, 0.6522908385637862, 1.2322180670692335, 
1.20256164719261, 1.7135162699893252, 12.349874376518684, 0.44260849235955213, 0.1303395688932767, 1.266026635931562, 0.6522908385637862, 1.2322180670692335, 
1.20256164719261, 1.7135162699893252, 12.00214873944344, 0.44260849235955213, 0.1303395688932767, 1.266026635931562, 0.6522908385637862, 1.178643368501006, 
1.20256164719261, 1.7135162699893252, 12.179842756334319, 0.44260849235955213, 0.1303395688932767, 1.266026635931562, 0.6522908385637862, 1.178643368501006, 
1.20256164719261, 1.7135162699893252, 12.179842756334319, 0.44260849235955213, 0.1303395688932767, 1.266026635931562, 0.6522908385637862, 1.178643368501006, 
1.20256164719261, 1.7135162699893252, 12.664675515526639, 0.44260849235955213, 0.1303395688932767, 1.266026635931562, 0.6522908385637862, 1.178643368501006, 
1.20256164719261, 1.7135162699893252, 13.066170949203036, 0.44260849235955213, 0.1303395688932767, 1.266026635931562, 0.6522908385637862, 1.178643368501006, 
1.20256164719261, 1.7135162699893252, 12.25309032879748, 0.44260849235955213, 0.1303395688932767, 1.266026635931562, 0.6522908385637862, 1.178643368501006, 
1.20256164719261, 1.7135162699893252, 12.25309032879748, 0.44260849235955213, 0.1303395688932767, 1.266026635931562, 0.6522908385637862, 1.178643368501006, 
1.20256164719261, 1.7135162699893252, 11.838931987170728, 0.44260849235955213, 0.1303395688932767, 1.266026635931562, 0.6522908385637862, 1.178643368501006, 
1.20256164719261, 1.7135162699893252, 11.838931987170728, 0.44260849235955213, 0.1303395688932767, 1.266026635931562, 0.6522908385637862, 1.178643368501006, 
1.20256164719261, 1.7135162699893252, 12.186941000059928, 0.44260849235955213, 0.1303395688932767, 1.1868999711858392, 0.6522908385637862, 1.178643368501006, 
1.20256164719261, 1.7135162699893252, 12.186941000059928, 0.44260849235955213, 0.1303395688932767, 1.1868999711858392, 0.6522908385637862, 1.178643368501006, 
1.20256164719261, 1.7135162699893252, 12.37448949243336, 0.44260849235955213, 0.1303395688932767, 1.1868999711858392, 0.6522908385637862, 1.178643368501006, 
1.20256164719261, 1.7135162699893252, 12.604340674336916, 0.44260849235955213, 0.1303395688932767, 1.222161232046044, 0.6522908385637862, 1.178643368501006, 
1.20256164719261, 1.7135162699893252, 12.354786219956514, 0.44260849235955213, 0.1303395688932767, 1.2556731397461838, 0.6522908385637862, 1.2019559999445817, 
1.20256164719261, 1.7135162699893252, 12.23981857655829, 0.3540867938876417, 0.1303395688932767, 1.2556731397461838, 0.6522908385637862, 1.1667804289256134, 
1.20256164719261, 1.7135162699893252, 12.23981857655829, 0.3540867938876417, 0.1303395688932767, 1.2556731397461838, 0.6522908385637862, 1.1667804289256134, 
1.20256164719261, 1.7135162699893252, 12.01502141495998, 0.3540867938876417, 0.1303395688932767, 1.2556731397461838, 0.6522908385637862, 1.1667804289256134, 
1.20256164719261, 1.7135162699893252, 12.236906558222689, 0.3540867938876417, 0.1303395688932767, 1.2556731397461838, 0.6522908385637862, 1.120109211768589, 
1.20256164719261, 1.7135162699893252, 12.302452235648044, 0.3540867938876417, 0.1303395688932767, 1.1818100138787613, 0.6522908385637862, 1.120109211768589, 
1.20256164719261, 1.7135162699893252, 12.51515793817247, 0.3540867938876417, 0.1303395688932767, 1.1818100138787613, 0.7861005643223725, 1.120109211768589, 
1.20256164719261, 1.7135162699893252, 12.426444528463492, 0.3540867938876417, 0.1303395688932767, 1.1818100138787613, 0.8006498009656902, 1.120109211768589, 
1.20256164719261, 1.7716522070324399, 12.28719301334182, 0.3540867938876417, 0.1303395688932767, 1.1818100138787613, 0.8006498009656902, 1.120109211768589, 
1.20256164719261, 1.7716522070324399, 12.28719301334182, 0.3540867938876417, 0.1303395688932767, 1.1818100138787613, 0.8006498009656902, 1.120109211768589, 
1.20256164719261, 1.8920073864005258, 12.534979302281053, 0.3540867938876417, 0.1303395688932767, 1.1818100138787613, 0.6405198407725521, 1.120109211768589, 
1.20256164719261, 1.9545068748123628, 12.685368696272036, 0.3540867938876417, 0.1303395688932767, 1.1818100138787613, 0.6405198407725521, 1.120109211768589, 
1.20256164719261, 2.047754406784859, 12.909745570080855, 0.3540867938876417, 0.1303395688932767, 1.1818100138787613, 0.6405198407725521, 1.120109211768589, 
1.20256164719261, 2.052648090799654, 12.921520997241455, 0.3540867938876417, 0.1303395688932767, 1.1818100138787613, 0.6405198407725521, 1.1214794432927315, 
1.20256164719261, 2.1698103996956593, 12.87750727712136, 0.3540867938876417, 0.1303395688932767, 1.1818100138787613, 0.8204437356986745, 1.1575289589751194, 
1.20256164719261, 2.1698103996956593, 13.282081089345805, 0.3540867938876417, 0.1303395688932767, 1.1818100138787613, 0.8204437356986745, 1.14981525794134, 
1.20256164719261, 2.1698103996956593, 13.576507014911224, 0.2950723282397014, 0.1303395688932767, 1.1818100138787613, 0.8204437356986745, 1.176507718226117, 
1.20256164719261, 2.1698103996956593, 13.09689245095973, 0.2950723282397014, 0.1303395688932767, 1.1818100138787613, 0.6837031130822288, 1.1997277354454252, 
1.20256164719261, 2.1698103996956593, 13.09689245095973, 0.2950723282397014, 0.1303395688932767, 1.1818100138787613, 0.6837031130822288, 1.1997277354454252, 
1.20256164719261, 2.1698103996956593, 13.09689245095973, 0.2950723282397014, 0.1303395688932767, 1.1818100138787613, 0.6837031130822288, 1.1997277354454252, 
1.20256164719261, 2.1698103996956593, 13.435012841709108, 0.2950723282397014, 0.1303395688932767, 1.1161539019966078, 0.7323366743473964, 1.1552933748733725, 
1.20256164719261, 2.1698103996956593, 13.589670493152244, 0.3177644748575628, 0.1303395688932767, 1.1161539019966078, 0.7323366743473964, 1.1552933748733725, 
1.20256164719261, 2.1698103996956593, 13.222269720734833, 0.3228095121648605, 0.1303395688932767, 1.1161539019966078, 0.7323366743473964, 1.1552933748733725, 
1.20256164719261, 2.1698103996956593, 13.251708556158901, 0.33752892987689503, 0.1303395688932767, 1.1161539019966078, 0.6277171494406255, 1.1552933748733725, 
1.20256164719261, 2.1698103996956593, 13.212703019012286, 0.4911912888048076, 0.1303395688932767, 1.1161539019966078, 0.6277171494406255, 1.1694350430144813, 
1.20256164719261, 2.1698103996956593, 13.26893487442997, 0.5200882145055618, 0.1303395688932767, 1.1161539019966078, 0.6277171494406255, 1.1822781211037054, 
1.20256164719261, 2.1698103996956593, 13.577774594462808, 0.5295893358534004, 0.08689304592885112, 1.1161539019966078, 0.6277171494406255, 1.1740630383298083, 
1.20256164719261, 1.8985840997337018, 13.893592303090262, 0.5295893358534004, 0.08689304592885112, 1.171223133796107, 0.6277171494406255, 1.209464687343772, 
1.20256164719261, 1.8985840997337018, 14.055415771469589, 0.5295893358534004, 0.08689304592885112, 1.2014628728366885, 0.6277171494406255, 1.1964698395862734, 
1.20256164719261, 1.8985840997337018, 14.055415771469589, 0.5295893358534004, 0.08689304592885112, 1.2014628728366885, 0.6277171494406255, 1.1964698395862734, 
1.20256164719261, 1.8985840997337018, 13.98828750315076, 0.5295893358534004, 0.08689304592885112, 1.2558697900534175, 0.6277171494406255, 1.2302396502725188, 
1.20256164719261, 1.8985840997337018, 14.166878387696233, 0.4539337164457718, 0.08689304592885112, 1.2568319037757978, 0.6277171494406255, 1.1930875101631442, 
1.20256164719261, 1.8985840997337018, 14.036690481373034, 0.4539337164457718, 0.08689304592885112, 1.2568319037757978, 0.6277171494406255, 1.2233860103001155, 
1.20256164719261, 1.8985840997337018, 14.17303675153762, 0.4539337164457718, 0.08689304592885112, 1.2568319037757978, 0.6277171494406255, 1.1839219454517247, 
1.20256164719261, 1.8985840997337018, 14.212699084502386, 0.4539337164457718, 0.08689304592885112, 1.2568319037757978, 0.6277171494406255, 1.1839219454517247, 
1.20256164719261, 1.8985840997337018, 13.734059963321037, 0.4539337164457718, 0.08689304592885112, 1.1906828562086504, 0.6277171494406255, 1.1469243846563584, 
1.20256164719261, 1.8985840997337018, 13.852559088115864, 0.4539337164457718, 0.08689304592885112, 1.1906828562086504, 0.6277171494406255, 1.1469243846563584, 
1.20256164719261, 1.938806519377982, 13.923193581149723, 0.4539337164457718, 0.08689304592885112, 1.1906828562086504, 0.6277171494406255, 1.1469243846563584, 
1.20256164719261, 2.0582007694498845, 14.132861532495504, 0.4539337164457718, 0.08689304592885112, 1.1906828562086504, 0.6277171494406255, 1.1121691002728324, 
1.20256164719261, 2.179158510625401, 14.390563787336232, 0.4539337164457718, 0.08689304592885112, 1.1906828562086504, 0.6277171494406255, 1.1121691002728324, 
1.20256164719261, 2.179158510625401, 14.390563787336232, 0.4539337164457718, 0.08689304592885112, 1.1906828562086504, 0.6277171494406255, 1.1121691002728324, 
1.20256164719261, 2.179158510625401, 14.167291991986584, 0.4539337164457718, 0.08689304592885112, 1.1906828562086504, 0.6277171494406255, 1.1121691002728324, 
1.20256164719261, 2.179158510625401, 14.353112930567047, 0.4539337164457718, 0.08689304592885112, 1.1906828562086504, 0.6277171494406255, 1.079458244382455, 
1.20256164719261, 2.179158510625401, 14.559287837477692, 0.4539337164457718, 0.08689304592885112, 1.2321151341524164, 0.6634592634886454, 1.079458244382455, 
1.20256164719261, 2.179158510625401, 14.559287837477692, 0.4539337164457718, 0.08689304592885112, 1.2321151341524164, 0.6634592634886454, 1.079458244382455, 
1.2503582357882017, 2.179158510625401, 14.396797025031997, 0.4539337164457718, 0.3163531338777261, 1.319560927787841, 0.688207250674783, 1.048616580257242, 
1.2503582357882017, 2.179158510625401, 14.623535477208646, 0.39719200189005033, 0.3163531338777261, 1.4595095418107504, 0.688207250674783, 1.0587203607767417, 
1.2503582357882017, 2.179158510625401, 14.453060244418053, 0.39719200189005033, 0.3163531338777261, 1.6051498133097155, 0.6021813443404351, 1.0647297619939153, 
1.2503582357882017, 2.179158510625401, 14.453060244418053, 0.39719200189005033, 0.3163531338777261, 1.6051498133097155, 0.6021813443404351, 1.0647297619939153, 
1.2503582357882017, 2.179158510625401, 14.176938639313446, 0.39719200189005033, 0.3163531338777261, 1.6525787727181547, 0.6021813443404351, 1.0647297619939153, 
1.2503582357882017, 2.179158510625401, 14.385695267208753, 0.39719200189005033, 0.2372648504082946, 1.8219767605151422, 0.6021813443404351, 1.035153935271862, 
1.2503582357882017, 2.179158510625401, 14.157013054609351, 0.39719200189005033, 0.2372648504082946, 1.8898068217017423, 0.6021813443404351, 1.035153935271862, 
1.2503582357882017, 2.179158510625401, 14.282656415302352, 0.39719200189005033, 0.2372648504082946, 1.9912032180504817, 0.6021813443404351, 1.035153935271862, 
1.2503582357882017, 2.179158510625401, 14.282656415302352, 0.39719200189005033, 0.2372648504082946, 1.9912032180504817, 0.6021813443404351, 1.035153935271862, 
1.2503582357882017, 2.179158510625401, 14.449343594519988, 0.39719200189005033, 0.2372648504082946, 1.9982507813340473, 0.6021813443404351, 1.0219237406491148, 
1.2503582357882017, 2.179158510625401, 14.449343594519988, 0.39719200189005033, 0.2372648504082946, 1.9982507813340473, 0.6021813443404351, 1.0219237406491148, 
1.2503582357882017, 1.9370297872225786, 14.496288311180157, 0.39719200189005033, 0.2372648504082946, 2.0252439934136444, 0.6021813443404351, 1.0219237406491148, 
1.111429542922846, 1.9370297872225786, 14.591526463646982, 0.39719200189005033, 0.2372648504082946, 2.08207563893458, 0.6021813443404351, 0.9950310106320328, 
1.111429542922846, 1.9370297872225786, 14.664038738399142, 0.39719200189005033, 0.2372648504082946, 2.0056200958465347, 0.6021813443404351, 0.9950310106320328, 
1.111429542922846, 1.9370297872225786, 14.817916305617175, 0.39719200189005033, 0.2372648504082946, 2.0477532392514717, 0.6021813443404351, 0.9950310106320328, 
1.111429542922846, 1.9370297872225786, 14.655816260136755, 0.39719200189005033, 0.2372648504082946, 2.094306764340068, 0.6021813443404351, 0.9950310106320328, 
1.111429542922846, 1.9370297872225786, 14.655816260136755, 0.39719200189005033, 0.2372648504082946, 2.094306764340068, 0.6021813443404351, 0.9950310106320328, 
1.111429542922846, 1.9370297872225786, 14.700664501321567, 0.39719200189005033, 0.2372648504082946, 2.119400423098238, 0.6021813443404351, 0.9950310106320328, 
1.111429542922846, 1.9370297872225786, 14.852313360192642, 0.39719200189005033, 0.2372648504082946, 2.0635611786786616, 0.6021813443404351, 0.9950310106320328, 
1.111429542922846, 1.9370297872225786, 14.669973467155685, 0.39719200189005033, 0.2372648504082946, 2.0991611751976467, 0.6021813443404351, 0.9695173949748013, 
1.111429542922846, 1.9370297872225786, 14.669973467155685, 0.39719200189005033, 0.2372648504082946, 2.0991611751976467, 0.6021813443404351, 0.9695173949748013, 
1.111429542922846, 1.9370297872225786, 14.477686270435967, 0.39719200189005033, 0.2372648504082946, 2.1389179996513543, 0.6021813443404351, 0.9452794601004312, 
1.111429542922846, 1.9370297872225786, 14.477686270435967, 0.39719200189005033, 0.2372648504082946, 2.1389179996513543, 0.6021813443404351, 0.9452794601004312, 
1.111429542922846, 1.9370297872225786, 14.578397489853218, 0.39719200189005033, 0.2372648504082946, 2.0459215648839044, 0.6021813443404351, 0.9452794601004312, 
1.111429542922846, 1.9370297872225786, 14.578397489853218, 0.39719200189005033, 0.2372648504082946, 2.0459215648839044, 0.6021813443404351, 0.9452794601004312, 
1.111429542922846, 1.9370297872225786, 14.319663679623511, 0.39719200189005033, 0.2372648504082946, 2.054606027861603, 0.6021813443404351, 0.9452794601004312, 
1.111429542922846, 1.9370297872225786, 14.319663679623511, 0.39719200189005033, 0.2372648504082946, 2.054606027861603, 0.6021813443404351, 0.9452794601004312, 
1.111429542922846, 1.9370297872225786, 14.093648164502627, 0.39719200189005033, 0.2372648504082946, 2.0790824884146, 0.5352723060803868, 0.9452794601004312, 
1.111429542922846, 1.9370297872225786, 13.859259547355625, 0.39719200189005033, 0.2372648504082946, 2.0028172017976646, 0.5352723060803868, 0.9452794601004312, 
1.111429542922846, 1.9370297872225786, 13.890616127649777, 0.39719200189005033, 0.2372648504082946, 2.025463620898996, 0.5352723060803868, 0.9452794601004312, 
1.111429542922846, 1.9370297872225786, 13.948121681969134, 0.39719200189005033, 0.2372648504082946, 2.066995410129642, 0.5352723060803868, 0.9222238635126158, 
1.1352888102351213, 1.9370297872225786, 13.976796493691237, 0.39719200189005033, 0.2372648504082946, 2.108414582617122, 0.5352723060803868, 0.9222238635126158, 
1.22907481721382, 1.9370297872225786, 14.025493074237868, 0.39719200189005033, 0.2372648504082946, 2.057840961824769, 0.5352723060803868, 0.9222238635126158, 
1.4258710960107175, 1.9370297872225786, 14.076584415848602, 0.39719200189005033, 0.2372648504082946, 2.09326429200821, 0.5352723060803868, 0.9002661524766011, 
1.6268966443567667, 1.9370297872225786, 14.146170182583774, 0.39719200189005033, 0.2372648504082946, 2.129448890710499, 0.5352723060803868, 0.9002661524766011, 
1.87437956902227, 1.9370297872225786, 14.210392331179015, 0.39719200189005033, 0.2372648504082946, 2.1628444079800246, 0.5352723060803868, 0.9002661524766011, 
2.0434975662827526, 1.9370297872225786, 13.765288138690657, 0.39719200189005033, 0.274657410868393, 2.197925674123919, 0.5352723060803868, 0.9002661524766011, 
2.1251412779237615, 2.018673498863587, 13.833324565058165, 0.39719200189005033, 0.4012184609505951, 2.14165135607181, 0.5352723060803868, 0.8793297303259825, 
2.151385437185427, 2.0449176581252524, 13.85519469777622, 0.42671668105942384, 0.4012184609505951, 2.1507358727393093, 0.5352723060803868, 0.8793297303259825, 
2.151385437185427, 2.0449176581252524, 13.85519469777622, 0.42671668105942384, 0.4012184609505951, 2.1507358727393093, 0.5352723060803868, 0.8793297303259825, 
2.151385437185427, 2.0449176581252524, 13.85519469777622, 0.42671668105942384, 0.4012184609505951, 2.1507358727393093, 0.5352723060803868, 0.8793297303259825, 
2.151385437185427, 2.06668325334719, 13.448285048474672, 0.5498029069260673, 0.4012184609505951, 2.1886085576213534, 0.5352723060803868, 0.8793297303259825, 
2.151385437185427, 2.135396200083213, 13.508527056612994, 0.597032672190891, 0.3209747687604761, 2.212393808414592, 0.5352723060803868, 0.8793297303259825, 
2.151385437185427, 2.2299799612713005, 13.55969776239188, 0.597032672190891, 0.3209747687604761, 2.2307627797198326, 0.5352723060803868, 0.8793297303259825, 
2.151385437185427, 2.2836179957888194, 13.37262330803318, 0.597032672190891, 0.3209747687604761, 2.2493297916682042, 0.5352723060803868, 0.8793297303259825, 
2.151385437185427, 2.365126123432072, 13.452913795299784, 0.597032672190891, 0.3209747687604761, 2.277544143544715, 0.5352723060803868, 0.8593449637276648, 
2.151385437185427, 2.447855970815679, 13.544352047671138, 0.5306957086141253, 0.3209747687604761, 2.277544143544715, 0.5352723060803868, 0.8593449637276648, 
2.1984167588464154, 2.494887292476668, 13.596334034770127, 0.5306957086141253, 0.3209747687604761, 2.277544143544715, 0.5352723060803868, 0.8593449637276648, 
2.2215910346449133, 2.5412358440736633, 13.621947708021096, 0.5306957086141253, 0.3209747687604761, 2.277544143544715, 0.5352723060803868, 0.8593449637276648, 
2.2215910346449133, 2.5412358440736633, 13.621947708021096, 0.5306957086141253, 0.3209747687604761, 2.277544143544715, 0.5352723060803868, 0.8593449637276648, 
2.3081863273862666, 2.7144264295563705, 13.717658294735225, 0.5306957086141253, 0.3209747687604761, 2.307519437185953, 0.5352723060803868, 0.8593449637276648, 
2.1533457530234896, 2.900293272855914, 13.832132063353207, 0.5306957086141253, 0.3209747687604761, 2.257889766816751, 0.5352723060803868, 0.8593449637276648, 
1.9575870482031725, 3.0260766665829095, 13.959399723716386, 0.6314492730683088, 0.3209747687604761, 2.291474288301479, 0.5352723060803868, 0.8593449637276648, 
1.9575870482031725, 3.0772701535555615, 14.02441040751169, 0.6826427600409607, 0.3209747687604761, 2.3085387839590297, 0.4817450754723481, 0.8593449637276648, 
