0.0, 0, 0.08782417950392762, 3.222960104367031, 0, 0.850531569857916, 0, 0.844593455533448, 
0, 0, 2.570413945124757, 0, 0, 5.787448938671623, 1.6418746695496396, 11.080210081887824, 
0, 0.0, 0.21694599798355885, 0, 0, 0.0, 0, 0.0, 
1.8354783601275102, 0, 3.29640666894279, 2.5275565516676997, 0, 0.8832842895068906, 0, 1.1736541552017075, 
0, 0, 0.4726461780848581, 0.0, 0, 0, 3.1172099348832036, 8.133666918276617, 
0, 0, 24.775526215989423, 0.0, 0, 1.318772328209306, 0, 1.0876767121570665, 
0, 0, 0.4708680510429346, 1.4034923561052346, 0, 14.825367973266147, 0, 1.1336111194094696, 
0, 0, 0, 0, 3.282114702764206, 0.9029342692841515, 0, 0.9857315632056709, 
0, 0.0, 0, 0, 0, 0.0, 0, 0.6944543598027653, 
0, 0, 0.0, 0.0, 0, 0.2066005065136416, 0.8585799310267896, 3.7758667384033724, 
0, 0, 0, 0, 0, 0, 0.13163451309336197, 0.0, 
0, 0, 3.9844565146435684, 0, 0, 0.0, 0, 0.9311246252704755, 
0.0, 0, 0.0, 0, 0, 0.0, 0, 0.5513732970031011, 
0, 0.0, 7.427993480889805, 0.0, 0, 0, 0.4805374168122114, 0.14819222008186836, 
0.0, 0, 0.01795483784630747, 0.33517263432448097, 0.0, 0, 0.9262719700242974, 1.8991301344058744, 
0, 0, 0.069431036638683, 0, 0, 0.0, 0, 0.283209827163182, 
0, 0.0, 0, 0.0, 0, 1.5326621853925033, 0.0, 0, 
0, 1.9325171215280506, 0.7114904318288868, 1.7120479837169036, 0.0, 1.9632629271018578, 0, 0.0, 
0, 0, 4.931731821113715, 0.0, 0, 0.20537012198436955, 0, 0.0, 
0.0, 0, 0, 0, 0, 0.36722593043265483, 0, 0, 
8.009292894643794, 0, 23.070284061148186, 0.0, 0, 0, 0.3512334969962829, 1.0320543040473737, 
0, 0, 0.014501907216328528, 0, 0, 0.0, 0, 0.03236154820018866, 
0.0, 0, 7.27183017683325, 5.472421715524941, 6.6836138996503305, 5.125466577029764, 0.0, 0, 
0, 0.0, 0, 4.660543596173818, 0, 23.59408777384977, 0.0, 0, 
0.0, 0, 0.0, 0, 0, 1.4889423278335834, 1.6815109795821295, 0.5224545312869893, 
0.0, 0, 12.761331159630538, 0, 0, 0.0, 0.8706838841052766, 1.0390423165792217, 
0, 0, 0.0, 0.0, 0, 0, 0.0, 0.6709214672833834, 
0, 0, 0.0, 0, 0, 1.6211482096634133, 0.0, 0.7324587605830635, 
0, 0, 0, 0, 0, 1.9844095820508567, 0, 1.8128573090534252, 
0, 0, 0, 2.5898990426694084, 4.051135898761225, 2.6359589893117867, 0, 2.8166815307631627, 
0, 0, 0.0, 0.0, 0, 2.089400983408682, 0, 0.0, 
0.0, 0, 0, 0, 0, 0.0, 0, 1.6167391590271911, 
0, 0, 2.992698109033876, 2.13212284362171, 3.891867751242648, 0.0, 1.6189449724626659, 0.03890537591352938, 
0, 0, 0.0, 0, 6.888988831836707, 0.0, 1.4200161853849647, 2.4177339280013683, 
0.0, 0.0, 0.0, 0, 3.324518542243825, 2.9093732489090844, 0, 2.4766664087637196, 
0, 0, 0, 0.0, 0, 0, 0, 2.0800459563782177, 
0.0, 0, 0.0, 0, 0, 0.0, 0, 1.8539563680045883, 
0, 0, 0, 0, 0, 11.32830905397241, 0.6645015220109227, 1.135875692262331, 
0.0, 0, 4.1630234362218115, 0, 1.425448627231896, 1.9428800448996046, 0, 0.7109772750203498, 
0.0, 0, 0.0, 2.0851952412264136, 0.0, 13.376491906738016, 2.461471619354926, 2.4959598564339496, 
0, 0, 0.0, 0, 0, 1.1542699815843296, 0.6638419703791114, 2.424025646712967, 
0, 0, 0.0, 0, 0.0, 4.9279196646086865, 0, 3.2859531594208162, 
0, 0.0, 0.0, 0.0, 0, 3.569626024250379, 0, 2.5923218189045754, 
0, 0, 0.0, 0.0, 2.355453495810618, 0, 0.12572514381354427, 2.9481315124058414, 
0.0, 0, 0.0, 0.8597132084312842, 0, 9.620771399319695, 0, 1.2277462038120506, 
0, 0, 0.0, 0, 0.16852541041699354, 0.0, 0, 1.537545919193977, 
0, 0.0, 0.0, 0.6388815204154152, 0, 0.0, 0, 1.7254367629845753, 
0, 0, 1.5188224625243807, 0, 0, 0.0, 0.0, 0.0, 
0.0, 0, 8.751205947839754, 0.0, 0, 0.0, 0.0, 1.2057601150765689, 
0.0, 0, 0, 0, 0.7052496745231629, 6.158761289945302, 0.0, 0.5589341230486763, 
0.0, 0.7584164759916163, 0, 1.0487271831948668, 0, 1.7487405416279806, 1.4317988230791592, 0.0, 
0, 0, 0, 1.1591827578810179, 0, 0.0, 1.522002554643878, 0.640228913364361, 
0, 0, 0.0, 5.593058320588301, 0, 0.0, 0, 2.3523361309426005, 
0, 0, 0.0, 3.276395461804369, 0, 7.732144746172186, 0, 0.9763086572701365, 
0, 0, 4.339704454486164, 0.0, 0, 0.0, 0, 1.7204229286126131, 
0, 0, 0.0, 0, 0.0, 0.40004163354557676, 0, 0.0, 
0.0, 0.0, 0, 0, 0.0, 0, 0, 0.5780281142979403, 
5.243429422992265, 0, 7.534173041549964, 1.0582854050347565, 3.1468431729314896, 0, 0, 1.0870933386110997, 
0, 0, 0.3715602633258192, 3.6277742191847726, 0, 6.619034115495469, 0, 1.6869860846425648, 
0, 0.0, 15.569968100856414, 0, 0, 2.023583452182149, 0.24983389091170638, 0.21993171376668505, 
0, 0, 1.5889904142660356, 4.312400756940006, 0, 1.3167617631047106, 0.29299391913352224, 2.159710019778267, 
0, 0.0, 1.163729907766701, 7.234432248566255, 0, 25.21022443823342, 0, 0.18843374659228074, 
0, 0, 0, 0.0, 0, 5.212530032686862, 1.2414363758019853, 2.830615031397141, 
0, 0, 5.998784981350244, 0, 0, 0.0, 0, 0.26096811051293756, 
0, 0, 12.195575843128067, 0, 0, 0, 0, 0.0, 
0, 0, 3.31703192870937, 0.0, 0, 5.274593116004224, 0, 0.0, 
0, 0, 7.689180591592043, 0.0, 0.0, 0, 0, 1.2056034790634043, 
0.03580295297111036, 0.0, 0, 0, 0, 0, 1.0151763772561537, 4.018694817139584, 
0.0, 0, 0, 0.0, 0, 0, 0, 0, 
0, 0, 0.0, 6.919513148714261, 5.989853748251382, 7.342311511988289, 0.0, 1.5551705944516117, 
0.0, 0, 8.159481097326386, 3.4731982969037354, 0, 1.0672912524612677, 0, 2.2998330629496597, 
0.9896926440817566, 0.0, 5.2559343824626445, 0, 0, 1.0243863700741294, 0.0, 0.0, 
0, 0, 0.0, 0, 0.0, 0.0, 2.1228177107146595, 0.0, 
0, 0, 0.0, 0, 0, 10.944484183263292, 0.9038152581732497, 0.0, 
0, 0, 0.0, 0.9705221719706199, 0.0, 1.4541663632593984, 0, 1.2381530976037318, 
0.0, 0, 0.39592797424848136, 0, 0, 0.0, 0, 1.3414274946015294, 
0.0, 0, 0.0, 0, 0, 0, 0.0, 3.804634800381847, 
0, 0, 0.0, 0.9016317656219126, 0, 34.08029732599243, 0, 0.0, 
0, 0, 1.2037298569928474, 0.0, 0, 0.0, 0, 1.9916112290835812, 
0, 0, 0.0, 2.7030883410927355, 0, 8.414892948906179, 0.0, 0.8909645894613312, 
0, 0, 0, 0, 0.0, 0, 0.0, 2.726415069373185, 
0.0, 0, 0, 2.710114270167254, 0, 13.414071976559384, 2.2090000869610495, 1.8257874758914074, 
0, 0.0, 7.797553733083132, 0, 0, 4.485721541018053, 0, 3.717293542022332, 
0, 0, 1.1925628852788357, 0, 0, 0.43755861411282043, 4.633995584131265, 9.49230096142349, 
0, 0, 12.181483728432163, 0, 0.0, 1.742287265001817, 0, 2.3888062847143336, 
0, 0.0, 0, 0, 0, 1.1441234747589482, 0, 0, 
0.0, 0, 5.980153992305265, 0, 0, 0, 0.0, 0.1836502808315792, 
0, 1.5636211370448567, 0.3255486702815107, 0.0, 0, 0, 0, 0.0, 
0, 0, 0, 2.3398114043948466, 0.0, 3.5038143848439347, 0, 1.4232496370215624, 
0, 0, 0.5968269603149565, 0, 0, 7.699537451594998, 0.0, 0.8254450435757992, 
0, 0, 0.19871546601470058, 0, 0, 2.208360582154474, 0, 4.35639997494991, 
0, 0.0, 4.299728900168672, 0, 0.0, 1.705735949733123, 0, 0.0, 
0, 0, 0.0, 0, 1.1700745096225122, 5.358756531269155, 0, 3.3455890538628736, 
0, 0, 0, 2.720974673224607, 0, 1.535621350137434, 0, 0.0, 
0, 0.0, 8.0472224143011, 0, 0, 1.310362897778826, 0, 2.1542597679428055, 
0.0, 0, 12.43771267544151, 0, 0, 1.8876133131714399, 0, 1.0638502258404094, 
0, 0, 0, 1.5600976311753953, 0, 0.0, 0, 0.0, 
0.0, 0.0, 0.0, 0, 0, 0, 0.0, 0.0, 
0, 0, 0, 0, 0.0, 33.21108462719088, 0, 1.7740051329998459, 
0, 0, 4.793959649507178, 0, 0, 1.6054970791113732, 0.0, 2.4301556442613332, 
0, 0, 3.1483509913585994, 3.7624124189139927, 0, 0, 0, 0.6528338808182121, 
0, 0, 0, 0.0, 0, 3.6092187893146352, 0, 0.0, 
0, 0, 0, 0, 0, 1.6161089236970376, 0, 0.36455213352013605, 
0, 0.0, 0.0, 0, 0, 0, 0, 0.09143520554299478, 
0, 0, 10.311203338774716, 0, 0, 0.0, 0, 0.40403520181010677, 
0, 0, 0.7076350169376844, 0, 0, 0.0, 1.8543889128684121, 4.385852353538675, 
0, 0, 1.3663934992542135, 0, 0, 5.096274515292441, 0.14856911799230677, 2.353747944579048, 
0, 0, 0, 0.0, 0, 1.7161821609453263, 0, 3.638990659129045, 
0, 0.0, 0, 0, 0, 2.112895825876489, 0, 0.37388082809374446, 
0, 0, 0.0, 1.598816798639545, 1.5716963412390492, 19.351624030135763, 0, 2.5154934322011155, 
0, 0, 4.844595453321779, 0, 5.321387974353632, 6.501573554121471, 0.0, 0.43092725616285943, 
0, 0, 11.087657453924686, 0, 0, 1.1487478649375849, 0, 1.9541564533114446, 
0.3074090621935852, 0, 0, 4.222438000113467, 0, 0, 0.0, 0.0, 
0.0, 0, 0, 0, 0, 6.331136307214071, 1.3305114991295, 0.7121314868696782, 
0, 0, 7.599590583317432, 0.0, 2.326523351076492, 21.44543543848265, 0.49331861987730896, 0.0, 
0, 0, 0, 0, 0, 0.10222136901532863, 1.665331388085474, 0.5712412495562739, 
0.0, 0, 0.0, 0.4247765947600888, 0, 18.7032156167276, 0, 0.49901529238887965, 
0.0, 0, 0.0, 0, 0, 0, 0, 0.0, 
0, 0.0, 0.0, 0.0, 0, 2.941880398638893, 0, 0.3621433405997977, 
0.0, 0, 0, 0, 0.0, 3.0074786902968818, 0, 0.0, 
0, 0, 11.304132814036313, 4.334280511599337, 0, 2.5466381903657003, 0.24408623279606445, 1.6745130415098324, 
0, 0, 26.726932102451986, 0, 0, 0, 0, 0.35854591105562805, 
0, 0, 0.0, 0.0, 0.0, 0, 0, 1.261461910720016, 
0, 0, 0.0, 0.0, 0, 0, 0, 0.0, 
0, 0.0, 2.108272956170987, 0, 1.3040830904519112, 1.2824894514770646, 0, 0.5000004403506719, 
0, 0, 0, 0.0, 0, 0, 0.0, 1.4007540418394449, 
0.19189643568897807, 0, 0, 0.0, 0, 5.125424312970781, 0, 2.62020329429424, 
0, 16.824836549062823, 8.991773043600224, 0, 0, 0.0, 0, 0.0, 
2.2707797004714365, 0.0, 0, 0.009738798271198945, 1.4235818581910853, 14.80045279993165, 0, 0.42841981941971286, 
0, 0, 0.0, 0, 0, 1.6862712439595147, 1.5544086250659772, 2.8255392914836466, 
0, 0, 1.0823234736179561, 0.0, 0, 13.512739118472293, 0, 1.8229229145041432, 
0.0, 0, 0, 0.0, 0, 0, 0, 0.0, 
0, 0, 0.0, 0, 1.4371966010931043, 9.347468126564722, 0.7916781310176404, 2.2480471782675204, 
0, 0, 2.9249011520333017, 0, 0, 1.4886646715571779, 0.4345857911289232, 0, 
0, 0.0, 0.0, 0, 0, 1.151743554225929, 0, 0.11137808773430535, 
0, 0, 0.0, 0.9113355366318979, 0, 0, 0, 0.8146045297810545, 
0, 0, 0, 0.0, 0, 0, 1.3788884176735028, 1.5828587938949517, 
0.0, 0, 0.0, 0, 0, 0.0, 0.0, 3.2672203815073537, 
0, 0.0, 11.48257699574414, 0, 0, 0.0, 2.2226833045422563, 1.81705081628636, 
0, 0, 0.0, 7.07927414638918, 0, 1.3543476310215148, 0.0, 0.35283152494794967, 
0.0, 0, 0, 0, 0.0, 4.0613329738131405, 0, 1.6875651754032228, 
0, 0, 3.788169652133205, 0, 1.5494739820303614, 12.356690888927108, 0.0, 0.10735620896260982, 
0, 0, 7.668733598225508, 0, 0, 4.408754957862583, 0.5200222033317257, 3.699251664895334, 
7.119503433157525, 0, 21.947653413340426, 0, 2.661594458103439, 0.0, 0, 0.011650715317063076, 
0, 0, 0, 6.083436910800508, 0, 9.166112990089573, 0, 0.0, 
0, 0, 0, 4.387834001991628, 0, 9.310972398331232, 0.0, 0.5248993872098829, 
0.0, 0, 1.3465486342695216, 0.16433307047996237, 0, 0, 0, 1.1023584882696982, 
0, 0, 12.710416795327157, 0, 0, 0, 0, 5.058350063976552, 
0, 0, 0.0, 0.0, 0, 0, 0, 0.0, 
0, 0, 0.0, 0, 0, 0, 0, 0.0, 
0, 0, 0, 0, 0, 0.0, 0.0, 0, 
0, 0, 2.7907351255444475, 0.0, 0, 8.560067922510788, 0, 0.0, 
0.0, 0, 17.450430650670626, 0, 0.0, 2.742753157241584, 0, 0.7481478309941405, 
0, 0, 0, 4.677189842915037, 0, 18.138814090666223, 0, 0.0, 
0, 0, 0.0, 0, 0, 0, 0, 0.0, 
0, 0, 0.0, 0, 0, 0.4750516434086194, 0, 0.0, 
0, 0, 0, 0, 0.0, 0.0, 0.7947627014124858, 3.5554911825686553, 
0, 0, 0.0, 0.13803906049636971, 0, 3.14345104192531, 0.0, 0.0, 
0, 0, 1.8548451213926604, 0, 0, 0.0, 0.7260953670316699, 5.331811937523072, 
10.42386625398787, 0.0, 9.780835157553302, 0, 0, 0, 0.9560843247074216, 0.7443554843917259, 
0.0, 0, 2.8129538713160365, 0.0, 0, 3.01169091895599, 0, 0.7985619266124167, 
0.0, 0, 3.750343177958847, 1.1663923232988358, 0, 0.0, 0, 0.7231297456191488, 
0, 1.473797647796962, 11.703941583282896, 0, 0, 0.0, 1.6066265245397249, 5.874695625528479, 
0.0, 0, 3.2020214545298096, 0.0, 0, 1.85384461612463, 0, 0.0, 
0, 0.0, 8.176819613143907, 4.449328649786386, 0.0, 42.232033161154945, 0.0, 0.12995552818223732, 
0, 0, 0.23367982279851063, 0.0, 0, 0.0, 0.17433808104108195, 0.20501179044743445, 
0, 0, 0.0, 0, 0, 7.435271421911555, 0.0, 0.0, 
0, 0, 0.15335644674412427, 1.0716866059557084, 0, 2.6085096026563956, 0, 4.1661819472158514, 
0, 0, 11.151333191797994, 2.9591821327669994, 0, 2.0931372414215623, 0.0, 0.46491377199975475, 
0.0, 0, 1.1125480526916114, 0, 0.0, 0, 0, 0.0, 
0, 0, 0, 0, 0, 2.5087742026971007, 0, 0.0, 
0.0, 0.4973303350465308, 10.504903898745, 0, 0, 1.1936498377920106, 1.2296420425746426, 0.3523187264904655, 
0, 0, 6.1782131747918605, 0, 0, 1.1613358588955704, 0.0, 0.0, 
0, 0, 0, 0, 0, 1.7287214790353789, 0, 1.3241911279593286, 
0.0, 0, 11.921714780334604, 0, 0, 3.046661225853196, 0.0, 0, 
0, 0, 0, 0, 0, 1.6208899763988331, 0.0, 0.0, 
1.7476295616165114, 0, 0.0, 0, 0, 0.0, 1.9120394719635225, 0.5352417062307473, 
0.0, 0, 2.16216206358829, 0, 2.143037521866379, 0.0, 0.06387578341876665, 0.0, 
1.5529621907399047, 0.0, 9.787473143155987, 0, 0, 1.5547737821284393, 1.2140178322006947, 7.4430195988065275, 
0, 0, 0.0, 0.9031282639305243, 5.890447779691389, 14.946449846813646, 0, 0.03057518169358649, 
0, 0.0, 2.3385256012344353, 0, 0, 0.0, 0.0, 0.8495478664088139, 
0, 0, 0.0, 0.0, 0, 0, 0.0, 0.0, 
0, 0, 5.978973556996104, 0, 0, 0.09255766270772092, 0, 0.0, 
0, 0, 3.648926629557703, 0, 0, 0.0, 0, 3.118819288126267, 
0, 0.0, 19.073476924148647, 0, 0.0, 0, 0, 0.0, 
3.740668147488323, 0, 0.0, 5.353821079142661, 0, 4.43493039950256, 0.5572388368219121, 1.4510583054586081, 
3.8413635631695335, 0, 5.989124804392361, 2.1195889813590085, 0, 1.865148793850885, 0.0, 0.0, 
0, 0.0, 4.433471512680524, 0, 0.0, 0, 0.0, 0.46055629493300565, 
0, 0, 0.0, 2.6625752052939937, 0, 26.07918871615394, 0, 2.8867256474087712, 
0, 0, 10.796969217433336, 0, 0, 0.0, 0.0, 0.0, 
0, 0, 0.0, 0.0, 0, 0, 0, 0.526980838465408, 
9.120265820919387, 5.36820281221679, 10.025921491542325, 0, 0, 4.329708111194992, 2.3524097135390525, 1.827122090604199, 
0, 0, 6.593429962566155, 0, 0, 4.225843423190985, 2.6968510506339136, 0.19792993223391964, 
0, 0, 15.481943469736912, 0, 1.6880453572947172, 15.566475536500784, 0.0, 0.0, 
0, 0, 0.0, 0, 0, 1.0507527067687301, 0.0, 1.7446018585427403, 
0, 0, 6.931935604892497, 1.5659673758421384, 0, 0.59159802910896, 0, 0.5005675752177698, 
6.810591935301878, 0, 7.942508249650364, 0, 0, 7.317079711549974, 0, 0.5368825290151928, 
0, 0, 0.0, 3.9724426359427643, 0, 3.350499633816215, 0, 0.0, 
0, 0, 0, 0, 0, 4.647552783469698, 0, 0.0, 
0, 0.0, 0, 4.248314540216548, 0, 7.963001906123612, 0, 1.4463952011554202, 
2.7318524676196105, 0, 0, 0.0, 0, 0, 0.0, 0.0, 
0, 0, 0.3567181904412351, 0, 0, 9.968104629460097, 0, 2.029152656247235, 
0.0, 0, 0, 0, 0, 0.0, 0.0, 0.8777220320364503, 
0, 2.605510674062728, 0, 3.0042567673843976, 0, 13.893265559867634, 0.0, 0.6091949822799028, 
0, 0, 0, 0.0, 0, 0, 0.0, 0.792454780039292, 
0, 0.0, 0.0, 14.808799427614955, 19.957870732903306, 10.800259735615754, 0.0, 2.836626034505857, 
0.0, 0, 0.0, 0, 0, 0.0, 0, 1.00199329736641, 
0, 0, 0, 0, 3.9716606099500265, 5.259600010862442, 0, 0.0, 
0, 0, 0, 0, 0, 0.0, 0, 1.5365986071011968, 
0.39696033131390784, 0, 21.056081325960694, 4.368270506204432, 0, 0.0, 0.0, 1.3861806311740708, 
0, 0, 0.0, 4.019345451796651, 0, 0.0, 0.0, 0.0, 
0.47041108549026944, 0, 1.8333275015538488, 0.0, 0, 0.0, 0, 0.5089664145251529, 
0, 0.0, 20.447888435779227, 0, 0, 0.994092232067894, 1.2114689907270013, 1.6531621165268757, 
0, 0, 1.160642126129463, 0, 0.0, 0, 0.0, 0.6207238485082289, 
0, 0, 6.318861040531341, 2.1099118361103657, 2.3561082762022796, 0, 0.0, 0.8757631924029079, 
0, 0.0, 0.0, 0.0, 0, 0, 0, 0.0, 
0, 0, 3.185200496554827, 3.2047270250457442, 0, 0.0, 0.0, 0.635763494277481, 
7.594483521329867, 0.0, 7.362315076029864, 0, 0.5473412427538626, 4.201246979693536, 0.0, 0.0, 
0, 0, 0, 0, 0, 2.1458651368407082, 0, 0.6069002934380539, 
0, 0, 0, 2.082725660826333, 0, 0, 0.17828587101897714, 0.884611057946417, 
0.0, 0, 0.0, 0.0, 0, 1.336661846994823, 0, 0.0, 
0, 0, 1.2911149787899685, 0.0, 0, 7.913568474225951, 2.3053063625911694, 2.53468785050601, 
0, 0, 0.0, 0, 0, 1.2608491056998359, 0, 0.7440962641415849, 
0, 0, 1.8429878235829449, 1.9758918638810936, 0.0, 0, 0, 0.0, 
0, 0, 0.0, 0.0, 3.634650570368119, 0, 1.5277343370874985, 0.3365715874967601, 
0, 0, 0.0, 0.17344483448049175, 0, 16.41056738421114, 0.0, 0.8008555206328261, 
0, 0.0, 0, 0.0, 0, 0, 0, 0.13800488184594784, 
1.5536411981647653, 0, 15.339302806196171, 0.0, 0, 0.10145533530642847, 0, 0.0, 
0, 0, 0.0, 0, 0, 0.0, 0, 0.21571470371431167, 
0, 0, 4.513202484809094, 0, 3.080713926247469, 13.163936285665239, 0, 1.9572343747265624, 
0.0, 0, 13.189934491338173, 0.0, 0.16510808558770762, 0, 0, 2.463999760894549, 
0, 0, 0, 0, 0, 0, 0, 0.4663877632199669, 
0, 0, 0, 0, 0, 0, 0, 0.0, 
0, 0, 0.0, 0.0, 0, 2.024605454190464, 2.479525474110814, 1.2281015018052768, 
0, 1.0735308096540024, 0.0, 0.0, 0, 0, 0.0, 1.6629292468479462, 
0.0, 0, 0, 0.0, 0, 9.575439958879883, 0, 1.9569254474956903, 
0, 0, 5.358524245468672, 0.0, 0, 4.694070303515136, 0.0, 2.9255199692140397, 
0, 0, 4.60740740511357, 1.5394215833284726, 0, 5.118489086851039, 0, 0.26933158957779507, 
0, 0, 0.0, 0, 2.2770327624983544, 0.0, 0, 0.0, 
0, 0, 1.987319317105186, 0, 3.3775145251113265, 0.9080225854524846, 1.9331085016605059, 0.0, 
0, 0, 0, 4.169701173197568, 0, 2.4581301230916313, 0, 0.0, 
0, 0, 0.0, 0, 0, 0, 0.0, 1.4938826345082958, 
0, 0.0, 1.4248079223301113, 0, 0, 0.0, 1.2570847618845704, 0.20726238319824355, 
0, 0, 0, 0, 0, 0.8914774334538027, 0, 0.4307637205805463, 
0, 0, 0, 0.0, 0, 3.0224958268073863, 0, 0.0, 
0, 0, 3.2995190838517754, 0, 0, 2.1116443800473093, 0.38697083439474067, 0.24545821750976682, 
0, 0, 0.0, 0, 0.0, 0, 1.5112477273321225, 2.8748941966743806, 
0, 0, 0.0, 0, 0.0, 0.0, 2.7934706879232687, 7.845721108919772, 
0.0, 0, 0.0, 0.0, 0, 8.468164726481046, 0, 0.36672406320804996, 
0, 0, 19.905797324308942, 0.0, 0.14514611809893552, 5.11474679694348, 0.0, 0.34009379898115943, 
0.0, 0, 17.425669095379174, 0, 0.0, 0, 0, 0.0, 
0, 0, 3.043692068089811, 0, 0, 15.669227650803997, 0.07405281194051483, 5.422272475640757, 
0, 0, 1.6808545022544514, 0, 3.543552223693019, 4.1540128033999535, 0.0, 1.42235967290079, 
0, 0, 0.0, 0, 3.276810918838148, 13.208231689131287, 0.0, 1.3902241097582824, 
0, 0, 3.726171931236127, 0.0, 0, 2.192880861122113, 0, 0.1951334806480136, 
0, 0, 4.01169515005447, 0, 3.507387797815184, 0.7057866153614647, 0, 0.23735483794031254, 
7.65693908513512, 0, 0, 0, 0.0, 15.763823765102634, 0.0, 0.4974380107594829, 
0, 0, 3.515706033071968, 0, 0, 0.0, 1.4452152182939437, 0.8247059346463604, 
0, 0.0, 14.289091996351683, 0, 0, 1.9798815059594252, 0, 0.34641384707946554, 
0, 0, 1.1373963743730553, 2.996371604758931, 0, 2.7757459857790714, 0, 1.7390069252087343, 
0.0, 0, 0.0, 0, 0, 0.0, 0.20292295369059765, 1.0359215191378675, 
0, 0, 0, 2.4471995022053736, 4.518618387110402, 1.5728813340911327, 0, 0.0, 
0, 0, 0.0, 0, 0, 0.07118762107466692, 0.0, 4.021024714940177, 
0, 0, 8.018784990230548, 0, 0, 0.0, 2.800422339250872, 7.4706492210116595, 
0.0, 0, 0, 0, 0, 0.0, 0, 0.0, 
0, 0, 0, 0, 0, 0.0, 0, 2.0195612872689415, 
0, 0, 0.0, 4.136337430525735, 0, 0, 0.34891529598511123, 0.6244019821000917, 
0, 0, 0.0, 0, 0, 0.0, 0, 0.0, 
0, 0.0, 6.516065697075069, 0.9950972308521083, 0, 25.561673171862225, 0, 0.24110828810601115, 
0, 0.0, 14.810059765935394, 6.49351460241994, 0, 0, 0.0, 1.3609327555283386, 
0.0, 0, 4.108458763052891, 9.354499090590112, 0.0, 0, 1.0012527962587896, 0.0, 
0.0, 0.0, 0, 0, 0, 1.825504231640238, 0, 0.0, 
0.48952746413891823, 0, 2.1903647712693797, 3.4428076711809945, 0, 5.384410852539887, 0, 0.564489453244922, 
0.9500567519862626, 0.0, 0, 5.039825769467544, 0, 12.081156762413535, 0, 0.0, 
0, 0, 0.0, 0, 0, 0.0, 0, 0.21055974617603646, 
0.0, 0, 0, 0, 0, 0.0, 0.0, 0.0, 
0, 0, 10.101547751185661, 0, 0, 0.0, 0, 0.0, 
1.3095968604668826, 3.76232210871496, 0, 1.1876881164709356, 9.586675707713031, 0, 0.0, 1.6911716970115784, 
0.0, 3.2464125228750333, 0, 0, 0, 13.216405151915065, 0, 0.0, 
0, 0, 0.0, 0, 0, 0.35692844840524884, 0, 0.47184148951152327, 
0, 0, 0, 0.0, 0, 9.381624969367722, 1.0145890290215105, 1.013638332903301, 
0, 0, 0, 0, 0.0, 5.376668155044424, 0, 0.022359426904952073, 
0, 0, 15.62483410433548, 4.067747802714252, 8.11209347476933, 0.0, 0, 1.0188361282893297, 
14.087029842342615, 9.84089875815762, 9.41311006660084, 0.0, 0, 1.5846790401797932, 0.763223840781639, 0.3333564628252268, 
0, 0, 8.853169850852122, 3.5727897490510636, 0, 10.272506280235453, 0.0, 1.1651607875787622, 
0, 0, 0.0, 0, 0, 2.1530308742129867, 0, 0.0, 
0, 0, 13.423710296627103, 1.1884484174023981, 0, 5.6042581815900405, 0, 0.14556959230215583, 
0, 0, 3.3614981870447616, 0, 0, 1.1599855858152308, 0.0, 0.0, 
0, 0, 0, 0.6701243558421428, 0, 13.906214660542943, 0, 0.0, 
0, 0, 0, 0, 0, 0, 0.0, 1.6232874857644042, 
0, 0, 2.2449785815222407, 0.9248408625532942, 0, 13.043109392546095, 0, 0.0, 
0, 0.0, 6.842668248873099, 1.9705301676208613, 0, 0.0, 0.0, 0.0, 
0, 0, 0.9542079256858442, 0, 0, 3.787373576011807, 0.0, 0.4676399787100434, 
0, 0.0, 0.0, 4.391187350398348, 0, 0.29216647835622567, 0.0, 1.6830683948795548, 
0, 0, 0, 0, 0, 0.0, 0.0, 0.8333268781702108, 
0.0, 0, 0.0, 0, 0, 0.9879987919229678, 0, 0.0, 
0.0, 0, 5.27740396875225, 0, 0, 0.4568452588214935, 1.39735526457733, 1.1320924624487383, 
0, 0, 19.01463454195703, 0, 0, 0, 0, 0.5029761506807411, 
0, 0.0, 0.0, 0, 0, 4.444713768092264, 0.0, 2.8048437202832766, 
2.339343668796724, 0, 2.7188425287588975, 0, 0.0, 0, 0.0, 0.0, 
0, 0, 0.0, 0, 0, 0, 0, 0.40802372045936064, 
0, 0, 8.319445608317283, 0.0, 0, 0, 0, 0.0, 
0, 0, 0, 0, 0.8459800396433987, 5.961583634436234, 0.31355633429195606, 1.5008010330090036, 
0, 0, 17.477152678788094, 0, 6.387734050232297, 8.21749188522718, 1.0354300355857315, 4.258042848953574, 
0, 0, 2.615686314773743, 0, 0.0, 0.0, 0, 0.1451433743053355, 
0.0, 0.0, 7.1611141295688014, 0, 0, 0.5311115291575064, 0.0, 1.158787799795581, 
0.0, 0.0, 0, 0, 0, 0.0, 0, 0.0, 
0, 0, 0, 0, 0, 0.0, 0, 0.34178149772539673, 
0, 0, 15.827213888081074, 0.0, 0, 0, 0.661759459629315, 1.7535518901529548, 
0, 0, 0, 1.7562831214427064, 0, 7.465450902718356, 0, 0.9020567373048175, 
0, 1.0364898272127263, 0.0, 2.0727074334244673, 0, 0.0, 0.0, 0.3990676084172757, 
0.050089684383644695, 2.047023383441214, 0, 0, 0, 0.0, 0, 0.5419440430805302, 
0, 0, 0.8244445545656749, 0, 0, 0.0, 0, 1.1951455376101858, 
0, 0, 13.55738803809126, 3.104323742311067, 0, 0, 0, 2.6135096578667247, 
0, 0, 0.0, 0, 0, 2.0291603451964653, 0, 0.9730355021920842, 
0, 0, 0.0, 0.0, 0, 0.0, 1.6486637484852371, 0.0, 
0, 0.0, 0, 2.6307883064991753, 0.0, 2.0026610487786276, 0, 0.0, 
2.9669208810547776, 0, 4.789149759782341, 0, 0, 0.5058347436380064, 2.3966705908749684, 5.106160401997702, 
0, 0.0, 0, 0.0, 0, 7.72195603642248, 0, 0.0, 
0, 0, 1.221488771140641, 0, 0, 0.23416428624021476, 0, 0.06624559896591257, 
0, 0, 0.0, 0, 0, 0.0, 0, 0.2443299179855618, 
0, 0, 0, 0.0, 0, 0.0, 0.0, 0, 
0.0, 0, 1.310924330377449, 0, 0, 0.0, 0.0, 1.7666068375614632, 
0, 0, 0.0, 0, 0, 0, 0, 0.595583567509923, 
0.0, 0, 0, 0, 0, 0, 0, 0.8765550912214989, 
0, 0, 18.53649096456447, 0, 0, 0.0, 0, 0.0, 
0, 0, 2.853086775680226, 0.0, 2.245612715169183, 1.5940478711837116, 1.596569202056691, 0.7375761740699596, 
0, 0.03543163112027692, 3.2345399053074413, 0, 0, 0.06541061392455116, 0, 0.0, 
0, 0, 0.024515071575356373, 0, 1.2307844102930074, 9.850230090177135, 0, 0.0, 
0, 0, 0.0, 0, 0, 0.8778060055072366, 0, 3.0940098560569878, 
0, 0.0, 0, 0, 0.0, 12.594796868779857, 0, 0.3409730445433176, 
0.0, 0.0, 0, 1.666579825446913, 0, 0.0, 2.57947760831771, 3.0491813884301733, 
11.604468705272524, 0.0, 10.609369837550979, 0, 0, 0.0, 0.0, 1.2328339987529007, 
0, 0, 0.0, 0, 1.3227350023806177, 11.597689625529197, 0.0, 1.2812957752146392, 
0, 2.445168337108438, 1.062383780485608, 0, 0, 0, 0, 0.0, 
0, 0.8834878272798115, 0.0, 0, 0, 0, 1.1114182233186227, 0.0, 
0.0, 0, 2.7551115961343555, 0.550278909001479, 0, 4.580653817499851, 0, 0.5621925395967193, 
0, 0, 0, 0, 0, 0, 0.04299660505878933, 2.6580396148522603, 
0, 0, 6.961128769660178, 1.7051829825692884, 3.003107057643616, 0, 1.27489453029159, 1.9225151678060384, 
0, 0, 6.700620671761619, 0, 0, 3.6114654266228907, 0.0, 2.3470342548134395, 
0, 0, 12.863914874825067, 3.8727038243641996, 0, 0.0, 1.487039919880353, 1.5615952238617354, 
0, 0, 0.0, 0.0, 0, 0.0, 0, 0, 
0, 0, 0.866573463325917, 0, 0.0, 0, 0.0, 0.0, 
0, 0, 2.808284498136811, 0.0, 0, 0, 0, 5.106302709733869, 
0, 0, 0, 0.04290421969528069, 1.8944776508575218, 1.356850891377277, 0, 0, 
0, 0, 6.186184780898404, 0.0, 0, 0, 3.023253928718704, 4.691401120813441, 
0, 0, 0, 0, 0.0, 0, 0.0, 1.2521491750465876, 
0.0, 0.0, 0, 0, 1.0006057138151032, 1.2229559362359432, 0.0, 0.0, 
0, 0, 0.0, 0.0, 0, 0.0, 1.4962543664819137, 2.108913929916901, 
0, 0, 10.404383737874573, 0, 0, 3.1351367688578278, 0, 0.7667927788439416, 
0, 0, 5.006247117168777, 0, 0, 5.563566687963302, 0, 1.1645378449084922, 
0, 0, 0, 0, 0, 0.0, 0.718004867031869, 0.5572732075529601, 
0, 0, 8.68218792938061, 0, 0, 0, 0, 2.0940685702159283, 
0.0, 0, 4.1216518954062344, 0.0, 1.7820721705107085, 0, 1.4296117369852737, 0.7342696928195491, 
0, 0, 4.858188801325384, 2.4977102475228232, 0, 0.0, 1.910651912161648, 0.3448756049954831, 
0, 0, 0.0, 1.2472272374377855, 0, 0, 0, 1.4239629472395732, 
0.0, 0, 0.17688447400485252, 0.0, 0, 2.695249437212592, 0, 0.0, 
0, 0, 0.0881713086544984, 0.0, 0, 0.0, 0, 0.7872543477525065, 
0.0, 0.0, 0, 0.421691047240623, 0, 5.265182399625947, 2.2586468858020865, 2.1709400653766884, 
0, 0, 0, 1.1259221378473505, 0, 2.4091373124587387, 0, 0.5404859907356219, 
0, 0.0, 20.455199277002688, 0, 0, 0.0, 0, 0.0, 
0, 0, 0, 0, 0, 2.5907568772870406, 0, 1.2261301693726334, 
0, 0, 0.0, 0, 0.0, 0, 0, 0.0, 
0, 0, 0.0, 0, 3.3921976646713627, 13.516953441855446, 0, 0.0, 
0, 0, 0, 1.2694048896668684, 0, 3.314147820972606, 1.573290772126138, 1.9168863497236617, 
0, 0, 0.7284301879822372, 0.0, 0, 0, 2.066672669222779, 4.001406639125546, 
0, 0, 1.950109236215984, 0, 0, 0.0, 0, 0.6708957941338399, 
0, 0, 1.7534216120813966, 4.497817005545076, 0, 0.0, 0, 0.15385573595977142, 
0, 0, 0.0, 0, 0, 1.900395437645419, 5.289589216599566, 2.799974996286567, 
0, 0, 0, 0, 0, 1.1325520452343258, 0.0, 0.4995378828510482, 
0.0, 0, 0, 0.0, 0, 3.7948615882090824, 0, 0.0, 
0, 0, 0, 0, 0, 0, 0.0, 0.0, 
0, 0, 2.3563727911606582, 0, 0.0, 0, 0, 0.4920921893577752, 
12.56564153183163, 0, 0, 0, 0, 0.0, 0.15494971481447983, 3.013710995231583, 
0, 0, 6.123809566995956, 0, 0, 2.0366825920730687, 0, 4.293536872104743, 
0, 0.0, 2.0258676881162017, 1.2903660528185417, 0, 3.0351458193992915, 2.1176358632588865, 2.071453611571089, 
0.0, 0, 3.8916602674787395, 0.20989220500571548, 0, 6.718497718954746, 0.5031898465105685, 0, 
0.0, 0, 0.12423790330160323, 0.0, 0.0, 0, 0, 1.6880038989704569, 
0.0, 0, 0, 4.3846990480863095, 0, 0.0, 0, 0.0, 
0, 0.0, 0, 0, 0, 2.936347188723318, 0.0, 0.472800484546819, 
0, 0, 0.37662762199750155, 3.7675209126291644, 0.6203582636970495, 0, 0.0, 0.7586950634692643, 
0, 0, 0.0, 0.0, 0.1854631697320137, 0, 0, 0.0, 
0, 0.0, 0, 0, 0, 0.0, 0, 1.127904390204801, 
0, 0, 0.0, 0, 0, 2.085446771746756, 0, 0.5630140357758431, 
0, 5.808089508865067, 14.512208340315185, 0.0, 0, 0.0, 0, 0.0, 
0, 0.0, 0.0, 0, 0.0, 0.0, 0, 0.0, 
2.7013037254618606, 0, 1.2521575487172143, 0, 0, 2.7766216914347615, 0, 0.9264242880968471, 
0.0, 0, 0, 0, 0.0, 0.9522277780374395, 0, 1.2715887622169362, 
0, 0, 0.6139572600410865, 0, 0, 0.0, 0, 0.0, 
0, 0, 0.0, 0.0, 0, 0, 0.8247707062348363, 1.4250534652169413, 
0, 0, 0, 12.377827180932691, 0, 0.0, 0, 0.5699990628144196, 
0, 0, 0.0, 0.0, 0, 1.9944266761078957, 0, 0.3105896689736405, 
0, 0, 0, 0, 0.0, 0, 0, 0.8978341679441856, 
0.018773123645392076, 0, 0, 0, 0, 0.0, 0, 1.3085628971128052, 
0, 0.0, 0, 0, 0, 4.173545198385236, 0, 0.5693945342991009, 
0, 0, 5.077889088123717, 0.0, 0, 0.0, 0.0, 0.0, 
0, 0, 1.1649163374475524, 0, 0.718558072283912, 0.5161177062787532, 0, 5.661430768048555, 
0, 0, 0, 0, 0, 2.635462722975971, 0, 0.9202314233166826, 
0, 0, 6.953823753560218, 0, 0, 0.0, 0.0, 0.4238393172892374, 
0, 0, 15.355920449884877, 0, 0, 1.2506820548148854, 0.0, 2.275934879964062, 
0, 0, 2.7940198339238655, 0.0, 0, 0.0, 0.0, 0.0, 
0.0, 0, 2.410007062182057, 0.0, 0, 0, 0, 0.0, 
0, 0, 0.0, 0.0, 0, 2.199129589444346, 1.3819075182093687, 0.0, 
0, 0, 2.9109258656029064, 0, 0, 3.487456193828855, 0, 0.6043051862819091, 
0, 0, 15.305619591987815, 0, 0, 0, 0, 0.7345344383555623, 
0, 0, 0, 0, 2.1174319501743746, 0, 0, 7.23469535986188, 
4.914045812119795, 0, 2.6462055821462105, 0, 0, 0.0, 1.7385174678428639, 1.0097909755076706, 
0.0, 0, 4.107157308877685, 0, 0, 0.0, 0, 0.7190985772370491, 
0, 0, 2.597939899187658, 0.0, 3.343961085809797, 8.199436192836147, 1.1050189021915422, 1.067502292440274, 
0, 0, 0.0, 3.0229372004567283, 0, 0, 1.729923178363455, 14.447421314384412, 
0.0, 0, 0, 0.0, 0, 0, 0.1552643073379437, 3.331669541296, 
0, 0, 5.7533891952564895, 1.4021896297199277, 0, 4.297038618229568, 1.542448890030415, 9.352061585124275, 
0.0, 0, 10.850584777868761, 0, 0, 4.524740482354906, 0.4304169664308204, 0.0, 
0, 0, 0, 0, 0, 0.0, 0, 2.083249616158208, 
0, 0, 4.016909833889333, 0.0, 0, 4.244572837899685, 1.7037320651875874, 3.034142840143218, 
0, 0, 0, 1.9916646822623334, 0, 0, 0, 1.3026449101660933, 
0, 0, 0.0, 0, 0, 0, 0.944913311642507, 1.7461115841231574, 
0, 0, 0.0, 0.0, 0, 14.764570950741257, 0.0, 1.3354329270981975, 
0, 0, 0.0, 1.569072883038692, 0, 0, 0.5246031913379587, 0.639638272229909, 
0.0, 0, 5.473687777786212, 0, 0.0, 2.550746722375307, 0, 5.321753829106941, 
0, 0.0738296157088012, 18.921083447027794, 0.7385142767736603, 0, 11.416864593589928, 0, 1.3445871925553818, 
0.0, 0, 0.0, 0.0, 0, 0, 0, 0.46599631103876177, 
0, 0, 0, 4.264635096671238, 0, 4.797576531108274, 0, 1.4994941342842238, 
0, 0, 0, 0, 0.0, 0.0, 0, 0.0, 
0, 0, 6.944382160102904, 9.540807714621474, 3.114459716531809, 15.855820446636535, 0.0, 1.3106067370976557, 
0, 0, 12.373225805722798, 0, 0, 0.0, 0, 0.09493539167521832, 
0, 0, 1.1427316707966888, 0, 0, 2.184188426297702, 0, 0.5506566684826761, 
0, 9.088434192976708, 0, 0, 0, 0, 0.0, 0.0, 
2.9230287390426533, 0, 13.202021123591068, 0, 0, 3.587257653395369, 2.5380280896819176, 1.3592168211894147, 
0, 0, 0.0, 0, 1.9347909020321765, 0.0, 0.0, 2.3480755860365976, 
0, 0, 5.958353267995655, 3.9364218995724363, 0.0, 0, 0, 0.0, 
0, 0.0, 9.37958673263182, 0, 0, 0.0, 0, 2.840317075035595, 
0, 0, 0.0, 0.0, 0, 0.29244503283591605, 2.1941442174745553, 0.3059148261223752, 
0.0, 0, 23.655235350239572, 0, 0.0, 0.0, 0.0, 0.3213509800689811, 
0, 0, 0, 2.5721333477268793, 0, 11.994946300871767, 1.3986061941569012, 1.1284313311426792, 
0.0, 0, 0, 2.0808991607685794, 0, 12.348063113433845, 0.0, 0.797601477897409, 
0, 0.0, 0, 0, 4.336022537488386, 1.8591189359528988, 0, 0.0, 
0, 4.197461954514848, 10.889859046484721, 0, 0, 0, 0, 0.7873169803156931, 
0, 0, 5.585167793385664, 0.0, 0, 1.285952871461073, 1.0989349647642737, 3.8604034183497595, 
0, 0, 0, 0, 0, 0, 1.2198716861221794, 2.4032854212455845, 
0, 0, 0.0, 2.624227529920555, 0.0, 0, 0, 1.1071232673374105, 
0, 0, 5.540064347950325, 0, 0, 2.526911019839982, 0.8380953532445492, 1.491672182986358, 
0, 0, 0, 0, 0, 1.1542955333292435, 0, 0.7586955464688069, 
0, 0, 0.0, 0, 0, 0.0, 0, 1.0375180529433718, 
0, 0, 0.0, 0.36171879321522393, 0, 12.071157780328825, 0, 0.0, 
0, 0.0, 0, 1.5851593791670069, 0, 46.96780450665561, 1.6272433934427948, 4.5453302983881025, 
0.0, 7.789457097383908, 27.5854916599801, 0, 0, 2.0668327877988912, 0, 0.0, 
0, 0.37470475594343533, 3.925089183552598, 0, 0, 0.0, 0.665550168003974, 3.8840167935644017, 
0, 0, 8.498843648522216, 0, 0, 0, 0.6750613206182523, 12.957999686635901, 
0, 0, 5.5337070656673815, 0, 0, 0.0, 1.7192411756233827, 1.6655295772839, 
0.0, 0, 17.88047352327572, 0.0, 0, 12.106933647997447, 0, 0.9805744690921809, 
0, 0.0, 0, 0, 0, 0, 0.03347737982559096, 2.1452709144663697, 
0, 0, 0.06476586594560896, 0.0, 0, 1.2356819844346898, 0, 2.5145768402264705, 
0, 0, 0.0, 0.0, 0, 0, 0, 0.23143633599234392, 
0.0, 0, 0, 0, 0, 1.3831478349287956, 0, 1.2237768232466664, 
0, 0, 1.1068341152254835, 0, 0.5321149653810995, 16.83793213384445, 0.0, 0.5312571548171429, 
0, 0, 0, 0, 0, 0.0, 0.0, 0.2672677039515632, 
0.0, 0, 0, 1.9733195692387273, 0.0, 17.23332493736585, 0, 0.7203588939300438, 
0, 0, 5.609937191103117, 0, 0.0, 5.702443038680421, 0.0, 0.0, 
0, 0, 0.0, 0, 0, 0, 0, 0, 
1.0422569167636766, 0, 0.0, 0, 0, 0.0, 0, 6.261045942745443, 
0.0, 0, 17.213702766992558, 0, 0, 0, 0.6589695409334801, 0.7319200467550523, 
0, 0, 0, 0, 0, 2.7044243029858848, 0, 0.0, 
0.0, 0, 13.67291537441426, 0.11491400712271194, 0.0, 0.0, 0, 9.590069301985704, 
0, 0.0, 0.0, 0, 0, 0.0, 0, 0, 
0, 0, 10.475256855611317, 9.051044827419876, 0, 2.336176323197201, 0, 1.1469818290149378, 
0, 0, 3.699068975340774, 0, 0, 0, 0, 1.4063869439250838, 
0.0, 0, 0, 0.0, 0, 0, 0.0, 0.0, 
0, 7.078166421493954, 13.559546170788792, 0, 0.0, 2.2325621449868223, 0, 0.0, 
0, 0, 0.0, 0, 0, 0, 0, 1.129439369743014, 
0, 0.0, 0.0, 0.0, 0, 0.0, 0.0, 1.3031267180975736, 
0, 0.0, 7.463704301910127, 2.1078871556358525, 0, 4.42329417310118, 2.2595357922196255, 0.0, 
5.2825178236633885, 4.728208731171072, 16.709601137073992, 0, 0, 6.400968564420822, 0, 0.0, 
0, 0, 0.0, 2.6394175226249823, 2.0893700472287655, 0, 0.0, 0.0, 
0.0, 0, 0.8155994473842711, 0.8483362471034415, 0, 5.176794527856243, 2.533004518713952, 0.5246461908409376, 
0, 0, 0, 0.700120108721249, 0, 0.0, 0.0, 1.2803704695689408, 
0, 0, 0, 0.0, 0, 0.917819744128991, 0, 0.23130766747086207, 
0, 0, 0, 0.0, 0, 2.182576207196183, 0.0, 0.6150887150081882, 
0, 0, 0.0, 0.0, 0, 2.0386128335150207, 0, 0.5572121838958864, 
11.07614286235897, 0, 23.172444255595888, 1.9134079032623896, 0, 0.2795153928922378, 0.0, 0.0, 
0, 0, 0.5899538719022317, 0, 0, 0, 0.9648553081243563, 1.1781028680262409, 
6.035373001359201, 0, 12.597888590754334, 0, 0.0, 0, 0.08859503768277577, 1.6811061710162702, 
0, 0, 28.690824777804885, 4.047798034341529, 0, 9.873002862993133, 0.0, 0.0, 
0.0, 0, 0, 0.0, 0, 0.0, 0.5553884173419945, 0.0, 
0, 0, 0.0, 0, 0.0, 2.4669084564197785, 0, 1.5830582874651211, 
0, 0, 0, 0, 0, 0.0, 1.3666998803030044, 0.7659396843268285, 
0.0, 0, 0.0, 0, 0, 0, 0, 0.8376469993725261, 
0, 0, 0.0, 7.015599082227952, 0, 28.072185988094247, 0.0, 1.7220367828927088, 
0, 0, 7.85577284701683, 0, 0.0, 0, 1.536067065977277, 1.2614675256337011, 
0, 0, 0, 0, 0, 1.4882638662692025, 0, 0.42876186220451196, 
0, 0, 0, 0, 0, 9.255252401289448, 2.086387505109961, 5.224574837974217, 
0, 4.271363772598077, 1.6407306925956338, 0, 0, 2.013169754634113, 0, 6.061005157603315, 
0, 0.0, 0.0, 3.55112433307057, 0, 5.485145715224136, 0.0012222445949762555, 8.08904587404954, 
0, 0.0, 0, 0.0, 0, 0, 0.0, 0.9476745885612097, 
0, 0.0, 0, 0, 0, 0, 0, 0.7772791863591125, 
0, 0, 0.0, 4.644785217484634, 0, 5.604013913259129, 0, 0.0, 
0.0, 0, 0.0, 0, 0.0, 10.707850119338826, 0, 0.9730192613425843, 
0, 0, 14.597511102571119, 0, 0.0, 0, 0.5369876389584012, 2.011058006565067, 
0, 0, 0.0, 0, 0, 1.9347292169099277, 0, 0.6923331080161566, 
0, 0.0, 0.0, 5.177033792630944, 14.867356660821269, 13.067464798038204, 0.0, 0.0, 
0, 0, 0, 3.7801610137075343, 0, 2.7251059922603815, 0, 0.43682532773083577, 
0, 0, 0.0, 0, 0, 0, 0, 0.6130631634296323, 
6.659406416485552, 0, 3.0808038647842277, 0, 0, 0.0, 0, 5.738592282911006, 
0.0, 1.1846931945165924, 0, 0, 0, 0, 0, 0.0, 
0.0, 0, 15.72080204950197, 0, 2.6125458856029575, 0.0, 0.0, 0.3437108751871918, 
0, 0, 7.930383788728504, 0.0, 0, 0, 0, 0.645416821314786, 
0, 8.875066061616545, 17.05958751978913, 0, 0, 3.6808511248649083, 0.8110465212923224, 0.7902511634797668, 
0, 0, 3.5321829068120856, 1.4630768391997861, 0, 3.664165211719329, 0.0, 0, 
0, 0, 0, 4.350492798363163, 5.806210105748118, 14.337176728126076, 0, 0.0, 
0, 0, 3.2401875405282343, 1.689655149781442, 3.6266782514860587, 14.375835518113238, 0, 1.1239348805925609, 
0.0, 0, 0.0, 0, 0, 0.0, 0, 0.0, 
0.0, 0.6715654158146833, 10.60002852584692, 1.7584305624078291, 0, 0.0, 0, 0.2675862164431315, 
0, 0.0, 1.1378963776715771, 0, 0.0, 1.4636905639347808, 0, 1.8668208838456282, 
0, 0, 1.1031632344319888, 0, 0, 1.5334569430450022, 0, 0.0, 
0, 0, 0, 0, 0, 0.0, 0, 0.0, 
0, 0, 0.49827678488313687, 0, 0, 0.0, 0, 2.6501952111543576, 
0.0, 0, 1.4882409654116504, 0, 0.0, 0, 1.2387640173799976, 2.6906972841040475, 
0, 0, 0.0, 0, 0, 3.474882173425005, 0.0, 0.0, 
0, 0, 0.0, 2.005700797943132, 0, 1.3138475510021532, 0, 0.8406645934407851, 
0.0, 0, 0.0, 0.0, 0, 2.3671356668679255, 0, 0.0, 
0.6063950226284884, 0, 11.42335459300823, 0.0, 0, 0, 0, 0.0, 
0, 0.0, 0.0, 0, 0, 2.848486924196175, 0, 0.0, 
0, 0, 0.0, 0.0, 0, 0.0, 0.0, 1.155030356655536, 
0.39311834758354003, 0, 14.618989009482425, 7.257428371752878, 5.276060249747692, 0.0025748376224052905, 2.592449700760225, 3.9924249355401495, 
0.0, 0, 2.369873099526643, 0.0, 0, 7.436359115600135, 2.4444564435085194, 0.0, 
1.282897579260359, 0, 18.66416696423354, 0, 0, 3.4460190111160145, 0.0, 1.4266360135226979, 
0, 0, 0, 0, 0, 2.2697381553025893, 2.31057084810253, 1.8643482651684535, 
0.0, 0, 6.072202943536883, 0.0, 0, 13.89347397882598, 1.4570025230667776, 0.0, 
0.0, 0, 0.0, 1.1769449608797853, 0.0, 0, 2.1098178735526085, 0.0, 
0.0, 0, 4.2333686400055734, 0, 0, 0.0, 0, 1.052305496311591, 
0, 0, 0, 0.0, 0, 2.3797903849990156, 0, 0, 
0, 0, 0.0, 0, 0, 0, 2.6675932810529996, 4.759582473570559, 
0, 0, 0.0, 0.0, 0.0, 9.733976586830162, 0, 1.8142681294761216, 
0, 0, 0.0, 0, 0, 1.6687236567606862, 0, 0.0, 
0, 0, 0.0, 0, 0, 0.0, 1.5294713062085339, 1.5986123148579148, 
0.0, 0, 3.8288040259237555, 0, 0, 0.0, 0.0, 1.8245215436486824, 
0, 0, 1.929830756698351, 0, 0, 0, 0, 5.601766682065929, 
0.0, 0, 0.0, 0, 0, 0.0, 0, 0.12769437435001998, 
0, 4.495244127995672, 25.53734140928234, 2.6286484166656443, 0, 0.21940910633804522, 0, 0.0, 
0, 0.0, 0, 0.27131740116579106, 0, 4.023679250486065, 0, 1.9595002779777566, 
0, 0, 0.0, 0.0, 0, 4.403043745080902, 0, 0.13663948144726196, 
0, 0, 0, 0, 0, 0.0, 1.2459927193691245, 2.9245870989064717, 
0, 0.0, 0.0, 0.0, 4.906045699070409, 0, 1.6545391200914032, 0.4912015864249941, 
0, 0, 1.5663173412325708, 0, 0.0, 0.0, 0, 0.0, 
1.7479913847202582, 0, 0.0, 5.765649481246504, 0, 0, 0.0, 0, 
0.0, 0.0, 16.60945145199888, 0.0, 0, 0.8538850325140714, 0, 0.0, 
0, 0, 0.0, 0.31233176595205236, 0.0, 0, 0, 2.8512550234840983, 
0.0, 0, 0, 0, 0, 0.0, 0.0, 0.0, 
0, 0, 0.0, 0, 0.0, 2.167140333812611, 0, 1.5066330043064102, 
0, 0, 0, 0, 0, 5.384529170903182, 0.0, 0.0, 
0, 0, 1.3388834138962817, 1.6930282216294912, 0, 29.258618174359974, 0, 0.2816086593520282, 
0.0, 0, 0.0, 0, 0, 0.0, 2.652516308434569, 0.2363249497445062, 
0, 0, 1.0554284309267086, 0, 0, 0.0, 0, 1.929531990453165, 
0, 0, 6.0003493374568215, 1.0233895209343356, 0, 0.0, 0, 1.2659238853249846, 
0.0, 0, 11.428565341497565, 0, 0, 0.9771929316172449, 0, 0.0, 
0, 0, 0, 0, 0.0, 4.5190731877661605, 0, 1.1306880017505823, 
0, 0, 0.0, 0.0, 0, 0.6161041054572474, 2.2835420351685425, 3.944474357317957, 
1.8432876318200435, 4.034808475041716, 0, 0, 0, 7.717610901928508, 0, 0.0, 
0, 0, 7.167617381123316, 0.0, 0, 1.0704239016845172, 0, 1.0073356015365391, 
0, 0.0, 0, 0.0, 0, 1.1825146731821903, 0, 0.0, 
0, 0, 6.090053447165637, 3.438912544317427, 0, 12.088831281508641, 0.2696500316559032, 1.0230838067049597, 
0, 0, 0, 0, 0, 4.436260548674062, 0, 0.93998801157015, 
0.0, 0, 0.0, 0, 0, 0, 1.2179898562591873, 0.6893358720156341, 
0, 0, 9.024733392806993, 0.0, 0, 0.0, 0, 0.0, 
0, 0, 0.0, 0, 7.722863976267902, 8.853374743931969, 0, 0.48661004094327137, 
0, 3.4585871488131303, 0, 0, 0, 0.0, 0, 0.0, 
0, 0, 0.0, 0, 4.291587516354784, 0.0, 0.24885884667425584, 1.8290056385370501, 
0, 0, 2.7774088370868633, 0, 0, 0.0, 0, 0.07332984958121447, 
0.0, 0.0, 0.0, 0, 0.0, 3.180671638931525, 0.0, 0.4137044990927687, 
4.321401863718133, 0, 0.0, 0.9699154578666764, 0, 0.4302111838775753, 1.1387028939908426, 3.0949829638080466, 
0, 0, 0.0, 5.0273014028511955, 0, 2.5761322224149836, 1.4460912081678572, 1.7319656182939205, 
0, 0, 0.0, 0, 0, 0.0, 0, 0.0, 
0, 0, 11.417356602235667, 3.7136479513485092, 3.567574710023523, 7.306695228109494, 0.0, 2.029192922531816, 
0, 0, 0.0, 0, 0.0, 0.0, 0, 0.0, 
0, 0, 5.074001678062088, 0, 0, 0.0, 0, 0.8409785131631929, 
0, 1.0579209469289523, 15.597416780351478, 1.3569459550741083, 0, 0.0, 0, 2.500547841059595, 
3.3479893760616015, 0, 12.489060951848865, 0, 0, 0.43603584422607256, 0, 0.0, 
0, 0, 0.07090074301479099, 0.019230028468067317, 7.036540465393544, 10.346194487723661, 0.0, 5.143469831099186, 
0, 0, 2.891700720886165, 0, 0.0, 5.5909282151687165, 0, 5.0669552452438715, 
0, 0, 0.0, 2.6224521850574787, 0, 4.249209208243204, 1.7827699060057682, 1.6134956945179637, 
0.0, 0, 3.433465207275739, 2.2914227951966524, 1.531638202133196, 3.9408786092205794, 0, 0.7540284320901529, 
0, 0, 0.0, 0, 0, 3.080500777118104, 0, 0.0, 
0, 0, 7.033314256109548, 0.0, 0, 0.0, 0.0, 4.870081507321194, 
0, 0, 3.5635199126478216, 0, 0.0, 0, 1.7280949940624097, 2.50186837525287, 
0.7454400114608255, 0.0, 0, 0, 0, 0.0, 0, 0.5793146346202784, 
0, 0, 0, 0.0, 0, 0, 0, 0.0, 
0, 0, 0.0, 0, 0, 0.9890598052731789, 0, 1.502663832185586, 
0, 0.5772947749511523, 5.577291822618998, 0, 0, 0.0, 0, 0.21667222158770016, 
1.4227455692814033, 0.0, 0, 0, 0, 0.0, 0, 2.457546856810037, 
0.0, 0, 0.0, 0, 0, 0.06112591685978064, 0, 4.2805564193952765, 
0, 0, 0, 1.8891552114178047, 11.022649015318168, 0, 0.17773998915514433, 4.467511837293131, 
0, 0, 0.15662660577573817, 0, 0, 4.554200382033694, 0.0, 0.0, 
2.2888573914321135, 0.0, 0, 0, 0.0, 2.7619158495276372, 0, 0.8795412307231985, 
0, 0, 0.0, 0.0, 0.0, 0, 0, 0.514071176095749, 
0, 3.754124397203501, 12.784200209342211, 0, 0, 0.5262038820221666, 0.25936023325003177, 5.05092355111732, 
0, 0, 0.0, 2.355108900840718, 0, 5.266259427300101, 1.544601500693311, 1.5264035215974632, 
0, 0, 0.0, 0, 0, 0.0, 0, 0.8127272287631166, 
0.0, 0, 0.0, 2.764247582425968, 0, 4.1607194999080415, 0, 0.6925123069581716, 
0, 0, 16.64626995569622, 0.0, 0, 3.701920709114055, 0, 0.0, 
0.0, 0, 0.0, 0, 5.338311071301525, 6.9307202019145855, 0.5281007507807516, 1.466541260328329, 
0, 0, 2.6464429622017382, 0, 0, 0.0, 2.0784427125282336, 4.9891581621153644, 
0.0, 7.178408689533656, 1.1091261419428395, 0, 0, 0.254834654299582, 0, 1.2990491948458702, 
0, 0, 0.0, 0, 0, 0.0, 0, 0.8797658030665095, 
0, 0, 0, 4.12189614873458, 0, 0, 0, 0.0, 
0, 0.0, 0.0, 0.0, 0, 0.0, 0.007688683119186024, 1.1523817402585785, 
3.2954467567850205, 0, 12.902190060934672, 0.5242385301460843, 0, 0, 0, 0.0, 
0, 0, 0.0, 2.201366145830909, 0, 11.744156200924255, 0, 1.3143676487096323, 
0.0, 0, 0, 0, 0, 4.522482517727562, 0, 1.41622111720174, 
0, 0, 0, 0.0, 0, 0, 0.4200032759938592, 0.9257588486617606, 
0, 0, 1.7191101222876337, 3.7809045193818402, 0.0, 0, 0.0, 0, 
0, 0, 23.60087197063529, 0.0, 0.7073017232179435, 0.5777793506118611, 0, 1.0658909798818677, 
0, 0.0, 0, 0.0, 0, 5.999267567574051, 0.12770069183299637, 1.5265842463155952, 
0, 0, 17.373822425768342, 0, 0.0, 0.0, 0, 0.4970096354634788, 
0.3685556297684691, 0.0, 0, 0, 0, 6.876922047328296, 1.3466871396069457, 1.3402337281971386, 
0.0, 0.0, 0.0, 0, 0, 1.239756129319265, 0.0, 0.0, 
0, 0, 2.726888451933867, 0, 0.0, 0.0, 0, 0.0, 
0, 0, 0, 0.0, 0, 0.0, 0, 1.4999319296550937, 
3.858176399688528, 0.0, 4.8495038666429515, 0.0, 0, 0.0, 0, 0.0, 
0, 0, 0, 0, 0, 1.6876875157091336, 1.6794132696203157, 0.0, 
0, 0, 0.0, 3.370413960469426, 1.51245543845776, 0.5423449420648936, 0, 0.06995003573593668, 
0, 0, 0.46857591828907275, 0, 0, 5.548757608492825, 0, 0.4309569489779137, 
0.0, 0, 0.0, 0.0, 0, 0.0, 0, 2.4302752529419607, 
0, 1.4359983392650868, 4.379286411545162, 0.4050878381754952, 0, 0.0, 0.6970916131156102, 3.5538039486993522, 
0, 0.0, 0.0, 0, 0, 0, 0, 0.7793797241478599, 
0, 4.259498375979586, 11.345074478410023, 0, 0, 1.592114661999073, 0, 0.0, 
0, 0, 5.927726023361782, 0, 0, 0.11903017927511206, 0.0, 0.0, 
0, 0, 6.374834045097874, 0, 0.0, 2.2334607121239, 0, 2.0890605997076426, 
0, 0, 9.829057803239698, 0, 0.0, 0, 0.9404454040871952, 1.1011671857121281, 
0, 0, 0.0, 0, 0, 3.302997650454724, 0, 0.3936277945199865, 
13.715340042605625, 0, 38.15529989240872, 0.4636931631494239, 0, 11.273622723991163, 0.0, 1.5887728881194256, 
0, 0.0, 0.547573871856688, 5.174956492699266, 0, 1.9869417697565321, 1.623043425258008, 0.5708045604837924, 
0, 0, 0.12695759930615344, 2.245087633150197, 0, 2.6051332013950876, 0.0, 0.694431933176288, 
0, 0, 0.0, 0, 0, 0.0, 2.666596079231061, 0.0, 
0.0, 0, 6.197682753239143, 0, 0, 0.6506945037400983, 1.1956129494083432, 6.5091349606694395, 
12.148909026795002, 0, 18.03322739345987, 0, 0, 0.18477708452238062, 0, 3.413712890599395, 
0.0, 0, 0, 0.0, 0, 0, 1.3714225244710327, 0.19983769414097866, 
0, 0, 0.0, 0.0, 0, 0.0, 0, 0.6174616027114077, 
0, 0, 5.072035980228829, 0, 2.2177195903792217, 29.593218187663716, 0, 1.1126025989192911, 
0, 0.0, 0, 0, 0.0, 0, 0, 0.8710042265455344, 
0, 0, 2.1265555055475263, 2.8314321215870493, 0, 0.0, 0, 0.04060950862565704, 
0.5404770504552596, 9.898849060507292, 19.871392859638945, 0, 0, 6.343307034086107, 0, 0.0, 
0, 0, 0.0, 0, 2.212327068487362, 39.42281346991675, 0.0, 1.214099745761843, 
0, 0, 6.601628979261873, 0, 0.0, 2.234507166416048, 0, 0.4915253806110762, 
0, 0, 30.25642653616798, 0, 0, 0.0, 0.0, 0.42488957694332896, 
0, 0, 5.259277982104076, 0.0, 0, 0.6212875978163506, 0, 0.0, 
0, 0, 0, 0, 0, 3.7454701377978434, 0, 3.8669664307235747, 
0, 0, 1.2929120959350016, 0.14410975356327604, 0, 1.0993585290276346, 2.4609938971550447, 5.021458893825221, 
0, 0, 2.993086219185667, 0, 0, 0.0, 0.0, 0.8498432295733709, 
0, 0, 0, 0, 0.0, 3.1172461339927056, 0, 0.0, 
2.489648640615142, 0, 25.54208088174223, 0, 0, 0.6570604857921438, 0, 0.0, 
0.0, 0, 0.0, 0, 0, 0.7510265100567542, 0.0, 2.9867016634933914, 
0, 0, 2.153758525157441, 4.5824180321834, 2.1005754415383517, 0, 2.6643942009393875, 1.5107446188056382, 
0, 0.0, 0, 2.0210224430513453, 0, 6.377726593266885, 0.9928145687118044, 5.3478066414085195, 
0, 0, 0.04208152170440904, 0, 0, 0.30683265228040835, 0, 1.133838389845212, 
0, 0, 1.1082027512164263, 0.548443436809471, 0.0, 0.0, 0.0, 0.7688229295613151, 
0, 0, 1.7174969220390643, 0, 1.6631790279080612, 3.2603956856315115, 0.0, 0.0, 
0, 0, 8.471912124421996, 0, 0, 0.0, 0, 0.7611979718524047, 
0, 0, 0.0, 0, 0.0, 2.2049055511890527, 0.0, 3.294371350522451, 
0, 0, 0, 0.0, 0, 0.0, 0, 1.309829034089384, 
0.0, 0, 0.0, 0, 0, 2.6833690752175756, 0.2289558378017098, 1.7326397999422423, 
0, 0.0, 0.0, 0, 0, 0.0, 0, 0.0, 
0, 0.0, 32.88067850049276, 1.0330745355937214, 3.1253337898263336, 12.831384317127474, 2.2057848290589206, 0.4178658223780083, 
0, 0.0, 0, 0.0, 0, 2.8281760338178223, 0.0, 2.0461155400575746, 
0, 0, 0.0, 3.3237577683330777, 0, 2.5241256779296113, 0, 0.0, 
0.0, 0, 0.0, 0, 0, 1.843948975763648, 0.0, 0, 
0, 0, 0.0, 0, 0, 0.0, 0, 0.0, 
0, 0, 0.0, 0.0, 0, 0, 0.0, 0.7432949552847916, 
0, 0, 5.826672842492549, 1.3593615706931388, 0, 8.092804660005372, 0.0, 0.6451839012498906, 
0, 0, 14.621057494358512, 0, 1.9548234697337326, 0.0, 0.5461860414301123, 1.0604612508241402, 
0, 0, 0, 4.794537637444874, 0, 0.0, 0, 0.0, 
0, 0, 0.0, 0.0, 0, 3.50591814083823, 0.0, 0.7909907480145658, 
0, 0, 0.0, 0.0, 0.3340241704844833, 2.438479523940944, 0, 0.0, 
0, 5.532441883976897, 6.368900026069114, 0, 0, 0.0, 1.0124021739298277, 0.0, 
0, 0, 0, 0, 0.37176121369750703, 8.579218527918602, 0, 0.0, 
18.26192540294155, 0, 12.32482183158759, 0.0, 0, 0, 0, 2.239767159508208, 
0.0, 0, 0.0, 0, 0, 1.913766985634956, 2.051757229512657, 0.0, 
0, 0, 0, 0, 0, 11.046736052334971, 0, 0.0, 
0, 0, 0, 0, 1.247535733978486, 0.007955692758848443, 0, 0.06102964950645351, 
0, 0, 0, 0, 0, 0.0, 0.0, 1.4306373401075507, 
0, 0, 0.0, 2.497179127965573, 4.538595707363159, 0, 2.143503498301535, 2.6306674553347293, 
0, 0, 0.39619373863550233, 0, 0.8218053466431776, 2.361216200698462, 0, 0.27009821232209436, 
0, 0, 0.0, 1.5469541481657445, 0, 45.23138269466372, 1.7290841051629915, 4.139335359503394, 
0, 0, 0.0, 0.0, 0, 0, 0, 0.0, 
0, 0, 0, 0.0, 0, 0.6517747331869082, 0, 0.0, 
0, 0, 0.0, 0.0, 0, 0.0, 0, 0.4474926054170627, 
0, 0, 0.0, 0, 0, 0.0, 0, 1.1169004850579025, 
0, 0, 0.0, 0, 0, 2.7911557017011397, 0.0, 0.4236402530365198, 
0, 0.0, 2.1540102194824335, 0, 0, 8.182518323237199, 1.7381431443267346, 0.20827551389283538, 
0, 0, 5.0845644886885975, 0, 0, 0.0, 0.0, 0.5342996023589386, 
0, 0, 0.0, 0, 0, 0.0, 0.6316411569553866, 1.0687802610069255, 
0.0, 0, 0.0, 1.261620612996139, 0, 0, 1.481210282444481, 7.762337037410364, 
0, 0.0, 15.47106811854907, 0.0, 0, 0.0, 0, 1.1116276451494462, 
0, 0, 0, 0.0, 0, 0, 0, 0.0, 
0.0, 0, 5.081266183074979, 0, 0.0, 0.7163605727829605, 0.0, 0.6861561091108257, 
0, 0, 0, 0.0, 0, 0, 1.7618000064258599, 1.3318135301487277, 
0, 0, 0.0, 1.983995374965987, 2.1306145118730297, 0.46871786498022594, 0.0, 2.7239397499434523, 
0, 0, 0, 0, 0, 2.4290701088663047, 0, 0.0, 
0, 0, 0, 0, 0, 12.145234845673691, 0.200600841856164, 1.6329474542063729, 
0, 0, 0, 0, 0, 0, 0, 0.7579270507206499, 
2.903750489844507, 0.0, 10.23841715577351, 0.17080204761787954, 0, 2.34564283848227, 0.0, 0.0, 
0, 0, 0.37009973345172664, 3.215017691532804, 0, 1.861911111755103, 0.0, 0.0, 
0.814683314608466, 10.869543679148812, 18.67018114904396, 1.466432297214837, 0, 13.751291775989845, 0, 0.6762738155220577, 
0, 0, 0.0, 0, 0.0, 0, 1.2432732659089991, 0.5237042552060274, 
0, 0, 0.0, 1.8877458489600905, 0, 0, 0, 0.3369966314658663, 
0, 0, 3.701083209325162, 4.139952097591175, 0, 0.0, 2.732869664547641, 0.15360657597461133, 
0, 0, 0.0, 4.157374809243066, 0, 1.4054970710435342, 1.875573395681112, 0.0, 
0, 0, 0.0, 0.6675484885024972, 0, 5.072819298199744, 0, 1.201612080959317, 
0, 0, 8.719386735728014, 2.881646723654274, 0, 0.0, 0.0, 1.2474103560015262, 
0, 0, 0.0, 0, 0, 0.5469473970698231, 0.0, 0.0, 
0, 0, 26.133479215998545, 0, 0, 0.0, 1.7421119966873775, 2.3272706836231447, 
0, 0, 13.265905937884925, 4.1519582029882285, 0, 1.1039657812885437, 0.0, 0.0, 
0, 0, 6.5390722077509835, 0, 2.802683408250065, 0.0, 0, 0.772962378725802, 
0, 0, 0, 0, 0.0, 0, 0, 0.8427157016156972, 
0.7488064269504768, 0.0, 5.293725053709178, 0.0, 0, 0.6829407325205841, 0, 1.23337238519209, 
3.7893288245498806, 0, 13.124575007485399, 0.0, 1.7708524614885839, 6.30763979170114, 0.0, 0.0, 
0, 0, 0, 0, 0.0, 0, 0, 2.0072231131678056, 
0, 0, 0.31562640223294025, 1.8083419723014629, 1.5728047374989131, 4.7976488482814865, 0, 0.3066431399855043, 
0, 0, 0.0, 0.0, 0, 3.3877317271470266, 0, 0.4685017399941297, 
0, 0, 0, 2.725107218857948, 0.0, 27.078087330772888, 0, 2.078884062384345, 
0, 0.0, 0.0, 3.1634313180835942, 0, 0.0, 0, 0.0, 
0, 0, 0, 0, 0, 2.8543002870333134, 0.11030546270284702, 1.3199719234843559, 
0, 0.0, 0, 0, 0, 1.3109790381384487, 0, 0.6276667020265607, 
0, 0, 0, 0, 0, 7.744615843732117, 0.0, 2.152611395227467, 
0, 0, 7.944481030694535, 0.0, 0, 0.0, 0.0, 1.427579807248723, 
0, 0, 0.0, 0, 0, 0.0, 0, 3.155554758620317, 
0, 0, 0.0, 2.4931071507830804, 0, 26.916992357849807, 0.0, 0.0, 
0, 0, 1.838736859332415, 0, 0, 4.1353976661633585, 0, 1.0764040174870593, 
0.0, 0, 3.547426432119567, 0, 0.0, 0.8622873021893263, 0, 1.7494832503960285, 
0, 0, 0, 5.503985731127018, 5.050285509854799, 10.458615654680358, 0, 4.296994769774172, 
0.0, 0, 0.0, 4.501676873817448, 0, 0.0, 0, 0.0, 
0, 0, 1.5973396097456813, 0, 0, 13.475935746156573, 0, 0.7114940348422548, 
4.636661803282825, 0, 4.15563157657585, 0.0, 0, 2.393936751603267, 0, 0.7815342495890967, 
0, 0, 0.0, 0, 0, 1.2720872438173956, 0, 0, 
0, 0, 0.0, 0.0, 0, 1.7019946292338037, 0, 0.6488892036154047, 
0, 0, 0, 9.761413296291135, 0, 17.541782540416747, 0, 0.5377474554618686, 
0, 0, 0, 0.0, 0, 0.0, 0, 0.5248066238823619, 
0, 0, 0.0, 0, 0.0, 1.7476923936841553, 0, 2.1400528689677176, 
0, 0, 0.0, 0.30661033399650073, 0.0, 13.38235068263897, 0, 0.0, 
0, 0, 0.0, 0.3640812634207151, 0, 0, 0, 1.1030385331100998, 
0, 1.4108031553125748, 0, 2.7460829230323838, 0, 0.0, 0, 0.7930346715066889, 
0, 0, 0, 0, 0, 0.0, 0.0, 0.0829013911241366, 
0.06435049367411239, 0, 3.844138833363619, 0, 0, 3.8855933927834014, 0, 0.949763769251228, 
0, 0.0, 0, 0, 0, 0, 0, 0, 
0, 0.0, 1.9044595969815852, 0.0, 1.1286458494758502, 19.423241614310967, 0, 0, 
0, 0, 10.769919857537289, 0, 0.0, 0.0, 0, 0.484038307918393, 
0.0, 0.0, 0.0, 3.1415389594829843, 0, 0.0, 0, 1.0702003516142622, 
0, 0.0, 0, 3.1826131575703034, 0, 0, 0, 0.0, 
0, 0, 0.0, 0.0, 0, 0.8161908444977746, 0.0, 4.230124880624266, 
0, 0, 0, 0, 0, 0, 0, 0.0, 
11.162355189629645, 0.0, 3.2290263414824114, 0, 0, 3.5337548851979297, 1.2525895625530037, 9.037759363392645, 
0, 0, 0.0, 0, 0, 0.0, 0, 0.0, 
0.0, 0, 4.24945577965076, 4.512093714408013, 0, 3.2958255494947384, 0.0, 0.47493079408671934, 
0, 0, 0.0, 0, 2.1925367143409, 0.0, 0.0, 0.8335395991054622, 
0, 0, 0.0, 1.4945667682789021, 7.228519958989934, 0, 0, 0.5679168884883575, 
0, 0, 2.319023131687286, 0, 0, 0, 0, 0.7374240890325475, 
0, 0, 2.5608950610283596, 0, 0.3626398733288294, 6.418302863157651, 0.0, 2.293608087952677, 
9.009709062759113, 0, 9.135949173654794, 0.03441191823355627, 0, 3.4071828213247835, 0, 0.5721536830492926, 
0.0, 0, 12.984502848295024, 2.39441251430465, 0, 0.0, 2.4165245661552817, 2.5417631181253446, 
1.531247460455134, 0, 10.22418522486357, 0.7772090035548018, 0, 0.0, 0, 0.6953424778795295, 
0, 0, 3.2732026151911287, 0, 0.0, 0, 0, 0.0, 
0, 2.680202404700843, 0, 3.238137539559948, 0, 19.46740840699772, 0.25101810814313286, 0.0, 
0, 0.0, 0.0, 0.0, 0, 0, 0, 0.0, 
0, 0, 1.1418690435938608, 0.0, 2.8294271395421084, 8.015722951769114, 0, 0.0, 
0, 0, 0.0, 10.482421681131889, 0, 0, 0.0, 0.6233780575227023, 
0, 0, 0, 2.3453800322439093, 0, 21.877217403334953, 0, 0.6570433757157778, 
0, 0.0, 14.369272361127576, 0, 0, 1.8963796854183297, 0, 0.0, 
0, 0, 0, 2.9617324904128672, 1.947117160529718, 0, 0.1595358048049711, 0.1292060432908948, 
0, 0, 5.554150612399526, 5.77025281353753, 0.486624584361941, 6.032368280147305, 0, 1.3261816171505825, 
0.0, 1.5211206955515237, 14.259067042732163, 0, 0, 0.0, 0, 0.0, 
0, 0.0, 4.672364669597765, 1.2861353993103943, 0, 0.0, 2.40000695737211, 0.0, 
0, 0, 0, 0.0, 0, 0.0, 0.0, 0.8379482454573242, 
0, 0, 7.223029760702874, 0, 0, 7.572865754042642, 0.0, 0.7490536284086033, 
0.0, 0, 0, 0, 0, 0.863027673734555, 0, 0.15694277158816186, 
0, 0, 0.0, 0.49828480708249856, 0, 0, 2.3023120536075297, 0.0, 
0, 0, 0, 0, 0, 4.652049431481874, 0, 0.6054651249261003, 
0, 0, 13.835678704494871, 0, 3.387203823865761, 0.0, 2.2221481919405157, 0.5332443138664625, 
0, 0, 0.0, 2.7444960525996205, 0, 0.0, 0.780552696189424, 0.0, 
0, 0, 0, 6.450336072342335, 0, 16.357109858252947, 0.0, 0.1615798336081964, 
0.0, 3.556639211398675, 36.1697482468744, 2.0129319525198057, 0, 21.383729224984688, 0.0, 0.0, 
0, 0, 0.0, 0, 1.6794328503836105, 5.521583984709115, 0, 0.53464453273268, 
0, 1.0390981210159573, 0, 0, 0.0, 2.7733309538042494, 0, 0.980552417904923, 
0.0, 0, 1.6287512764352332, 2.121103678193771, 0, 9.580341424818453, 0.0, 0.6358878152819415, 
0, 0, 0, 0, 0, 0.0, 0, 0.584191982925792, 
0, 0, 0.0, 0, 0, 7.105273784396442, 1.1641070925098016, 0.9552964483268669, 
3.0432938858479837, 0, 15.210124451254815, 1.8633980806566086, 0.0, 0.0, 0, 0.00659933020143022, 
2.4304289567496133, 0, 0, 4.2449023858202, 0, 8.142072235591886, 0.31554444351458066, 0.7431235322372949, 
0, 0, 0.0, 0, 0, 0.0, 0, 0.7081926312385086, 
0.0, 0, 0.0, 0, 0.0, 0.2118741706792564, 0.19983579872837476, 0, 
0.0, 0, 0, 1.1297395836034259, 0, 8.184545359227634, 0.0, 1.3219233648509843, 
4.315679124160129, 0.0, 0, 0.0, 0, 0.0, 0, 0.0, 
0, 0, 0.0, 0, 0, 0.0, 0, 0.0, 
0, 0.0, 13.076418277593799, 0, 0, 1.254892689291248, 0.0, 3.2164059909904923, 
0, 0, 8.748334699372439, 0.0, 0, 0, 0.0, 1.0075737214595284, 
0, 0.0, 0, 0, 0, 1.3856306930034241, 0, 0.2927659799056747, 
0.0, 0.0, 0.0, 0.0, 0, 0.0, 0, 0.5595831448342746, 
0, 0, 9.468739018784904, 0, 0, 2.849255778392928, 0, 0.8422446090737775, 
0, 0.0, 8.825704751935593, 0.0, 0, 0, 0, 0, 
0, 0.0, 6.311669045545866, 0, 0, 6.805918041233248, 1.8159843186858904, 6.272683320429859, 
0, 0, 0.0, 0, 0.0, 2.6792859018025066, 0.0, 2.0807173415463236, 
0, 0, 0.0, 1.3378700878118264, 0, 0, 0, 0.133487605862373, 
0.0, 0, 0.0, 0, 12.641926132132882, 39.871826118245764, 0, 0.0, 
0, 0, 9.7970507091354, 0, 0, 0.0, 0.0, 1.1255317369610314, 
0, 0.0, 0, 0.0, 0, 0, 0.5363533751468035, 4.911861926861237, 
0, 0, 2.6357577870918796, 0, 0, 0.5528761690912329, 0, 0.4452179339541964, 
0, 0, 0, 3.133468664509228, 0, 0.0, 0.0, 1.4477038522331942, 
3.7753585789546396, 0, 5.0329483965990915, 0, 0, 0.0, 0, 0.0, 
0, 0, 0, 2.4393185156265016, 1.5695782960741198, 14.383223655210982, 0.0, 0.9024644056240293, 
0.0, 0, 7.76952919026011, 0.0, 0, 0.0, 0.8235515041549561, 0.0, 
0, 0, 0.0, 0, 0, 0.0, 0, 1.1329631592625993, 
0, 0, 0.0, 2.3872036427106247, 0, 0.0, 0, 0.6648583931606702, 
0, 0, 0.0, 0, 0, 0.9639249326673581, 0, 0.31587351750221515, 
0, 0, 0, 0, 0, 1.4287468285768519, 0, 1.3137078267543274, 
0, 0.0, 0, 0.0, 0.0, 0, 0, 0.0, 
0.0, 0, 10.16505524230773, 0.0, 0, 6.266053150857006, 0, 0.0, 
0, 0.0, 0, 0, 0, 8.64014005181283, 0, 1.3502408429715835, 
0, 0, 0.0, 0.17377931695943438, 0.0, 7.895469077019289, 0, 0.0, 
0, 0, 0, 0, 1.9728838126494157, 2.000404283543194, 0.0, 0.6069719675838705, 
0, 0, 0.0, 0, 0, 1.6357632235470236, 0.0, 4.113839460616163, 
0, 0, 0.0, 0, 0, 2.872150454055337, 0, 2.4416274973813823, 
0.0, 0, 9.455263921502935, 0.5593505652243529, 0, 2.830629239487415, 0, 0.8824884086412895, 
0, 0, 0.0, 0, 0, 0.0, 0, 0.0, 
0, 0, 0, 0, 0, 0, 0, 1.163357135519752, 
0, 0, 3.243537449226624, 0, 0, 0.09195034325221367, 0, 2.469239065367561, 
0, 0, 0, 0, 0, 1.1406591388475986, 0.0, 0.41290668036672135, 
0, 0, 0.0, 0.0, 0.0, 0, 0, 0.7187660660814359, 
0, 0.691542668149502, 3.690362464113349, 5.921835621531499, 0, 0.0, 0, 0.7508554227936581, 
0.0, 0, 0, 0, 0, 0.0, 0, 1.541616747212873, 
0.0, 0, 5.227393164723452, 0, 0, 0, 0.9611190199481836, 6.4112350131880955, 
0, 0, 1.3341016935703216, 0, 0, 0.0, 0, 0.0, 
0, 0, 0.8499686527804649, 1.7140202999866405, 0, 1.1213452012125025, 0, 0.0, 
0, 0, 0.0, 0, 0, 3.398666697939582, 0.0168706175735438, 0.4084383220789576, 
0, 0, 1.671094508773653, 0, 0, 0.06110609665263015, 0.19309239435415027, 0.8826426792227124, 
0, 0.0, 11.054775773054, 0, 0, 0.0, 0.0, 1.8647784471012843, 
0, 0, 0.0, 2.972116810878072, 0, 5.549103521515652, 0, 0.25634364765080875, 
0, 0, 0, 1.9262762494998578, 0, 11.779383360995437, 0, 1.3701727184109014, 
0.0, 0, 3.4616480127026854, 0, 0, 6.8574524971272695, 0, 0.811434819779231, 
0.0, 0, 0.11646829849120917, 0, 3.611341664291345, 25.318038923765727, 0, 1.2198435056537054, 
0.0, 0, 0, 4.178211358795432, 0.0, 5.126151765346351, 0, 0.2923166403423316, 
0, 0, 0, 0, 0.0, 0, 0, 0.16920602500302095, 
0.0, 0.0, 0.0, 0.0, 0, 0, 0, 0.0, 
0, 0, 0, 0, 3.165494412267027, 3.3368306539335117, 0.0, 0.31546233350846303, 
0, 0, 6.067618138258435, 0.0, 1.0404061206168755, 7.076617079804908, 0.5420288638834876, 2.3664396857199357, 
0, 0, 0.0, 0, 0, 0.0, 0, 0.4966589847491207, 
0, 0.0, 0.0060094998929649535, 0.0, 0.0, 0, 0, 0, 
0, 0.0, 0.0, 0, 2.50411091530592, 9.604191337796832, 0.6065956990549957, 0.5180994348087541, 
0, 0, 3.906588351088054, 0, 0, 1.200096112991281, 0, 0.2644021029487978, 
0, 0, 4.866278193441341, 0, 0.0, 0.0, 0, 0.47829456573573315, 
0.0, 0, 0, 0, 0, 0.0, 1.4038468937522541, 0.5234862742521743, 
0.0, 0, 0, 0, 9.117540878116827, 4.7695665233985975, 0, 1.3176554783836507, 
0, 0, 0, 0, 2.8358292235664164, 6.812254203437246, 0.0, 1.295542808460829, 
0.61157126490858, 0, 8.591351062895829, 0.0, 0, 0, 0, 2.608863129725134, 
0.0, 0, 1.914938006509411, 0, 0, 2.0049791971946735, 0.0, 5.614810810962339, 
0.0, 0.0, 22.28591304993744, 2.2671220921229236, 0, 21.077244098819854, 0.0, 0.0, 
0, 0.0, 0, 0, 0.0, 5.937681330501505, 0, 0, 
0, 0, 0, 0, 0.0, 2.728564127573991, 0, 2.17660289320853, 
0.0, 0, 0, 0, 0, 0.8658716963155841, 0, 1.817355103473848, 
0, 0, 3.9905000941047764, 0, 0, 1.0081282868663566, 0, 0.5295700729435486, 
0, 0.8594294951292767, 17.658658439086842, 2.434226113606222, 0, 0.16070110533210524, 0.0, 0.0, 
2.8658572016084634, 0.0, 0, 0.5141464279126104, 0, 0.0, 0, 0.6405665044689741, 
0, 0, 11.509941139102088, 0, 0, 0.0, 0.8432109626103417, 1.6291722849177486, 
0, 0.0, 0.0, 4.855750662181168, 0, 0.0, 0, 2.1830807004827815, 
0, 0, 0.0, 0, 2.135798151437518, 0.34827133180312697, 0, 0.3601129657769677, 
0, 0.0, 0, 0, 2.4238153709085495, 0.0, 0, 1.7544288665277274, 
0, 0, 0.0, 0, 0, 0.7351775574565886, 0.6277099537627713, 0.6270251020024193, 
0, 0, 3.6716388430097657, 0.0, 0.8278886777651984, 4.440538150946441, 0, 0.3724234541344916, 
0.0, 2.9495981343661377, 0, 0.8212826458409968, 0, 18.848849930541668, 0, 1.399400409716766, 
0, 0, 0.0, 0, 0, 0.0, 0.0, 1.0464186480804942, 
1.2781052559738981, 2.420567688034888, 13.0876427160558, 0, 0, 0.8709989814589352, 0.06718432768014981, 1.0459003984104658, 
0, 0, 0.0, 0.8748844314124331, 0, 0.7967257707440032, 0, 0.0, 
0, 0, 16.125816968959526, 0, 0.0, 3.928959292218906, 0, 1.2880680171601195, 
0, 0, 0, 0.0, 0, 3.9220420528976, 0, 0.5049731041697955, 
0, 0.0, 0, 0, 0.0, 0.0, 0, 0.0, 
0, 0, 9.055208651104603, 0, 0, 0.0, 0, 0.9656627706524343, 
0, 0, 2.145130269902058, 0, 0, 3.25889951896421, 0.6218360973075558, 1.354158774509088, 
0, 0, 0.0, 0, 0.0, 1.1382412394558492, 0, 0.6054272672933524, 
0, 0, 0, 0, 0, 1.5536812887681064, 0, 1.3928148965057006, 
0, 0.0, 9.558340862370196, 0, 0, 3.72438459105431, 0, 0.0, 
0, 0, 0, 0.0, 0, 1.4780677506806748, 0, 0, 
0.0, 0.0, 0.0, 4.268892612125057, 0, 21.52496429172665, 0, 0.46432235469875816, 
0, 0, 0, 0, 0.0, 0, 0.5894219857326624, 4.103364506399114, 
0.07107114701262418, 0, 0.9371790434138596, 0, 0, 1.1847831688187647, 1.7476303187146165, 2.05570699000891, 
0, 0, 0.0, 0.0, 0, 0.07339375651343794, 0, 0.0, 
0, 0, 22.60669428351794, 0, 0, 1.4389605239305454, 0, 1.0298394853918857, 
0.0, 0.0, 0, 0, 0, 0.665857196524918, 0, 1.7720404415907336, 
7.27536931634938, 0, 4.926088664408225, 8.406872260497112, 0, 3.31036495951434, 0.04457086569716395, 1.2378542340425913, 
0, 0, 0.3221017683123601, 0, 0.0, 2.490079474682236, 0.04709700419606655, 0.4496614585046738, 
0, 0, 0.0, 0.0, 0, 5.502890653998577, 1.4847068589547623, 0.5608249447369259, 
0, 0, 0.0, 0.0, 0.0, 0, 0, 1.998211729844833, 
0.0, 0, 0.0, 0, 0, 1.0459135317954038, 0, 0.0, 
0, 0.0, 0, 0, 0, 0, 0, 0.0, 
0.0, 0, 0, 0, 0, 0.7783848289665958, 0.0, 1.244730957095427, 
0.0, 0.0, 14.87923256316692, 0, 0, 1.8993625999734132, 0.0, 0.6400374484256517, 
0.0, 0, 2.925916719647084, 0, 0, 0.0, 0.10838309784712052, 1.9514844611162108, 
0, 0.0, 0, 0, 0, 0.0, 0, 1.7102405262627092, 
0, 0, 0.0, 0, 2.2828690090122343, 9.646730220650038, 0, 0.8867055550351854, 
0, 0, 9.060048257501292, 0, 0, 0.0, 0, 2.105585931102442, 
0, 0, 0.0, 0, 0.0, 4.439776885483905, 0, 0, 
0, 0, 0, 0.0, 0, 2.4685125832773207, 0, 0.13449624373869007, 
0, 0, 0.0, 0, 0, 4.287804479861033, 0, 0.0, 
0, 0.0, 0.0, 0, 0, 2.8874539133475965, 0, 0.6112097803284513, 
0.0, 0, 7.390471213573521, 1.3217126405253659, 0, 5.607694885427315, 0, 1.2875232534431678, 
0, 0, 7.722359115518268, 0, 0, 2.008313905976795, 0.0, 0.2005693450810071, 
0.08508034251630026, 16.00392294507033, 14.101093499251512, 0, 0, 0.0, 0, 0.0, 
0.0, 0, 0.5934187860155866, 0.0, 0, 0, 0.636333063521012, 0.0, 
0.0, 0.0, 0.0, 0.0, 0, 0, 1.616373928056202, 2.3553620904598307, 
0, 0.0, 8.273350506241801, 2.0743842404331074, 0.0, 0, 0.22133330043062793, 3.30702773795329, 
0, 0, 0, 0.8022979078367793, 3.347491107428798, 13.332042157100853, 0.0, 0.9241556601600942, 
0, 0, 0.0, 0, 0, 2.0004909023097452, 0, 1.2672706053411025, 
0, 0, 0, 0, 0.0, 4.21218993219958, 0.9728815034251213, 1.706106913368978, 
0, 0, 16.92048613456063, 0.0, 0, 0.0, 0.0, 1.3535503022716642, 
0, 0, 0, 1.7407639804010326, 2.363289566997514, 0, 0, 1.6147736784693467, 
0, 0, 0, 0.0, 0, 0, 0, 0.0, 
0.029703875310850947, 0, 20.871728463197122, 0.0, 0.0, 0.5430136473420593, 0, 3.0174746580853977, 
4.071441395937752, 0, 18.565312386114446, 0.0, 0, 9.54148779662802, 1.7214928767836073, 0.7425019700568671, 
0, 0.0, 0.0, 0, 0.0, 0, 0.0, 3.1558747448926248, 
0, 0, 0, 4.8939166901200934, 0.0, 0, 0, 0.8753872310656465, 
0, 0, 0, 0, 0, 1.8406112078258392, 0, 0.4630957015241191, 
0.0, 0, 0.0, 0, 0, 2.029777662964431, 0, 3.535731048174812, 
0, 0, 0, 0, 0, 0, 1.1311704647882932, 2.789486590659184, 
0, 0, 2.0679848983669116, 0, 0, 0.0, 0, 1.6709458743731544, 
0.0, 0, 0, 0.0, 0, 0, 0, 0.07830074097805895, 
0, 0.0, 0, 0, 2.314776002132813, 0.0, 0, 1.4279487286919097, 
0, 0, 0, 1.1134256569033667, 0.0, 0.7814672153930751, 0, 0.0, 
0, 0.0, 0.0, 0, 0, 8.401157150301549, 0.0, 2.1940716956818935, 
0, 0, 0, 3.3623714099914075, 0, 5.29371978976244, 0, 0.0, 
0.0, 0, 4.80910976522524, 0, 0, 0, 1.3958026045776535, 0.3631588781459392, 
0, 0, 0.0, 0, 0, 3.765205399616365, 0.06349345383571214, 1.1752428366153245, 
0, 0, 0.7275266279867267, 0, 5.043983292416621, 3.6274912913068142, 0.0, 0.0, 
0, 0, 0.0, 0, 0, 4.8288377534712135, 0, 0.14427729285595725, 
0, 0, 0.0, 0, 0.0, 1.711717460451311, 0.0, 5.6363823443098395, 
0, 0, 0.0, 0, 0, 1.5106907094104773, 0, 0.92210006242895, 
0.0, 0, 0.0, 0.0, 0, 4.130354710778256, 0, 0.5511631711725498, 
0, 0, 0, 0, 0.0, 0.0, 0, 0, 
0.0, 0, 0, 3.2652287906007373, 7.335681529328462, 0.7162094862694275, 0, 0.0, 
0.0, 0, 8.285526919289882, 0, 0, 2.484934591045079, 0.0, 0, 
4.639651818467289, 0, 5.436251845412182, 1.8048348024837448, 0, 7.1819069898917665, 0.0, 1.3472884128960045, 
0.0, 0, 0.0, 0, 0, 0, 0, 0.4732319019472513, 
0.0, 0, 0, 0, 0, 0, 1.2106639737506892, 1.624393158708504, 
0.0, 0, 0.5335980808788285, 0.0, 0, 0.0, 0, 0.7031077503226868, 
5.123920377964051, 0, 20.11306841854514, 0.0, 0, 0.0, 0, 0.23610568134254958, 
0, 0, 6.463762951536396, 3.276787979596591, 0, 6.092713549930213, 0.0, 0.6464624817266529, 
0, 0.0, 0, 0, 0, 0.0, 0.026831265822796713, 0.577523462799201, 
9.74592889527829, 0, 5.287247844617322, 0, 0, 1.2628585380187947, 0, 0.0, 
0, 0.0, 0.0, 4.096919258134266, 0, 1.1512740936520132, 0, 0, 
0.0, 0, 0, 0, 0, 0.0, 1.6647756279267014, 2.1994855981453485, 
0, 0, 2.7327631406976387, 3.196163405270692, 0, 0.0, 0.0, 1.2737187818374986, 
0, 0, 20.87429863845226, 0, 0, 0.18319251407697124, 0, 0, 
0, 0, 5.5626218691002975, 0.8335351739216987, 0, 0.0, 0, 0.46149644485895774, 
2.5726131927569185, 0, 0, 2.4308718647961047, 0, 3.2482803246479253, 0.0, 0.0, 
0.0, 0, 1.2154164153769578, 0.0, 0, 0.0, 0, 2.5182248112511707, 
0, 0, 6.71530709162233, 0, 0, 1.6097282746323938, 0, 0.0, 
0.0, 0, 4.8748211232267735, 0, 0, 0.8142279397498786, 2.0459572349530672, 0.0, 
0, 0, 1.8582706105634195, 0, 0.0, 0, 0, 1.173899459713836, 
0, 0, 3.377060050049413, 0, 0, 4.443537400835838, 0, 1.4080182029373591, 
4.280675745183267, 0, 11.433135802689991, 0.7645161756441432, 0, 0.9644500248497083, 1.7880997570004649, 10.143461523389188, 
0, 0, 0, 0.0, 0.0, 5.1452641915077635, 0, 0.0, 
0, 0.0, 6.534260666259009, 0, 0.0, 0.39424591970541467, 0, 0.0542131223507513, 
0.0, 0, 0.0, 0, 0, 0.0, 0.0, 0.0, 
0, 0, 0, 0, 0, 0.0, 0.0, 2.0485951225886136, 
0, 0, 0, 0, 0, 0, 0.0, 0.2927928663417389, 
0.0, 0, 0.0, 0, 4.722911270826646, 0.0, 0, 0.0, 
0, 0, 19.346865762634607, 0.0, 0, 0.0, 1.8360666073004772, 1.9961770114295956, 
0.0, 0.0, 0.0, 0.0, 0, 1.4474080052511298, 0, 0.7147909491520927, 
0, 5.063065585031737, 3.2792603165668384, 0, 0, 9.636775747779012, 0, 0.37427920560454037, 
0, 0.0, 0, 0, 0, 1.0752570725304862, 0, 1.19014263101217, 
0.0, 0, 0.0, 0, 0, 14.407371965849613, 0.0, 0.5374887926224846, 
0, 0, 0.0, 1.2625076075245503, 0, 21.768953484341406, 0.39601753456686417, 3.5715022232293134, 
0, 0, 0, 4.461182378924066, 0, 0.0, 0.0, 0.2973170121874382, 
3.683647102409141, 0, 15.337713052395307, 0, 0, 0, 0.6345088933567027, 2.2351825632312026, 
0.0, 0, 0, 0, 0, 6.289009412906882, 0, 0.7165321900831998, 
5.25094757091728, 0, 0, 0, 0, 0.0, 0, 0.3493567424313279, 
1.6211336944084227, 0, 24.754150725018963, 0, 0, 0, 0.0, 0.0, 
0, 0, 0, 0, 0, 1.4270287037296139, 0, 0.0, 
0.0, 0, 9.67908160337617, 3.171701247369514, 0, 0.6110076137877376, 0.0, 5.252607364690306, 
0, 0, 0, 0.0, 0.0, 0, 0, 0.0, 
0, 0, 0, 2.7773738483661745, 0, 4.719847767881243, 0, 0.0, 
0.0, 0.0, 0, 0, 0, 0.21759736909086236, 0.5339568506910437, 3.9726844955181577, 
0.0, 0, 0, 0.0, 0, 2.6660652044022353, 0, 0.7534450151981757, 
0, 0.0, 18.27320049649174, 1.2801710551063827, 0, 0.0, 0, 0.5559473071898351, 
0, 0, 0.0, 0, 2.381780161839144, 11.379749997731805, 0.2976599881626125, 0.8845202974149204, 
0, 0.0, 0, 0, 1.6546717535068964, 5.182778351182036, 0, 0.5743177081190729, 
0, 0.0, 0.0, 2.477698021190152, 2.3608273362065137, 22.528449024151453, 0, 0.20097397837608533, 
0, 0.0, 0, 0, 0, 0.0, 0, 0.7645441378167227, 
0, 0, 0.0, 0.0, 0, 3.98621782529889, 0.0, 3.5808330214665802, 
0, 0, 0, 0, 0, 0.0, 5.073310944278564, 1.767428031274309, 
0, 0, 0, 4.330499934253187, 0, 0, 1.538517156289935, 8.635035174017693, 
0, 0, 0, 0, 0, 0.5444296925594507, 0.0, 3.1090976714451157, 
0.0, 0, 0, 0, 0.5197179617241741, 18.144005488644893, 0, 0, 
0.0, 0, 0.0, 0, 0, 0.4067134167026367, 0, 1.1274081713986213, 
0, 0, 0, 0, 0, 0.06946362949977332, 2.02345786584539, 0.060454100247403275, 
0.0, 0, 0.0, 0, 0, 8.3977226144462, 1.0042230703216464, 2.89491112390129, 
0.0, 0, 2.1838777473439634, 4.234962613204763, 0, 0.0, 0.0, 0, 
4.171524328535133, 0, 11.343987568652505, 0, 0, 1.3284805325029592, 0, 0.07862159173387202, 
0, 0, 7.645127285825496, 0.0, 0, 3.374864970159601, 0, 2.360197756240124, 
0.0, 0, 0.4001212447384779, 1.6884367774384863, 0, 5.688600049055341, 0, 0.02201385227415109, 
0, 0, 0.0, 2.502350940785027, 0, 0.0, 1.2153848776833263, 3.3507800097122487, 
0, 0, 0.0, 0.8376782622297823, 0, 34.2491842554691, 0.7179695759016806, 0.24781132245380116, 
2.330134038122498, 0, 9.31666615955412, 0, 0.0, 0, 0, 1.0721413307135328, 
7.566527231684049, 0, 0.0, 0, 0, 0.0, 0, 0.7787580107313108, 
0, 0, 0.0, 4.489277563559664, 0.0, 0, 0, 0.7671199633356828, 
