33.431792937543726, 0, 24.550509213337236, 7.056103227255804, 0, 5.5674356833734775, 0, 2.7607444571761723, 
0, 0, 23.974450754844643, 0, 0, 12.147936334073306, 4.704603875479762, 13.51612505150128, 
0, 16.767934749248283, 25.43319016005669, 0, 0, 2.2904152503896036, 0, 1.4614606895389286, 
18.98155325432622, 0, 58.276795774774584, 7.951065983695974, 0, 4.655059738368635, 0, 4.490647109401257, 
0, 0, 39.437332218827166, 5.047360352096836, 0, 0, 5.5068798003773205, 11.058492937413376, 
0, 0, 91.44678098243071, 4.405040619393943, 0, 5.593911097411301, 0, 3.392360130927195, 
0, 0, 41.58265728242473, 5.935487225066806, 0, 20.55741337537292, 0, 3.6085534167257918, 
0, 0, 0, 0, 6.549514900225743, 4.3487453821773325, 0, 3.1095522303905994, 
0, 16.541497713389028, 0, 0, 0, 9.08620464404066, 0, 4.7096333945766755, 
0, 0, 15.254469232652067, 5.440550229434429, 0, 5.680583774696284, 3.591768945827543, 7.264316215600878, 
0, 0, 0, 0, 0, 0, 2.637115085217676, 1.1017969832101453, 
0, 0, 46.26649754474905, 0, 0, 3.49428149695075, 0, 3.0525022744336385, 
12.210132790979996, 0, 30.525532837990426, 0, 0, 3.873689164742004, 0, 2.6420908675667896, 
0, 14.689890602370356, 35.34938106195885, 2.7552189005376615, 0, 0, 2.5678518016334717, 3.4838293364451034, 
9.320775910742679, 0, 22.339232323106923, 8.424667626928482, 4.519698529809464, 0, 4.165378793816611, 3.9078813698394055, 
0, 0, 22.62289634847817, 0, 0, 7.999236848165013, 0, 2.4260969885708317, 
0, 14.350071964236175, 0, 6.517467241746824, 0, 7.554594356026169, 0.7159769046539761, 0, 
0, 23.730680395547, 22.26607343292888, 5.492927928163057, 4.969471809285791, 5.847422330667295, 0, 2.644269610982515, 
0, 0, 39.032969803288665, 4.3459292066929915, 0, 4.996586980153069, 0, 3.105917644580412, 
14.569334818847212, 0, 0, 0, 0, 6.3194480282131185, 0, 0, 
29.623387939274785, 0, 50.06355077935878, 11.748653910890539, 0, 0, 2.8256795115290165, 3.9164663139847566, 
0, 0, 22.12747117856071, 0, 0, 5.2589796902763055, 0, 2.0276870071127693, 
15.25601618219118, 0, 30.64875185935758, 9.47398761962327, 10.620441387074761, 9.728097117500237, 2.3423732547500817, 0, 
0, 26.519342552522605, 0, 7.406262443206246, 0, 30.823924692155735, 3.085947753618823, 0, 
13.202838383500827, 0, 15.637328023142679, 0, 0, 5.3243107789477016, 3.96833743187271, 3.2375896218621936, 
13.593098629149356, 0, 33.04765806441611, 0, 0, 3.85076320489335, 3.8500718050692715, 2.605564399272714, 
0, 0, 38.148104190116925, 5.095543914289192, 0, 0, 0.0018316740098303086, 3.3037051121790246, 
0, 0, 14.315013589753427, 0, 0, 6.368969120026062, 2.1907502826269103, 2.8182204999933287, 
0, 0, 0, 0, 0, 6.782885402478588, 0, 4.592443398327583, 
0, 0, 0, 7.270137773532344, 8.972655664894859, 11.527571636672738, 0, 5.1837262845537255, 
0, 0, 47.13035666529984, 4.069180617582211, 0, 4.486534796088691, 0, 0.43096137995455663, 
24.809314744226, 0, 0, 0, 0, 6.665406215948896, 0, 3.592956350491802, 
0, 0, 41.90738995010749, 6.361641831428715, 7.399050111953994, 6.644547133298112, 4.094026422839697, 2.464803374099395, 
0, 0, 23.15364921372858, 0, 12.039170399062618, 3.8393434222131595, 4.557217195993763, 4.811818464799417, 
28.59680420293577, 14.200115529650212, 19.90966905108115, 0, 3.7060514804031475, 7.081047637396822, 0, 9.794591037717305, 
0, 0, 0, 4.261881541444174, 0, 0, 0, 4.84476956251404, 
17.4142953021533, 0, 27.300740627255465, 0, 0, 6.373564330054254, 0, 4.325860565557486, 
0, 0, 0, 0, 0, 15.732685581689807, 3.9790074919616862, 3.9078242387159308, 
15.467302073555446, 0, 44.488677991747565, 0, 5.873850973134417, 5.537595744381288, 0, 2.8605490167519436, 
12.371897806784721, 0, 18.55851603644231, 5.870637477613673, 5.505280288739659, 18.287671578342543, 4.583937859612885, 5.154079653313012, 
0, 0, 35.00145340957228, 0, 0, 5.932560308258943, 2.7770603429285368, 4.9937485097674505, 
0, 0, 29.717753843225683, 0, 4.766217403667275, 11.91595395470502, 0, 5.678436617338641, 
0, 14.014479163139308, 36.485020355867924, 4.283511107764275, 0, 8.639426867417031, 0, 6.193244391654671, 
0, 0, 38.88582235860987, 2.4086807425749566, 7.550703835273403, 0, 2.3396234563465796, 6.064156986367708, 
15.263074145706142, 0, 16.41218996989106, 3.519438875443777, 0, 16.721983713297842, 0, 3.639973120057311, 
0, 0, 22.187166127479184, 0, 4.9539630035918885, 4.9763584963050285, 0, 3.910394279567474, 
0, 10.67011910857757, 20.42353721008607, 4.757310338900835, 0, 3.874451932440726, 0, 5.955475667697886, 
0, 0, 30.075782046436075, 0, 0, 6.0323695092115015, 3.1783000856626806, 2.075829183708605, 
17.27891027547486, 0, 55.31049183300625, 1.4573181189722355, 0, 5.228668294405798, 3.535575045140881, 3.6224136673737335, 
14.640757312288704, 0, 0, 0, 6.071305841260941, 8.791627338411148, 1.340783513349967, 2.2609561336148793, 
13.714072232195473, 19.70063580280124, 0, 3.543261422628274, 0, 7.520691710095218, 7.7218742383579695, 0.6348480025339835, 
0, 0, 0, 4.6563903119411405, 0, 3.6876491368806072, 4.492146415887845, 3.968092550242688, 
0, 0, 18.780566761245677, 14.514035151539947, 0, 8.03372904085338, 0, 4.973044080542686, 
0, 0, 23.471668150783124, 8.485936587624451, 0, 12.500463059322453, 0, 4.874860926983738, 
0, 0, 39.51671152237222, 6.2259194379060006, 0, 4.205240154178177, 0, 4.24930518846751, 
0, 0, 23.51985667072502, 0, 4.281957705478279, 8.09675468528791, 0, 3.011432643145498, 
16.744019704325044, 26.944898935562996, 0, 0, 6.8966647811658, 0, 0, 2.3602201708650643, 
21.57109002357778, 0, 48.26001253923944, 5.0389409633187805, 8.976120305314018, 0, 0, 3.9881992571667095, 
0, 0, 20.466539932946258, 7.6086539727289, 0, 11.888189282745701, 0, 3.8671185882267873, 
0, 14.260405789751056, 45.569988334573225, 0, 0, 6.126248803651531, 3.4977593963680076, 2.597031703203362, 
0, 0, 33.799934154385255, 10.707028901201985, 0, 6.279462582767271, 3.3923534520146426, 4.673253195694917, 
0, 15.190131993412352, 39.77339198774358, 13.347010358681455, 0, 29.907379550998755, 0, 3.003270115912742, 
0, 0, 0, 6.303202661979524, 0, 9.139785934218125, 3.947049092058222, 6.100877575950276, 
0, 0, 42.758391549141024, 0, 0, 4.595824261129357, 0, 3.044658763467385, 
0, 0, 44.555994337309855, 0, 0, 0, 0, 8.278357670552403, 
0, 0, 36.09206046396908, 3.085700021726099, 0, 12.232692848430824, 0, 3.789429323782271, 
0, 0, 67.024407608161, 4.067653859344523, 5.837109706239727, 0, 0, 4.277747601461138, 
24.94894468648401, 20.580072744400688, 0, 0, 0, 0, 2.609855187327802, 7.310940658751141, 
26.73139156013985, 0, 0, 3.2656930491274045, 0, 0, 0, 0, 
0, 0, 20.213813747729667, 14.391914933132073, 10.235348305510444, 13.224014124346578, 3.0332639735300386, 4.0958308592443755, 
15.095249737347917, 0, 25.220813687392887, 7.185079670032079, 0, 5.6562666418442475, 0, 4.925552900887181, 
23.059545648042047, 17.347805497298726, 43.24684254689609, 0, 0, 6.127882596828285, 5.004709918206061, 2.0223214575642867, 
0, 0, 26.98823880647229, 0, 5.751060058595071, 5.499273377065176, 3.3251837721255275, 2.7086523840606125, 
0, 0, 50.34409764990959, 0, 0, 15.861990663270845, 3.81411674639852, 1.8280778089787688, 
0, 0, 23.51690857135377, 3.6140824772896085, 3.80666799409535, 4.386765435768081, 0, 4.714089690682091, 
13.756078332728352, 0, 34.333706594858924, 0, 0, 4.503543709539818, 0, 3.3703471065380297, 
16.83772277969008, 0, 24.009430990577858, 0, 0, 0, 4.954749857526963, 8.877944277411903, 
0, 0, 24.92564775904976, 4.864775383608237, 0, 41.721157683895086, 0, 7.315847972192538, 
0, 0, 19.120091302979784, 4.850048105399903, 0, 9.646988307229268, 0, 5.099912244601284, 
0, 0, 52.43700797109232, 7.3811751436991955, 0, 13.902197432751088, 4.321586045028912, 2.6642312792839973, 
0, 0, 0, 0, 2.5857119964647817, 0, 1.8806623280779153, 5.806593057227283, 
12.642370828718986, 0, 0, 8.956769817135786, 0, 17.584521605306907, 3.4841920466504774, 4.747468162265337, 
0, 17.672505943384078, 34.248734329111294, 0, 0, 9.440091012372378, 0, 6.580817013207796, 
0, 0, 17.413023475831064, 0, 0, 5.096561638880284, 8.89507768339312, 10.564320299209497, 
0, 0, 57.78899052397568, 0, 4.7411434927790275, 8.204404365217462, 0, 5.222989333254908, 
0, 22.308146106046696, 0, 0, 0, 6.4184865959088215, 0, 0, 
23.093540024564344, 0, 55.00993335602712, 0, 0, 0, 4.389932024531316, 3.2784185748055834, 
0, 22.043573441355893, 15.219348095559255, 7.198758367124077, 0, 0, 0, 1.9846083373158176, 
0, 0, 0, 8.382210170271765, 5.993415627300842, 3.822032541521876, 0, 4.691598729271979, 
0, 0, 38.36049436789364, 0, 0, 13.163353684645378, 2.8120951104385856, 5.174348156674656, 
0, 0, 20.74701684973035, 0, 0, 8.019457461849218, 0, 7.004378335475165, 
0, 15.461158228828154, 31.401947409498852, 0, 4.032647705362469, 8.368161917755137, 0, 2.16581394991703, 
0, 0, 27.055806905778272, 0, 6.633098748159441, 9.772450349369205, 0, 7.9488471340938025, 
0, 0, 0, 5.903304027920915, 0, 6.46983460731472, 0, 1.8634451541005397, 
0, 13.4788109912439, 52.90812740386666, 0, 0, 6.386116989681263, 0, 4.955550107120977, 
15.213101951237224, 0, 44.625034654600206, 0, 0, 7.031803710191043, 0, 3.365233335713639, 
0, 0, 0, 3.4361363081866925, 0, 4.2533280715650434, 0, 2.615006958524447, 
17.407822407408872, 18.456342807177265, 16.733577892443446, 0, 0, 0, 5.435172908057376, 0.7328324308966021, 
0, 0, 0, 0, 10.734871691519581, 42.249383127469756, 0, 3.658581153235498, 
0, 0, 21.403287258070968, 0, 0, 7.275943326909515, 4.843848713593813, 4.004564409711863, 
0, 0, 57.316598996161645, 9.313611965879836, 0, 0, 0, 3.8408392562313787, 
0, 0, 0, 5.132753579013343, 0, 9.7559519000068, 0, 3.3674270524691012, 
0, 0, 0, 0, 0, 12.277232015361069, 0, 4.8108621657704385, 
0, 13.257847026675924, 45.10971469817301, 0, 0, 0, 0, 1.857480866691322, 
0, 0, 32.39660250023982, 0, 0, 4.158628638755496, 0, 3.60369322947896, 
0, 0, 18.253859735292757, 0, 0, 4.173389321502701, 3.7985702544830815, 7.25720990764457, 
0, 0, 36.92430983827637, 0, 0, 9.789113849240362, 2.654711154066261, 4.436832589185226, 
0, 0, 0, 2.636878405677142, 0, 8.984278311379796, 0, 6.525380020312497, 
0, 14.354617599620127, 0, 0, 0, 6.293430967946405, 0, 4.703791967563442, 
0, 0, 25.804375763567542, 5.367185731924595, 6.76679701658221, 24.836640361131106, 0, 5.080399540162458, 
0, 0, 34.55544783338678, 0, 12.735519550319015, 10.71286928077392, 2.3315983408892884, 2.316506408024894, 
0, 0, 40.17198448662815, 0, 0, 5.057515860377952, 0, 4.676276581660889, 
17.188061898037628, 0, 0, 9.386515803921961, 0, 0, 3.007652257647478, 4.183893512310208, 
21.583763949911564, 0, 0, 0, 0, 11.88317797556877, 5.136491773498284, 3.170522755920138, 
0, 0, 36.365374329427866, 6.306334093778583, 6.314406272076262, 28.182987894387168, 2.8875314633164173, 0.5354945583520241, 
0, 0, 0, 0, 0, 5.688821845655592, 5.480090621866284, 3.231136232659092, 
14.530408020226194, 0, 45.51192236768198, 5.831667358269496, 0, 23.076693795743648, 0, 1.96786768989836, 
13.17974594950656, 0, 23.337752755867065, 0, 0, 0, 0, 2.716594774199576, 
0, 13.286490601924879, 20.216139508796882, 2.7087870501918347, 0, 8.111286906098385, 0, 2.9686580801635247, 
20.43528873643449, 0, 0, 0, 5.1512400935364795, 7.834360532845888, 0, 2.531958435461545, 
0, 0, 58.32851379208559, 9.870656453468085, 0, 6.100508542819682, 1.9792787710390574, 4.950954397994548, 
0, 0, 57.5011843443609, 0, 0, 0, 0, 2.8600173260885793, 
0, 0, 44.06441396218901, 4.975018952439399, 6.450730687953156, 0, 0, 3.750570297942571, 
0, 0, 17.071879113048276, 3.1937460997229197, 0, 0, 0, 6.224326236502892, 
0, 26.997238134680522, 25.669131408437735, 0, 8.157589867095481, 5.177016375761232, 0, 3.1834170818918, 
0, 0, 0, 5.520276259485097, 0, 0, 2.3812516890536273, 3.857386001877339, 
16.633382332265118, 0, 0, 4.281457025157, 0, 12.588341105583366, 0, 5.329066721167394, 
0, 29.918687559252426, 24.16049863238748, 0, 0, 4.845441778902882, 0, 3.1438973486119144, 
15.926075136432713, 13.456914352625157, 0, 6.579014188643445, 5.613273341498371, 19.27061988566147, 0, 2.9786445216135986, 
0, 0, 17.566255228994223, 0, 0, 6.741734687170388, 3.865428557603133, 6.033570738584762, 
0, 0, 16.916662226020136, 4.242024333798, 0, 18.73734022762895, 0, 4.9634060195766265, 
36.80866821377035, 0, 0, 4.917191274881301, 0, 0, 0, 0.9143374507171242, 
0, 0, 14.689915281675592, 0, 3.914686185572407, 16.782341080316073, 2.681618150924878, 5.357577181007331, 
0, 0, 27.975064804687246, 0, 0, 7.390970600075963, 3.132883004549907, 0, 
0, 13.988181951143149, 42.61245215976132, 0, 0, 7.110155630357633, 0, 1.286300915862638, 
0, 0, 25.440234268212706, 5.021481974283932, 0, 0, 0, 3.795843189464481, 
0, 0, 0, 5.6329026385269865, 0, 0, 1.8921479759957158, 4.790135184454032, 
12.768321348540004, 0, 14.203195385070098, 0, 0, 6.677651425875338, 2.0709337968823838, 7.264048799962911, 
0, 14.752444119845427, 59.1933943969501, 0, 0, 5.455764453070971, 3.6997182323580304, 4.227587659413982, 
0, 0, 28.56922243524412, 14.298440922878342, 0, 4.65032544832961, 3.540161246352932, 2.7290401198338725, 
21.71820989422799, 0, 0, 0, 3.6944919512277306, 11.072812206184366, 0, 5.720162500602079, 
0, 0, 31.757815366537578, 0, 6.8056585754000425, 18.92373352412743, 3.734444544628142, 2.344242912510096, 
0, 0, 33.55607885173222, 0, 0, 9.014887111353667, 3.319355387255649, 6.0891069108754445, 
26.203895051376527, 0, 46.398047070513286, 0, 6.688840501631642, 5.077337519975273, 0, 1.9909184237422708, 
0, 0, 0, 10.857020008123976, 0, 15.859256167433871, 0, 1.657903319718307, 
0, 0, 0, 8.589821935544931, 0, 16.838537564143508, 0.4980663957572169, 2.874215704223508, 
31.88175604546574, 0, 23.474433497692498, 9.468328384221259, 0, 0, 0, 3.7156752945571956, 
0, 0, 68.98238654534862, 0, 0, 0, 0, 7.485746030020353, 
0, 0, 37.61519618026301, 7.011295340799259, 0, 0, 0, 2.086716612005475, 
0, 0, 53.24975194759893, 0, 0, 0, 0, 4.591951927154335, 
0, 0, 0, 0, 0, 3.416463005835137, 10.570006596807357, 0, 
0, 0, 32.92820216670272, 4.687695703554908, 0, 14.725783563722208, 0, 3.28592936548295, 
29.140211528721313, 0, 61.75548090567622, 0, 6.0806199644041925, 7.1726733574139105, 0, 2.8675422963121306, 
0, 0, 0, 12.105659141808394, 0, 23.105789443653897, 0, 1.324911144002808, 
0, 0, 19.779455501694603, 0, 0, 0, 0, 2.0950050519075676, 
0, 0, 39.689322834700604, 0, 0, 6.21019815323695, 0, 2.46651675335413, 
0, 0, 0, 0, 6.1781385375028375, 4.761679121427171, 2.7122088724162285, 5.813740543829843, 
0, 0, 20.732393693864488, 8.000277354930514, 0, 9.485691507446663, 2.1621979509625557, 0.3703367307660228, 
0, 0, 17.136364246401673, 0, 0, 1.12529120916414, 3.3779338386624556, 8.212043263991408, 
41.18905890090027, 29.167329314295895, 24.606850875042937, 0, 0, 0, 5.213428438143893, 3.0424518164957894, 
26.860559656352613, 0, 40.57378669361115, 4.830110793842178, 0, 8.444696222036555, 0, 3.6111201292636443, 
13.316046996655032, 0, 22.13707788412769, 5.844181640313435, 0, 5.817812637294219, 0, 4.461963829774345, 
0, 22.420757027556387, 40.0248260386352, 0, 0, 5.273454787953399, 3.6958713987487233, 9.704401093683174, 
13.152400759896215, 0, 57.691127929523915, 3.775956212469058, 0, 6.8802669596392905, 0, 1.9850940624646451, 
0, 15.31026354421568, 28.100338050937843, 12.125711532651334, 7.641547792535129, 46.852002240594715, 0.7751737658774385, 3.2892104369808974, 
0, 0, 35.55928596573538, 3.9445585802823846, 0, 6.187457483867437, 1.6458872867705754, 3.0899535531835167, 
0, 0, 27.673536804340337, 0, 0, 11.589657257778043, 3.1874863021296918, 2.5966520090233978, 
0, 0, 25.680947744892944, 3.91218594804468, 0, 10.00379937431896, 0, 6.977718013481504, 
0, 0, 45.91044593291692, 6.217678725492297, 0, 8.433001349319724, 1.0397580645759081, 2.244772848890051, 
24.450706671417528, 0, 22.8646265980743, 0, 6.059082606007047, 0, 0, 4.989746742119921, 
0, 0, 0, 0, 0, 9.153028384709327, 0, 1.6024290337784937, 
16.632280818320773, 18.830870772422056, 27.468074461711605, 0, 0, 5.601975206906143, 3.8430278451983586, 3.017376013288862, 
0, 0, 22.598090313313616, 0, 0, 6.764783804342715, 2.799802621244905, 3.4565936675151114, 
0, 0, 0, 0, 0, 5.51021497186639, 0, 4.2737063680525464, 
16.077555225929096, 0, 30.60604227695756, 0, 0, 10.759722063754822, 4.802454510895758, 0, 
0, 0, 0, 0, 0, 5.55510515099144, 1.0125340877847948, 1.9601182543021087, 
34.30256232799643, 0, 30.466949679431725, 0, 0, 5.453819939533306, 4.5318511155510475, 3.7561168048024087, 
16.38945224386383, 0, 19.971604494520733, 0, 8.767279153664258, 3.502018881597314, 2.2348724022994304, 1.407966034066485, 
17.34664945729542, 16.27149590898904, 34.91181673317149, 0, 0, 6.190356051622459, 4.24781049067227, 10.2601196385836, 
0, 0, 17.24847512525004, 9.350488425557275, 7.738585585424932, 22.343976248340077, 0, 3.969650141299912, 
0, 15.48274568179836, 20.11883997449292, 0, 0, 5.974955591638489, 5.032777528257533, 3.1392740903525813, 
0, 0, 20.200376235987534, 6.758509156246902, 0, 0, 4.917884547965903, 4.509835507868775, 
0, 0, 34.31711089248357, 0, 0, 4.490463722552849, 0, 2.326476059015237, 
0, 0, 30.618454934405168, 0, 0, 4.550269267266058, 0, 5.918150716708135, 
0, 15.954149607209873, 67.16500809030876, 0, 2.3521577310434605, 0, 0, 2.4118356671975905, 
23.19747769311251, 0, 18.62884816567122, 10.099049814945005, 0, 8.964449242581237, 2.9541452287404577, 4.380407166472077, 
57.83367197359841, 0, 28.734550015612353, 6.819607641516802, 0, 6.563211156370047, 0.5368478234620175, 1.5054741091809791, 
0, 15.793705562101415, 27.692620147005403, 0, 4.903525483287368, 0, 3.5017060332859518, 2.718154038852176, 
0, 0, 31.31244703000987, 6.662530950839974, 0, 34.93353752480886, 0, 7.143228950502173, 
0, 0, 49.09524840393614, 0, 0, 5.346536308679991, 1.9250784802790157, 0.3274169728920931, 
0, 0, 55.464176418731086, 4.741170638620419, 0, 0, 0, 3.643572358301568, 
28.126908363835422, 28.292615478526645, 24.895541772271798, 0, 0, 10.220244867871722, 4.835513266885415, 4.286514749870901, 
0, 0, 40.21691916481731, 0, 0, 11.120109687394814, 3.6387591662431777, 3.7444899420981224, 
0, 0, 62.76158436456328, 0, 7.221276257961841, 20.259456094770776, 3.6278217979271243, 4.725750855993386, 
0, 0, 22.16250616087119, 0, 0, 4.9945426016752235, 0.7395360948731362, 6.606558100263147, 
0, 0, 70.8349850350906, 2.960822841635869, 0, 9.10698103818616, 0, 1.858024986090182, 
42.696099513468255, 0, 25.394182372158443, 0, 0, 12.228313653800171, 0, 3.423258305192906, 
0, 0, 46.03742050231834, 6.777709180972316, 0, 8.740057561395144, 0, 1.4209047735880724, 
0, 0, 0, 0, 0, 8.87327325760146, 0, 4.913913767899375, 
0, 40.23024677853903, 0, 8.553080574639498, 0, 13.794704633796716, 0, 4.389220847729723, 
15.272746232996036, 0, 0, 5.567343951184675, 0, 0, 2.235889460353105, 0.804789396626714, 
0, 0, 51.61126611165633, 0, 0, 15.106635848805775, 0, 5.759389408926875, 
23.158741943425497, 0, 0, 0, 0, 10.450536566723361, 3.956784843834563, 3.7318108983567804, 
0, 17.750389116309652, 0, 8.649704699277407, 0, 19.97562377408066, 1.3498862478259142, 2.9803160604210186, 
0, 0, 0, 4.7306181350017695, 0, 0, 7.610198802465581, 2.9068933046435355, 
0, 16.4849081927804, 37.84986454491552, 20.805667047769482, 22.831070865924865, 17.80167447377645, 2.302115239684092, 5.4632214471466645, 
15.660272660626685, 0, 24.89004897792164, 0, 0, 8.145492900528344, 0, 3.6233656585493734, 
0, 0, 0, 0, 8.52913581964355, 9.787378950227145, 0, 7.425679918336574, 
0, 0, 0, 0, 0, 3.0123094973427653, 0, 4.432635647407603, 
17.636999399327856, 0, 69.31713145892732, 9.100348647779155, 0, 5.63326931500211, 2.62149985397278, 5.042838016247334, 
0, 0, 33.100279733166474, 8.71652805686267, 0, 8.019748070952538, 2.0616046845199314, 3.4524224859748838, 
29.180258470414973, 0, 28.06530965225396, 4.922270629384689, 0, 2.6378294710809334, 0, 2.889776514386755, 
0, 16.804793385473555, 52.477152753893996, 0, 0, 5.715731956864681, 3.4199842712331248, 4.6017885279396875, 
0, 0, 17.00386702167887, 0, 1.1856633762451665, 0, 1.077503978895983, 2.6597132983422593, 
0, 0, 35.89566850067099, 7.63419471684957, 5.747398960031212, 0, 2.999148792360174, 2.5219023883934812, 
0, 14.278000842264554, 48.763330645478554, 2.965555665772073, 0, 0, 0, 4.432517517945288, 
0, 0, 24.728616107931796, 5.542475013698183, 0, 5.22356173846881, 2.3927436463796887, 2.9506652197027954, 
39.30628022894182, 15.744493819992112, 45.28431598906365, 0, 6.007650377050975, 10.280546472688487, 1.8943434230483422, 2.271891801145756, 
0, 0, 0, 0, 0, 7.568322923432012, 0, 4.366425916214794, 
0, 0, 0, 8.708416829150558, 0, 0, 1.5366828725504575, 3.314414217805602, 
14.213531959640061, 0, 42.38698349835495, 4.063526007722171, 0, 4.744295048430459, 0, 2.4200502374715738, 
0, 0, 25.083753657808728, 4.342160456043686, 0, 13.643139502880853, 3.6660523429483276, 6.400360827795998, 
0, 0, 23.609238883058854, 0, 0, 7.568799108257812, 0, 3.6310905110609113, 
0, 0, 43.675755965860965, 6.478493207774459, 5.56842291949885, 0, 0, 5.409115417027068, 
0, 0, 35.6695802223412, 4.250541086693107, 7.153383926976256, 0, 1.7787831036687662, 2.9811824189550173, 
0, 0, 27.394051243054776, 4.9410766151954135, 0, 23.911084489679524, 2.8390329709178417, 4.186813748468424, 
0, 14.267102851264008, 0, 7.719084093741143, 0, 0, 0, 2.4006601667487413, 
17.671248212495215, 0, 42.1209411246776, 6.582794070376815, 0, 4.510812105048596, 0, 3.194951161151943, 
0, 0, 18.01657921085444, 0, 0, 2.067182194230625, 0, 2.4567217402714627, 
0, 0, 53.36512173717677, 0, 8.368963711864282, 18.753630512580294, 0, 2.8025004160153326, 
30.012405531412305, 0, 38.56437916397209, 5.8287083097640595, 3.0741510431279373, 0, 0, 4.739069393255954, 
0, 0, 0, 0, 0, 0, 0, 4.496142508864418, 
0, 0, 0, 0, 0, 0, 0, 6.262595390062799, 
0, 0, 13.791225679730669, 4.149869656464768, 0, 9.287178271051369, 4.7497842644154336, 3.0695965680389308, 
0, 20.490501264485694, 20.684758298886862, 4.274261533408568, 0, 0, 3.972077002259765, 4.477926391190433, 
15.218631580727157, 0, 0, 4.188397234603045, 0, 15.248498430915099, 0, 4.113607101507673, 
0, 0, 62.450370719117124, 3.8859065377067328, 0, 10.489585747634901, 1.6664316086732693, 5.696647216442245, 
0, 0, 45.717391783873786, 7.577237764340856, 0, 10.205814850102454, 0, 2.500811288222429, 
0, 0, 22.84590686478182, 0, 7.508059658114679, 4.870436394310855, 0, 1.61590005620381, 
0, 0, 42.0255146990353, 0, 7.723605624331515, 4.190525475429029, 4.155383429105552, 1.817813564884637, 
0, 0, 0, 6.813590784063036, 0, 5.951236091964145, 0, 2.1301139857318474, 
0, 0, 19.11656479731201, 0, 0, 0, 3.681560417645822, 4.163529274494892, 
0, 14.202073498801536, 24.97406445156161, 0, 0, 9.505394788655643, 4.555126797318163, 3.571959466582264, 
0, 0, 0, 0, 0, 5.27168691275533, 0, 3.492120420872883, 
0, 0, 0, 2.522520242773183, 0, 8.114207759876827, 0, 6.372400397330355, 
0, 0, 62.53956149551206, 0, 0, 9.652762014638936, 2.929555305507901, 2.404072303627239, 
0, 0, 21.20505203474853, 0, 3.2601476294155525, 0, 3.723217083673914, 6.6318635746992625, 
0, 0, 26.483669706343314, 0, 4.539756526235692, 2.4789094819314315, 4.997803477197537, 10.349777075780038, 
16.36137139578628, 0, 31.878018794892057, 4.058854019500511, 0, 12.74057664450063, 0, 2.7449561047413926, 
0, 0, 68.66193049315078, 4.400175897572087, 3.1021548684663305, 8.489739010413718, 0.47950402786761437, 3.3601064651953974, 
15.06327877814583, 0, 48.785199109794675, 0, 3.0771661225240106, 0, 0, 2.5894881809355317, 
0, 0, 61.1794796159754, 0, 0, 21.680280577471507, 3.7479200995019237, 9.858751386192289, 
0, 0, 33.79593024945582, 0, 7.952217036687452, 8.876099588631915, 2.8144274272235217, 2.6583567267504087, 
0, 0, 36.819131018704695, 0, 8.570737343021957, 18.04767950151943, 3.2395304574631076, 4.953040296203078, 
0, 0, 23.40360604646151, 5.139690133890417, 0, 6.827179634920589, 0, 2.792947802509321, 
0, 0, 31.609967671791043, 0, 6.781814746673456, 6.063184581940375, 0, 3.49116879233892, 
38.903075721217405, 0, 0, 0, 2.7188327875781235, 21.821780898934534, 0.5429595872741579, 4.673705545114235, 
0, 0, 36.69997595030346, 0, 0, 3.400928463174962, 3.5467849669543883, 2.8544385934958387, 
0, 29.39584275667936, 37.82245397155967, 0, 0, 6.912870707738962, 0, 2.490863959639489, 
0, 0, 20.18139442255922, 6.963709669760924, 0, 8.746142251131616, 0, 4.337432318931525, 
16.04880786850094, 0, 45.260295965175494, 0, 0, 6.016595800686517, 0.6926522489411351, 3.2772138992076933, 
0, 0, 0, 7.992346537461071, 8.086483853676283, 8.625737332903244, 0, 3.896167469090895, 
0, 0, 35.54388137147335, 0, 0, 5.537362978430652, 4.511960577620404, 5.985293876250161, 
0, 0, 27.22284698907608, 0, 0, 5.807889453482339, 6.282355589260321, 9.857438370527566, 
41.19048798990031, 0, 0, 0, 0, 4.53163514763169, 0, 4.286516283748425, 
0, 0, 0, 0, 0, 5.492094510133768, 0, 6.856016900647878, 
0, 0, 47.2898871516292, 15.666670834125132, 0, 0, 1.7067986834282465, 3.7099758857290612, 
0, 0, 36.912418547244144, 0, 0, 11.847141916485501, 0, 3.157344752053183, 
0, 22.038685215934652, 36.71855209539953, 5.692295077183171, 0, 30.48079223485299, 0, 2.3259229246871302, 
0, 11.876547670805298, 36.574772213309984, 12.043406880045419, 0, 0, 2.779884036256089, 3.802669619893196, 
13.826607349251262, 0, 23.520695438991094, 15.594696808129465, 4.230277265163306, 0, 3.095835802246203, 1.9952171108709607, 
16.202617814257714, 13.891385399336192, 0, 0, 0, 7.372101016214056, 0, 1.3405814925983712, 
17.433067593398427, 0, 19.395303831142993, 4.35787645265317, 0, 11.5391117311991, 0, 2.889469496037856, 
18.333020167532773, 15.892320788929975, 0, 14.624390654117526, 0, 16.902727742138516, 0, 3.000825949751336, 
0, 0, 26.481044139512825, 0, 0, 5.430774807196506, 0, 2.3457954574634527, 
28.610333059044336, 0, 0, 0, 0, 5.776970497892677, 0.2993149020885517, 4.634382979535781, 
0, 0, 37.09743484401024, 0, 0, 5.88782063000118, 0, 5.507683919626217, 
27.338346458922246, 24.139506431912523, 0, 6.4516783091126255, 14.307279388421833, 0, 2.384711553000865, 4.227181559525405, 
18.726544726753097, 36.01468878828484, 0, 0, 0, 17.59493881702893, 0, 3.9864975347767047, 
0, 0, 21.220704117677304, 0, 0, 5.0838899620963405, 0, 2.5616903290677357, 
0, 0, 0, 4.85697746688194, 0, 13.966809885119472, 4.78253745837181, 3.200377901192822, 
0, 0, 0, 0, 6.92304821805843, 11.174197890225892, 0, 3.0267194098523262, 
0, 0, 69.39488911401999, 7.998423754719678, 15.33426963555795, 4.4972864083440145, 0, 3.6114430844704253, 
37.30595667614523, 27.494846642170476, 23.594809611008277, 5.456643677191278, 0, 5.658713652415445, 3.2937597160345815, 2.2745016920629646, 
0, 0, 30.18537865508881, 8.450031304584897, 0, 14.549576900062457, 3.324630986160555, 3.939784522623077, 
0, 0, 51.16756777853162, 0, 0, 7.040293716822126, 0, 2.9683552715449917, 
0, 0, 49.22636452984477, 5.496124909858967, 0, 12.530961897332238, 0, 2.879718902550542, 
0, 0, 26.42323465336071, 0, 0, 5.217772329505649, 2.680358684921652, 2.960631904916884, 
0, 0, 0, 7.084219253018738, 0, 27.46834592200539, 0, 0.9844399429824158, 
0, 0, 0, 0, 0, 0, 1.6435724399208338, 3.9198865027493888, 
0, 0, 39.07902454470671, 4.94292756173652, 0, 19.049487122373968, 0, 3.902295966976811, 
0, 29.782525639951324, 25.126860697036108, 7.190931939920835, 0, 5.903082840234815, 1.2214160033500026, 1.3871707722639695, 
0, 0, 21.38508743537824, 0, 0, 7.772468190513245, 1.3070604219222126, 2.085828722058315, 
0, 12.422773222321334, 22.186524305712954, 8.721348559509305, 0, 6.202932044923479, 3.161288632316529, 4.535709153895636, 
0, 0, 0, 0, 0, 5.981252835408336, 0.882983945163744, 4.759644202975885, 
11.43714080101448, 0, 15.729630797420958, 0, 0, 5.653527667379925, 0, 5.046690955050861, 
11.00186232550013, 0, 78.57125301592006, 0, 0, 4.9202756447566856, 4.591422777464924, 3.148361869247329, 
0, 0, 78.37808789534215, 0, 0, 0, 0, 3.682247033068194, 
0, 18.797855383302757, 31.97562217980584, 0, 0, 15.136913943983267, 3.408127817109847, 4.7310367743485315, 
37.17549896879034, 0, 23.909099775306075, 0, 5.00887426766689, 0, 0.5073955503604175, 1.451158659786512, 
0, 0, 26.280671324604057, 0, 0, 0, 0, 4.274057120448454, 
0, 0, 70.92226074023694, 6.089819526366572, 0, 0, 0, 2.341837153127692, 
0, 0, 0, 0, 5.451748798407145, 9.08572194315102, 3.0673313873646375, 3.117271823561539, 
0, 0, 50.56394239992769, 0, 11.14961306894492, 12.564198082081235, 3.002089976100862, 7.272168360824179, 
0, 0, 21.679518108716206, 0, 4.441849636515242, 7.82390546675881, 0, 3.2748038584798933, 
14.600528519422527, 16.462634824042027, 40.00493944419968, 0, 0, 5.49214756683485, 3.9132965066614087, 3.6612800643478316, 
34.17493908639283, 24.069785197842148, 0, 0, 0, 6.522947779892755, 0, 3.5588264505958236, 
0, 0, 0, 0, 0, 14.172061592252634, 0, 2.4806440227390443, 
0, 0, 78.48972770998952, 3.9300345731335824, 0, 0, 2.560458225616308, 3.377843487768957, 
0, 0, 0, 7.6555967445066155, 0, 11.52521260216399, 0, 3.641438136261715, 
0, 14.33821642295902, 38.095060026431355, 5.393204444864992, 0, 3.3837531620997847, 3.2024264498075112, 2.0299350440714288, 
15.831890884222764, 16.615119702109617, 0, 0, 0, 1.8485122108697052, 0, 2.9057498437574907, 
0, 0, 26.654895879259016, 0, 0, 10.57546387930725, 0, 3.9821499992891525, 
0, 0, 52.4284031027492, 13.581988263340705, 0, 0, 0, 5.639962398150774, 
0, 0, 38.525591489804796, 0, 0, 6.074296072323713, 0, 3.979122340296427, 
0, 0, 39.64104924518405, 3.477955847424317, 0, 3.3528521840143677, 2.3901828789432678, 1.5518924070521714, 
0, 14.03198787369522, 0, 3.8298945538145457, 2.7067525884490036, 7.297450068817155, 0, 1.8481135556571084, 
27.359650769517504, 0, 32.44300192624716, 0, 0, 8.305682381640885, 5.190927903882191, 7.563614004540303, 
0, 29.64118449993369, 0, 5.058585968258269, 0, 13.477657264404582, 0, 3.3765423954840017, 
0, 0, 23.14408815327378, 0, 0, 5.289759285756065, 0, 2.62860399789012, 
0, 0, 65.7412816940793, 0, 0, 3.086967916001784, 0, 2.774218690577186, 
0, 0, 0, 3.6024093334653298, 0, 10.054898926441819, 3.196330804291594, 0, 
30.080686528592437, 0, 24.441484168460228, 0, 0, 5.4294060761431915, 0.380062730139584, 5.290529962345053, 
0, 0, 48.95082728564742, 0, 0, 0, 0, 1.8173311094683304, 
11.494420824037263, 0, 0, 0, 0, 0, 0, 2.5482886680866224, 
0, 0, 54.4134171575468, 0, 0, 2.957781737516649, 0, 3.1805906557539543, 
0, 0, 20.337137018766647, 4.2230713508759585, 6.575132558399361, 6.085263895905466, 4.551054391428159, 3.7773022673144054, 
0, 19.098059307372235, 22.814536943810012, 0, 0, 8.274202073517976, 0, 4.8928203681325755, 
0, 0, 23.620871674101114, 0, 6.19170896117337, 15.814834493229059, 0, 2.381270306180751, 
0, 0, 32.95213788839648, 0, 0, 4.588022531224018, 0, 5.92146168028542, 
0, 19.84349876622198, 0, 0, 5.856050409686794, 17.15182644149605, 0, 2.770719263206716, 
17.869054438191736, 13.567603521826442, 0, 5.052389482690603, 0, 2.8806717264384494, 7.791815906753641, 5.010641649537778, 
33.29148128264603, 14.698375154269593, 41.09382830046558, 0, 0, 3.5517981287383775, 0.17595905583994664, 2.8543696229349123, 
0, 0, 21.301119299511342, 0, 6.3115510010494305, 19.37632062004163, 2.093385858067375, 3.6583257910336155, 
0, 19.417336913305903, 16.911057749951567, 0, 0, 0, 0, 1.7338535162574156, 
0, 20.531370820673327, 55.10289296426673, 0, 0, 0, 3.768022391928575, 1.6991918769015704, 
30.210400855130967, 0, 36.7725165202333, 5.961272786846274, 0, 9.567721113890565, 0, 3.2453282609896577, 
0, 0, 0, 0, 0, 0, 3.5505701378642556, 5.079160905759792, 
0, 0, 41.57404253186054, 7.891954583673633, 8.296454984705493, 0, 3.660870103779055, 4.8953581026643604, 
0, 0, 30.1536896867442, 0, 0, 8.478197037110686, 2.9611607264395374, 5.347972676100922, 
0, 0, 48.823916237728405, 9.529596592117645, 0, 4.330852544098687, 2.600800148844461, 4.454031546298114, 
0, 0, 43.91759282416484, 4.318487174844305, 0, 1.8136481318537614, 0, 0, 
0, 0, 36.2047771952041, 0, 2.095560839712215, 0, 0.8064482975168223, 0.9588786654058615, 
0, 0, 26.608772539443773, 6.4005396243295865, 0, 0, 0, 8.274820454813845, 
0, 0, 0, 1.100972310908027, 7.819715059420543, 5.433591764935773, 0, 0, 
0, 0, 43.11492026076952, 4.705388366413876, 0, 0, 5.396579963659799, 8.77301628242369, 
0, 0, 0, 0, 4.125494031280619, 0, 0.08445964121361627, 3.7387426597220643, 
13.971434485103718, 12.604827698676512, 0, 0, 2.6641291617497025, 8.127390144365073, 3.6914570519591274, 0.7579942139645723, 
0, 0, 39.59725229038342, 3.029447938687704, 0, 5.989558109220553, 2.9091848372228704, 4.922678250144342, 
0, 0, 29.18547346205431, 0, 0, 9.491516587088793, 0, 3.7236814091810957, 
0, 0, 22.241068881742937, 0, 0, 10.806257093136159, 0, 4.0458147783441545, 
0, 0, 0, 0, 0, 12.135748967678401, 5.016433674745455, 2.872095813866217, 
0, 0, 60.813008458390016, 0, 0, 0, 0, 4.949047913830546, 
26.157852649109238, 0, 19.26015634221459, 3.7562434715948125, 6.471883969353891, 0, 3.8641394032627203, 3.63952268391831, 
0, 0, 36.467638910990544, 6.658046298942567, 0, 6.2126619593066845, 4.896572234099495, 3.3061419040346247, 
0, 0, 15.735036535796054, 8.69627088217143, 0, 0, 0, 5.184592459211258, 
15.491839662137648, 0, 52.45825586240644, 6.711791425386283, 0, 9.367505494733576, 0, 3.981321221283015, 
0, 0, 28.788467243626574, 4.6603225869396105, 0, 10.257428830173836, 0, 3.295891333392823, 
13.355087786560414, 32.53314002060727, 0, 5.33954881384048, 0, 9.600133977481585, 6.31706682526732, 4.700705578714603, 
0, 0, 0, 5.549580400237735, 0, 6.295620610425556, 0, 4.294018239772016, 
0, 13.384632324999965, 59.6157823257724, 0, 0, 2.550859991910288, 0, 1.1381852999616218, 
0, 0, 0, 0, 0, 8.66788986448854, 0, 5.055772091795071, 
0, 0, 25.194752050431, 0, 6.912532363481283, 0, 0, 3.0196696855818175, 
0, 0, 27.638830024607742, 0, 9.208443974950892, 18.95394499126737, 0, 3.780522989445594, 
0, 0, 0, 4.307547951279785, 0, 8.931173745629428, 3.131770404277121, 4.95301271667046, 
0, 0, 27.842181528195884, 4.842129909573319, 0, 0, 3.208435989584949, 6.819299161718128, 
0, 0, 18.628661016530597, 0, 0, 3.707624359921777, 0, 2.802327134673673, 
0, 0, 37.67535645423824, 8.972353739575636, 0, 6.132509397349586, 0, 1.979644018954983, 
0, 0, 40.17817732018984, 0, 0, 8.722588231844597, 8.353126115365875, 5.361048409079034, 
0, 0, 0, 0, 0, 5.484358713481673, 1.9157538404995627, 3.291832821144545, 
27.345182995141297, 0, 0, 3.685912446506502, 0, 7.759177751174544, 0, 2.9144699050475706, 
0, 0, 0, 0, 0, 0, 0.7397856918347004, 1.2084474065912154, 
0, 0, 32.26893371519363, 0, 6.3529237974476125, 0, 0, 4.120005723782859, 
46.51277329881916, 0, 0, 0, 0, 4.255599034412168, 3.2770178304742448, 5.710974422573484, 
0, 0, 46.09806096491399, 0, 0, 6.707748737039647, 0, 7.672756335757801, 
0, 14.830897366615478, 19.566468640135625, 5.868838746383485, 0, 7.487221537494149, 3.940388900522083, 5.570919559930335, 
15.768736940913552, 0, 39.49409468176761, 5.0269193198097195, 0, 11.080202815064254, 3.41665613573609, 0, 
13.685765817332458, 0, 21.942771109766618, 4.7890988381467405, 4.878952931946161, 0, 0, 5.2936792115290485, 
20.64872053670271, 0, 0, 8.8022965389588, 0, 5.497317216495569, 0, 4.348564169699927, 
0, 13.058342410832413, 0, 0, 0, 7.46584016042767, 3.408904899985009, 3.865919837734331, 
0, 0, 28.104392931175653, 7.032243514530078, 4.972978211356347, 0, 2.9004248920614497, 3.1557562994448096, 
0, 0, 17.055175576843084, 4.378512115285929, 3.8872823065975535, 0, 0, 1.6375873827541947, 
0, 13.514534608821508, 0, 0, 0, 1.3690606304579127, 0, 4.831006456661923, 
0, 0, 52.04184294325587, 0, 0, 6.877920386576551, 0, 3.9359273179317573, 
0, 24.872591696090616, 37.366224423944296, 4.615675285109399, 0, 4.860182372742047, 0, 2.605707909312069, 
0, 12.142984748080329, 30.486890426225752, 0, 7.079978511729093, 3.498515856996732, 0, 2.0477282870907967, 
20.451409074648097, 0, 31.94322281807482, 0, 0, 6.887099089319728, 0, 2.7364041010110376, 
17.239983456501164, 0, 0, 0, 2.5100815355884762, 9.961232502209148, 0, 4.124060719021139, 
0, 0, 44.97881724296038, 0, 0, 4.357477766954785, 0, 1.7530578920684465, 
0, 0, 32.08102312686674, 4.581858271277876, 0, 0, 2.7390758673001088, 3.926036253442889, 
0, 0, 0, 20.244890790249265, 0, 6.770265289148993, 0, 3.5072544175015024, 
0, 0, 40.649266581518795, 4.529928818399112, 0, 8.649596780799031, 0, 2.1535990160241414, 
0, 0, 0, 0, 2.96310339263726, 0, 0, 3.5448418073573915, 
15.72291163631223, 0, 0, 0, 0, 3.9431390336696275, 0, 4.300808387084766, 
0, 17.256392991305535, 0, 0, 0, 8.743462646009316, 0, 4.07790900874385, 
0, 0, 61.40398756959511, 1.6433184392025408, 0, 4.549244182634297, 2.0752506845901184, 2.8843935860362357, 
0, 0, 31.164515883304894, 0, 6.0936564480881135, 5.11993809807885, 0, 8.03405902243911, 
0, 0, 0, 0, 0, 6.685940527389527, 0, 3.8175139625608385, 
0, 0, 23.470146133898368, 0, 0, 5.073989323823292, 1.5368827282490631, 3.888680773506931, 
0, 0, 49.32316195824369, 0, 0, 6.10000036856439, 3.246067540322535, 5.625877257399509, 
0, 0, 40.44806177949623, 3.8874451203297156, 0, 4.148410871005779, 0.25423330710829156, 3.6348906067823004, 
23.79031692264848, 0, 45.69557151017708, 4.146770690410044, 0, 0, 0, 2.266500129560942, 
0, 0, 17.46556370957101, 4.3139387895389465, 0, 8.160868197807844, 3.3092051093249935, 2.035811513624271, 
0, 0, 26.63850830854252, 0, 0, 8.12064080733025, 0, 5.594926691215674, 
0, 0, 86.11884794038738, 0, 0, 0, 0, 2.833574543837807, 
0, 0, 0, 0, 10.4857900797941, 0, 0, 10.068130070873693, 
27.93381407092638, 0, 25.675316261345966, 0, 0, 9.332377614306353, 3.465552239479889, 4.97654645648123, 
11.237315785147697, 0, 52.42159993546258, 0, 0, 6.026569705461373, 0, 4.316665169209219, 
0, 0, 39.74284864322166, 10.023638568718907, 7.412200760217523, 13.75963927921721, 4.464279721585639, 2.89125020704998, 
0, 0, 36.63888991511161, 8.652357298631536, 0, 0, 3.713932487469892, 17.053687631800017, 
24.76391074244774, 0, 0, 3.745814940275041, 0, 0, 3.130683652277888, 5.4018096772516975, 
0, 0, 36.866877645072094, 5.896137169414036, 0, 9.561530383580303, 3.553047873652048, 12.887274057944424, 
26.836126374851904, 0, 33.937918074389636, 0, 0, 9.340093768343726, 1.5924159984791553, 2.8633569054979837, 
0, 0, 0, 0, 0, 2.0626055484802226, 0, 4.447480384582531, 
0, 0, 35.206837125548255, 3.821339943943583, 0, 10.40143558584205, 4.24087197609612, 6.084142819327104, 
0, 0, 0, 6.5820174872458175, 0, 0, 0, 5.7211808731462135, 
0, 0, 16.96966265050262, 0, 0, 0, 4.321596973085873, 4.5603016270271155, 
0, 0, 15.741488125603874, 5.647576426143887, 0, 21.39814682654695, 3.6740588079417087, 4.358630074452842, 
0, 0, 16.141989378986818, 6.060967298768836, 0, 0, 2.5928835408381614, 3.4457850080556307, 
41.606605564587355, 0, 32.09125212881412, 0, 4.093633498834995, 6.584351380553333, 0, 8.285409789383516, 
0, 22.75255194086655, 77.19349990849382, 6.516425228000261, 0, 16.876670466308607, 0, 3.976193887928245, 
52.553673238040844, 0, 18.34710958203664, 2.454193505870009, 0, 0, 0, 2.957852543021184, 
0, 0, 0, 9.142067988888172, 0, 9.757137570193576, 0, 3.7361533490615524, 
0, 0, 0, 0, 2.422846309097824, 4.613580710170682, 0, 1.6391244413832522, 
0, 0, 60.41657203821042, 17.9506909865019, 7.249932816301524, 19.263954850724062, 3.8419243448393803, 3.370204810325109, 
0, 0, 32.546558971478824, 0, 0, 6.020499949164163, 0, 3.6342983291684856, 
0, 0, 49.3281823012817, 0, 0, 8.205164017425147, 0, 3.087119340077175, 
0, 40.371925128361795, 0, 0, 0, 0, 1.6377320345025126, 2.614617143066507, 
19.56780987234283, 0, 37.435523928420494, 0, 0, 9.548787379874021, 5.144920374275406, 4.941322681677541, 
0, 0, 17.053677130072415, 0, 4.668656526327544, 4.674669728510237, 1.573449292912262, 5.775474789453062, 
0, 0, 29.693631565525045, 8.202777967255141, 6.659397615553716, 0, 0, 2.53208546543942, 
0, 10.971175615567397, 30.026877607685083, 0, 0, 2.3726334452124522, 0, 5.470918818152021, 
0, 0, 27.515913187388154, 3.3018347509545567, 0, 5.423643873151512, 4.592367226924152, 2.975785153139663, 
13.556884285422722, 0, 49.92651067532978, 0, 3.8235206702376843, 8.75207861441012, 1.4267739346870858, 3.1044918877503123, 
0, 0, 0, 7.243022177829865, 0, 16.435642900705727, 4.418850877359443, 3.1903295243481558, 
29.7965590300668, 0, 0, 5.069542240997608, 0, 18.49565855896186, 5.07938394999095, 3.0618618707871614, 
0, 23.475896494054144, 0, 0, 8.175346122760825, 7.732376203986724, 0, 0.4182517632556202, 
0, 20.826488988755578, 33.96123584422007, 0, 0, 0, 0, 2.8725078969715803, 
0, 0, 23.89416086458873, 5.268762225059165, 0, 7.996289630033362, 3.712081577861362, 6.443453382074659, 
0, 0, 0, 0, 0, 0, 2.832715743420819, 5.340762397902207, 
0, 0, 17.808543388794156, 9.125312357650106, 4.068992845458554, 0, 0, 3.4538506772811495, 
0, 0, 30.887810812420184, 0, 0, 8.654685513923392, 3.043284949216959, 4.2799361139522665, 
0, 0, 0, 0, 0, 7.51303513999413, 0, 2.4999834058368413, 
0, 0, 51.09915021002392, 0, 0, 6.612289702628982, 0, 3.3852558157389923, 
0, 0, 36.801842487166155, 4.195385338322787, 0, 17.89533886548439, 0, 1.9088762608250023, 
0, 15.120892376683226, 0, 5.218169670509742, 0, 55.49251690929137, 5.799042015181325, 7.138709918535331, 
13.684971779076719, 38.64646540842036, 50.16002988271046, 0, 0, 8.593923937522339, 0, 2.6688135298586566, 
0, 15.657856486000442, 29.92723096403711, 0, 0, 4.594160459237962, 4.2750644376725315, 6.077010480201833, 
0, 0, 27.79695658871941, 0, 0, 0, 3.444237758944668, 15.743556597414768, 
0, 0, 32.81419973815529, 0, 0, 5.014432707288349, 4.203145394405208, 4.419330956254848, 
19.148242365036886, 0, 63.836898715608804, 3.301797721429952, 0, 23.500122804239577, 0, 3.6309252108644854, 
0, 15.716861824484731, 0, 0, 0, 0, 2.156641329664211, 4.189486798394212, 
0, 0, 19.134990414792167, 6.1535927643672235, 0, 6.470655947553974, 0, 5.182808755536013, 
0, 0, 30.703137555602822, 4.977795070035755, 0, 0, 0, 3.3350457745995317, 
26.29763760331764, 0, 0, 0, 0, 6.570171558146751, 0, 3.878620715135993, 
0, 0, 37.92682311308485, 0, 5.227207792716603, 21.582015089192918, 1.7264058845811778, 2.1497742081694358, 
0, 0, 0, 0, 0, 3.8899786334305393, 1.7538488233428233, 2.4542238962364484, 
16.55498976189098, 0, 0, 6.100060605766943, 4.471336391789757, 22.5586214500974, 0, 2.671403123519276, 
0, 0, 33.518445295910404, 0, 5.372468597249956, 13.07697589670891, 0.4669528263006537, 2.5310895376132176, 
0, 0, 29.349100615043504, 0, 0, 0, 0, 0, 
25.437436349657517, 0, 29.083330063617474, 0, 0, 4.060609397824104, 0, 9.652867524914294, 
20.41569895246535, 0, 43.87439585820422, 0, 0, 0, 3.230606110475456, 3.5380538045919834, 
0, 0, 0, 0, 0, 8.864135898192021, 0, 2.4704962173487837, 
16.017334248174098, 0, 48.33464154197443, 4.879006410520082, 3.1315108117783073, 3.1977482700997566, 0, 12.42671163271165, 
0, 19.650111499646975, 17.302445723012422, 0, 0, 7.335981122662014, 0, 0, 
0, 0, 31.04900052917104, 14.414563297075837, 0, 7.189066368977343, 0, 3.7824625402116796, 
0, 0, 64.9890316657449, 0, 0, 0, 0, 3.5774930096201465, 
15.539859344389484, 0, 0, 4.434984582882212, 0, 0, 2.019878811442979, 2.5203582297134313, 
0, 27.57288914537382, 30.353426772317622, 0, 3.958304118140923, 9.390414910394933, 0, 3.9440637853362612, 
0, 0, 27.847442879662353, 0, 0, 0, 0, 4.821631441937663, 
0, 23.69722531184821, 20.354448085787173, 9.512388747236432, 0, 3.87038195558144, 1.6316764795830174, 3.5868576974748585, 
0, 23.721247812544245, 27.127540780652737, 5.1182308141341855, 0, 10.404572293227364, 3.9831061626068527, 3.492317268796448, 
28.078428017941587, 19.771351740394948, 47.10234536376559, 0, 0, 13.425951041576123, 0, 2.7850811983333394, 
0, 0, 20.78040304528115, 9.241737251906178, 7.1183891378488635, 0, 2.40216119578454, 1.830630655469525, 
16.128127370383055, 0, 15.702329039745758, 4.926933620109079, 0, 9.044967122027945, 4.253573273485461, 3.5506525593566587, 
0, 0, 0, 2.5999904740934543, 0, 3.938047878488476, 2.660901755031631, 4.194417626125718, 
0, 0, 0, 2.719256313154058, 0, 8.209166725639827, 0, 2.1303046266039902, 
0, 0, 0, 4.805568318267903, 0, 8.49369222816154, 0.0887092423475826, 2.458322070687214, 
0, 0, 31.314572269564806, 3.035234641098803, 0, 4.5767256192874175, 0, 2.808385973810558, 
30.326403758088492, 0, 51.43939883757764, 5.721763827389569, 0, 5.2448797014956625, 5.785703958766586, 4.385772756872054, 
0, 0, 50.85132237891111, 0, 0, 0, 2.7588145899936567, 4.212868005702225, 
24.70966306097393, 0, 65.68107009333846, 0, 3.7710176620093225, 0, 1.8092702711301065, 5.048313208425446, 
0, 0, 56.51433632811636, 11.033552640998497, 0, 14.197560716584318, 2.322892413413467, 5.083468128686773, 
39.10402377583261, 0, 0, 4.504828748556054, 0, 4.751911729244762, 4.480577659487452, 2.452373652036096, 
0, 0, 25.702184905426627, 0, 4.750433559142401, 5.797380706640896, 0, 3.8098210839881888, 
0, 0, 0, 0, 0, 6.728408965917478, 2.631713497443135, 4.885663561349163, 
15.551596705987166, 0, 24.09085685527544, 0, 0, 0, 0, 3.801293294580184, 
0, 0, 13.05220872261687, 12.655199355258278, 0, 32.226463832339924, 1.1749465335649443, 4.6259394722296765, 
0, 0, 51.039778838667914, 0, 4.5358644693478976, 0, 3.150161423645369, 4.600393412128714, 
0, 0, 0, 0, 0, 4.868601825444866, 0, 5.198857401354217, 
0, 0, 0, 0, 0, 15.721187970241816, 3.0805022954376335, 8.375239586598102, 
0, 21.182545086205195, 22.564634279634628, 0, 0, 6.643736284327033, 0, 8.882530657258748, 
0, 13.596336248025084, 21.854032022729278, 8.119473685139335, 0, 10.809578476781851, 1.76863544628944, 13.53674518836252, 
0, 12.222431704532879, 0, 3.976373187828834, 0, 0, 2.063765764513289, 3.202827804480546, 
0, 15.923380121826028, 0, 0, 0, 0, 0, 5.550938439458441, 
0, 0, 34.68798725502461, 6.841442216658374, 0, 12.581112644515724, 0, 4.681648131780303, 
15.958716659916849, 0, 25.5563007704125, 0, 4.42256034212774, 20.146136505556807, 0, 3.740855098737196, 
0, 0, 56.7032714023304, 0, 4.512606690140474, 0, 3.097014891780576, 4.911593963063778, 
0, 0, 14.982306081182866, 0, 0, 6.454944946366503, 0, 4.4581998031592445, 
0, 26.022113322191323, 19.85363293940332, 9.415491758236705, 20.284762343007145, 17.366451586081602, 3.259069359795996, 3.0429442953619477, 
0, 0, 0, 8.698710191249837, 0, 8.054131737284912, 0, 2.247849042430445, 
0, 0, 16.877815304441455, 0, 0, 0, 0, 3.0987826006246673, 
26.652177296649988, 0, 34.97669868260026, 0, 0, 5.946980568998856, 0, 8.15812804321371, 
23.950867608094143, 16.944063431201705, 0, 0, 0, 0, 0, 8.497542852918588, 
19.244864686801595, 0, 35.45928605749967, 0, 4.856439054100685, 9.00306179225919, 0.24079357030388948, 3.8820617395117445, 
0, 0, 37.660185756192774, 4.060779359546153, 0, 0, 0, 3.834486059304327, 
0, 28.149195557314517, 32.86200895910867, 0, 0, 9.516488124343793, 2.6361534733489442, 3.8477999765620106, 
0, 0, 25.534758244146087, 5.359359437802724, 0, 11.797693793175315, 3.4214273749558917, 0, 
0, 0, 0, 9.235057391717705, 12.958803930838787, 22.043375086287654, 0, 4.023406757118792, 
0, 0, 51.74726400014917, 5.832094039383932, 9.923529565338283, 19.126133051608093, 0, 6.078543690422448, 
14.142023108818872, 0, 20.577811669946307, 0, 0, 12.334360361783432, 0, 1.7212781471583494, 
15.369032533747598, 21.456669826542992, 35.12708880108399, 5.763516945483241, 0, 3.8439575842886917, 0, 2.1807209279066644, 
0, 14.70682762339504, 26.475632466252375, 0, 5.037330032349898, 6.6155695110947885, 0, 4.549275214925204, 
0, 0, 53.4871371292069, 0, 0, 6.948145863882551, 0, 2.36535344375552, 
0, 0, 0, 0, 0, 7.895641928633439, 0, 3.115598024544627, 
0, 0, 32.11808461282752, 0, 0, 0.022377970692759597, 0, 5.522338502931396, 
16.407444731554722, 0, 37.95265224628169, 0, 2.6896153380773846, 0, 1.611846193315439, 5.4110613662072184, 
0, 0, 35.784149310071754, 0, 0, 7.921799574642318, 2.2708556029479796, 4.459542766547927, 
0, 0, 39.104992565585604, 4.529244074467565, 0, 7.147388301015898, 0, 4.164664139709062, 
11.649892511270892, 0, 15.449527779293856, 4.372023235075041, 0, 8.04658138564622, 0, 1.9120347933706001, 
18.152624092677087, 0, 45.59026055387575, 4.314566185053794, 0, 0, 0, 3.5246249555344327, 
0, 15.486040584628276, 27.01975511207709, 0, 0, 6.873451176993867, 0, 2.786111881460996, 
0, 0, 45.33402979505205, 2.3500351215909174, 0, 2.8944070276513325, 3.2500741064860073, 3.442353934476227, 
32.96453314531931, 0, 29.98138287355104, 19.05341603270117, 9.931897547431483, 3.191256260008676, 4.222466986846975, 6.478285729079196, 
29.472931633704274, 0, 18.312738814812594, 5.805029551677748, 0, 13.401278183776949, 5.1161040223526815, 2.7867502247404916, 
20.8761739531999, 0, 71.49754098401912, 0, 0, 8.710930789739422, 2.031127550740523, 3.943146282509, 
0, 0, 0, 0, 0, 7.372825383342534, 5.037132476971784, 4.401398465667844, 
15.166945782845652, 0, 21.258369279535714, 3.982366866776169, 0, 22.001981716908038, 6.299413893676277, 2.883588194942894, 
13.074070355300103, 0, 25.435183975110316, 3.7552633326854465, 4.377210482997077, 0, 4.235307561289808, 2.3406853975732522, 
13.022415444561583, 0, 28.644235080983805, 0, 0, 4.87341233340448, 0, 3.5700678464047058, 
0, 0, 0, 2.8016345479344835, 0, 6.345676714267285, 0, 0, 
0, 0, 29.350251026252145, 0, 0, 0, 3.6930881247124034, 8.08647078121718, 
0, 0, 20.43099765884879, 5.53549785264001, 4.0004392481911, 14.853439551198376, 0, 4.443692112456569, 
0, 0, 22.055115064686994, 0, 0, 4.9576272853401075, 0, 1.7338978541907366, 
0, 0, 42.387015018600266, 0, 0, 3.2079632400423854, 1.6323754983284842, 4.035532819220631, 
31.935134651693808, 0, 44.206858905985314, 0, 0, 8.884621662585253, 0.004270734019145905, 5.985619273008171, 
0, 0, 39.74991703953053, 0, 0, 0, 0, 8.381202669198064, 
25.910178552169597, 0, 15.817472058836028, 0, 0, 5.512422012236533, 0, 2.615665751860453, 
0, 23.12380131342334, 54.71956447292044, 11.587609070040873, 0, 4.920547894702118, 0, 3.02000850120627, 
0, 20.828014802888998, 0, 6.5783749185300024, 0, 7.896532741213648, 0, 4.99008070487121, 
0, 0, 32.252954037479626, 6.399653023160809, 0, 7.344702537599062, 0, 2.4238606828889626, 
0, 0, 0, 0, 0, 3.099156907535213, 4.791101176287733, 5.55082998175649, 
0, 22.534113998446216, 31.340557135085028, 7.38382021279157, 10.134191276496006, 0, 3.82056779772687, 2.5544688421976844, 
0, 0, 22.034844400832394, 0, 3.4521741364369873, 5.838727610888845, 0, 3.87200998553049, 
17.156927262335522, 0, 49.619471321624516, 12.54756708506715, 0, 0, 3.771720325736549, 0, 
14.174730710825314, 14.725810245341917, 44.47311077143788, 4.62538466837192, 0, 8.087798507109362, 0, 1.5791067359063042, 
0, 0, 21.316463778473207, 4.007026657806721, 5.63321916379967, 0, 0, 5.902748070752658, 
23.79499072594812, 0, 0, 0, 0, 9.055819940293054, 2.1834743484933696, 3.121080167408989, 
0, 0, 55.604935580509455, 0, 5.639671054077439, 6.873396128114582, 0, 4.605570746915501, 
0, 0, 0, 0, 0, 10.219500493557982, 1.7470553653480216, 1.2116695673834172, 
0, 0, 33.05904953305815, 6.397261585074161, 0, 34.553547731437234, 0, 2.3216246834355894, 
11.778644772792997, 0, 28.49502898730077, 0, 0, 4.530334095588522, 7.260252360372791, 2.579359466558793, 
0, 0, 23.72649108619453, 0, 0, 4.351987929751504, 0, 5.108138587690312, 
0, 0, 29.47236036988163, 4.717540630947478, 0, 4.374908513048251, 0, 3.2695247706446544, 
11.69068448793135, 0, 40.24515842995613, 0, 0, 5.642423090493646, 0, 1.5700030516736885, 
0, 0, 0, 0, 11.909856229464685, 12.578219775648057, 0, 4.49361876176441, 
0, 0, 37.79339085658144, 3.3092413724940104, 0, 5.738844957214746, 4.78805087254891, 6.903171863821379, 
25.907973719666025, 18.352349206371986, 0, 0, 0, 14.037574189267703, 0, 4.769166330417981, 
0, 0, 74.34435705155876, 4.665649792295793, 0, 8.887184368220439, 0, 4.38723462397381, 
0, 17.56917856900074, 0, 4.760506875276098, 0, 3.9378325318960137, 0, 2.3653272125204268, 
0, 0, 50.9758256006557, 6.528244920083262, 0, 17.241356583079266, 2.3459376369319855, 3.7385970608751187, 
0, 0, 0, 0, 0, 10.444841440425098, 0, 4.006773211410379, 
14.929179192250674, 0, 32.413312446885996, 0, 0, 0, 2.615606963489676, 4.496168248842203, 
0, 0, 51.61135456319389, 3.9113066079135965, 0, 6.279244662237087, 0, 1.5231851752486534, 
0, 0, 27.718113114349862, 0, 11.924639020372007, 13.186068979604908, 0, 3.105319672711074, 
0, 21.04838234234617, 0, 0, 0, 7.514529070595457, 0, 2.1283983743850485, 
0, 0, 32.98768538058388, 0, 6.800614937852919, 4.992546226100329, 2.66644972415665, 5.054490684899416, 
0, 0, 63.9611394097245, 0, 0, 3.4308391838992427, 0, 2.684986644827115, 
12.761391790065176, 12.252146095641564, 21.410454899565487, 0, 4.544281179813627, 6.703936140915661, 2.9083870647525383, 3.890639741647076, 
38.89071513017485, 0, 22.916156760707395, 5.122887076719861, 0, 4.615259622101814, 4.027886832682716, 5.813805390163487, 
0, 0, 28.153385133776077, 9.177491617040195, 0, 8.101843085167895, 4.423149654228007, 5.105817949411689, 
0, 0, 26.217121860546772, 0, 0, 3.2359686240831205, 0, 3.025148316643781, 
0, 0, 27.43591804348013, 8.637352361000227, 7.245003413376278, 12.163117306006523, 3.527925029125594, 3.678731902224182, 
0, 0, 26.82346698379944, 0, 1.9222799392803949, 4.402090804207415, 0, 0.5738799290493226, 
0, 0, 27.63657088313414, 0, 0, 4.0057926785864915, 0, 3.305772746869573, 
0, 36.06647550021926, 38.40719683694286, 6.268905864406043, 0, 4.049434086785449, 0, 5.451791536643295, 
22.124454726525926, 0, 58.197922730595316, 0, 0, 8.272454781848237, 0, 3.8531159561527897, 
0, 0, 32.6912765473555, 4.024320365906874, 11.610685278988736, 14.695157617323712, 2.146218820240975, 7.487055225269843, 
0, 0, 38.6424527503724, 0, 5.19926365665658, 9.664660437069932, 0, 7.671980951606117, 
0, 0, 33.09741293382486, 6.659992635488702, 0, 9.789674596135436, 3.1938437621357907, 5.714021002697511, 
16.153995768508757, 0, 34.81553297973674, 7.606684604415621, 5.934585886749733, 14.052109359377262, 0, 3.896663748822493, 
0, 0, 54.83169204753, 0, 0, 10.568256946440073, 0, 0.9848975171507526, 
0, 0, 30.418333889416672, 3.1442588356289516, 0, 7.4542763227996325, 2.5871288535625965, 9.497981357720734, 
0, 0, 27.48986089692195, 0, 7.264240213925795, 0, 5.1963181000628325, 5.106876277306733, 
15.550351842436072, 13.458861139272942, 0, 0, 0, 4.0716821513249695, 0, 3.0141360626975198, 
0, 0, 0, 2.6379615113168757, 0, 0, 0, 4.9950182554464595, 
0, 0, 45.26487648999765, 0, 0, 8.378453164688704, 0, 4.002637578072391, 
0, 20.03096525268857, 33.880547621929885, 0, 0, 3.817852948378766, 0, 2.9342998737582597, 
20.928224897018232, 13.337779716573323, 0, 0, 0, 3.5196517736832202, 0, 4.716426834099766, 
24.182375804765957, 0, 31.868688923387573, 0, 0, 5.292998249978891, 0, 7.756152046439678, 
0, 0, 0, 6.539291644127883, 18.454940919999125, 0, 3.9637751403793473, 7.695335425053576, 
0, 0, 31.981993812439338, 0, 0, 11.18921957456672, 0.8696868102838788, 1.1827047583503996, 
17.600521803925588, 25.099206321260432, 0, 0, 4.057778190112272, 6.91536875664302, 0, 3.0179189814157166, 
0, 0, 42.08918450224573, 5.26977988689498, 7.006275699747221, 0, 0, 2.56986575468327, 
0, 21.047134670878904, 60.54143864843697, 0, 0, 5.112854327910022, 1.8454349784461686, 7.802917095275471, 
0, 0, 19.320974528753542, 6.633251213152836, 0, 9.898855462205999, 3.5857337246850918, 7.143075642909873, 
0, 0, 25.762294817027918, 0, 0, 3.2183972026708387, 0, 3.9873121034579695, 
19.930246888924028, 0, 20.49682912401279, 5.4102097089988455, 0, 10.549075901198423, 0, 3.9889450090892837, 
0, 0, 60.33765006333853, 4.088524809200212, 0, 11.159237455446306, 0, 3.792552097023415, 
19.507316357103466, 0, 34.46855770874039, 0, 10.290532112886495, 12.019289667939534, 2.830026065667184, 4.264739131805084, 
0, 0, 32.909503755203446, 0, 0, 4.210636859230322, 4.624144436525785, 8.15229261494496, 
26.139504747164455, 27.76371554650016, 14.865549093347903, 0, 0, 5.265977376924167, 0, 3.912528515682735, 
0, 0, 31.55018242370372, 0, 0, 2.737135626214913, 0, 2.7274082984767722, 
0, 0, 0, 9.309814982497201, 0, 0, 0, 4.578246133030189, 
0, 13.202628730873904, 35.65734730328443, 5.192291113694159, 0, 4.5821870473899295, 2.7463344660909588, 3.32436469444729, 
19.800034513077208, 0, 41.958082062115004, 4.973713980849173, 0, 0, 0, 1.5858376469979816, 
0, 0, 27.281687377599315, 6.09286979568153, 0, 16.708461732557584, 0, 4.858936093769068, 
9.495433281864777, 0, 0, 0, 0, 11.130780859375733, 0, 4.660714147825436, 
0, 0, 0, 5.000733680086261, 0, 0, 3.597905073848782, 3.3336146439883803, 
0, 0, 21.743262747292544, 12.767124122463706, 3.087899581050997, 0, 4.628302243881599, 0, 
0, 0, 91.02364191828153, 1.3185804466190898, 5.3068317599112245, 6.271365445793648, 0, 3.5630265399847794, 
0, 23.917034197342613, 0, 3.7042330802942693, 0, 11.179649010915567, 4.568054145210269, 4.799263871525581, 
0, 0, 75.45393308997843, 0, 4.905260436951344, 6.493665352889696, 0, 3.635622222208338, 
18.13316595881971, 29.007814247541006, 0, 0, 0, 11.361814575470888, 4.149720280226198, 3.9299418547362333, 
22.57352183604651, 11.346974125504728, 23.87118050284164, 0, 0, 5.982347032927935, 2.6190327706316374, 2.7419963386140993, 
0, 0, 49.5747633947576, 0, 4.802585811171392, 3.634995653324262, 0, 2.7441638434029936, 
0, 0, 0, 4.932860201335561, 0, 4.126117761452523, 0, 4.5170345158355305, 
36.796265450782315, 12.657665737672353, 22.72399801824827, 2.9968235864925017, 0, 4.160110356741262, 0, 3.2129296731428667, 
0, 0, 0, 0, 0, 5.777804927207054, 4.252190596233241, 2.5764276225387057, 
0, 0, 24.126884445711735, 6.976872184182357, 3.9801036892000923, 7.207994972352264, 0, 3.7999588211257134, 
0, 0, 48.80888568077793, 0, 0, 10.597165739175784, 0, 2.490848209346103, 
14.146746795130518, 0, 42.76015809558913, 4.975061310059703, 0, 2.5603237759220008, 0, 5.104398766411697, 
0, 14.253845439312151, 21.452158588819362, 4.534528185801339, 0, 5.062084399180128, 3.059971379047544, 6.720801269706027, 
0, 29.920129127028098, 21.76182294225229, 0, 0, 0, 0, 4.422548881412235, 
0, 22.03288438982684, 77.83069367425931, 0, 0, 6.934616128261936, 0, 1.0712749445620777, 
0, 0, 41.35889400519298, 0, 0, 4.449384496344786, 3.2303071745698486, 1.38793111405107, 
0, 0, 48.69602797541067, 0, 2.2078418697910815, 5.902158165222777, 0, 4.97769994565369, 
0, 0, 51.72639601119387, 0, 4.634692331548866, 0, 2.733259458091257, 3.5750548458673213, 
0, 0, 14.100071933843356, 0, 0, 8.825508150800944, 0, 2.9038392495062126, 
53.6898722201099, 0, 77.17236201881316, 13.110232436570804, 0, 17.5120906587822, 2.1011522573287067, 3.2031402125917112, 
0, 28.878879503303818, 26.418625928664092, 8.242104698489236, 0, 14.078564886439729, 3.99911860854261, 3.0543980940993425, 
0, 0, 17.147648412232265, 8.279532763878453, 0, 7.98659467114201, 2.4567089311785377, 3.4412401174272733, 
0, 0, 46.09787802533481, 0, 0, 4.461727747668608, 4.338108777023097, 2.215112160938831, 
28.5273922139598, 0, 33.87671820409896, 0, 0, 5.85647900756885, 4.343053937179467, 8.956013343218483, 
39.51731922281222, 0, 57.72071414391803, 0, 0, 7.122128641505052, 0, 6.125806622055897, 
14.251294410730782, 0, 0, 6.152349564059863, 0, 0, 3.852956179843181, 2.5423195507293106, 
0, 0, 16.501327467952976, 5.86382652020084, 0, 3.5420632694803427, 0, 2.837590378609624, 
0, 0, 60.82169774154413, 0, 6.979884713355538, 34.732302356994985, 0, 4.193613175773514, 
0, 50.10150540644032, 0, 0, 6.484857040793447, 0, 0, 4.369580844198132, 
0, 0, 25.511227908730202, 8.166636059925922, 0, 3.328383161425241, 0, 3.471944970676679, 
17.722840491253663, 26.287253370860135, 36.193185492444485, 0, 0, 11.529091286905304, 0, 0.7228476295295181, 
0, 0, 27.214140735186113, 0, 5.119221975260233, 45.54569634383671, 1.8413301428269975, 3.2877235871797823, 
0, 0, 76.78936518894164, 0, 7.440522822505652, 6.851695715578572, 0, 3.600728503094691, 
0, 0, 89.30081334014727, 0, 0, 5.55336481796509, 2.466718473020359, 1.6829144993993979, 
0, 0, 24.65306794722181, 4.448418737113013, 0, 5.563322422818622, 0, 2.4750145919905955, 
0, 0, 0, 0, 0, 8.277119161900478, 0, 6.314114459429778, 
0, 0, 30.12953766780934, 3.686340923177786, 0, 5.652024608712648, 3.692848877783642, 7.833651939059399, 
0, 0, 59.71784404737948, 0, 0, 3.9365807390132304, 5.55154196468003, 3.3399548260942917, 
0, 0, 0, 0, 8.93765637702947, 8.406595148023317, 0, 2.7414632176421474, 
19.75014448735532, 0, 80.03748139548821, 0, 0, 5.118209552496021, 0, 5.79632596316814, 
17.072003687709817, 0, 35.49641911386051, 0, 0, 4.623777283462551, 2.079901263134356, 5.570660824163137, 
0, 0, 32.733366233303414, 8.948966124202896, 7.10313565188107, 0, 5.128927033298385, 4.485070966963914, 
0, 15.270931417785901, 0, 7.866469984472168, 0, 10.909408368073567, 4.554738051310953, 7.584483832030523, 
0, 0, 20.789935690181128, 0, 0, 5.507000878021882, 0, 3.342982056509374, 
0, 0, 47.51579843224351, 5.18623407570796, 3.1188458828032672, 3.190508202883365, 2.536194837309413, 2.209441571631945, 
0, 0, 37.67360999126859, 0, 5.284175441538654, 12.049893178716992, 2.0141710654255345, 4.367622987140972, 
0, 0, 25.95864233972852, 0, 0, 6.713834005468977, 0, 3.2741688587447624, 
0, 0, 24.706632090579003, 0, 4.779961413309163, 6.809439747406747, 3.1713805731750533, 7.806658623493274, 
0, 0, 0, 2.9225688878242067, 0, 6.108594228925796, 0, 4.27646389480778, 
11.98065880234503, 0, 41.94489956371276, 0, 0, 8.045981267931662, 2.8786502684172106, 4.54577435461145, 
0, 16.144362442561317, 20.131744469698102, 0, 0, 4.784755467949669, 0, 1.731431342447993, 
0, 32.17188922203453, 81.38424846892367, 5.28525528271963, 7.653561464089049, 18.307820522698606, 4.090527117165493, 2.7149762920813982, 
0, 22.859868616439584, 0, 4.982054693135163, 0, 7.43389130062106, 0.12853837176582317, 5.130478819095537, 
0, 0, 50.46132934931425, 8.529331542391917, 0, 6.135989225954298, 0, 4.61327669124428, 
15.596264213526428, 0, 17.174442909467103, 0, 0, 6.901856760496702, 1.6394179815596317, 0, 
0, 0, 20.476801386092642, 0, 0, 0.6448894164722265, 0, 1.6504353110436263, 
0, 0, 19.092585227509616, 8.105883269402689, 0, 0, 1.8425627984406798, 2.029230820408797, 
0, 0, 56.43708951233547, 5.72208724360727, 0, 12.16978402621928, 3.8280248233528775, 2.906346981389691, 
0, 0, 32.65016285108329, 0, 6.189054034837891, 5.4694894599499735, 3.7452764024816343, 3.2272076234935225, 
0, 0, 0, 7.39260385144271, 0, 7.4824079801739005, 0, 3.937810941271616, 
0, 0, 26.16429617131304, 4.569655718764302, 0, 7.928872237811188, 3.1792931597980605, 2.4650439268114765, 
0, 0, 42.36704868885406, 2.044291372307648, 7.615752837044379, 5.519538188331606, 0, 2.395081288254522, 
0, 24.96447343473933, 23.773268851874494, 0, 0, 3.122874935162695, 3.7388957351597947, 1.6435477170224893, 
0, 0, 0, 0, 8.230466180905758, 12.657354370213149, 0, 2.4447241260842407, 
53.665759825925235, 0, 33.95991091887171, 5.659981713035776, 0, 0, 0, 4.723707016689325, 
27.84746527265549, 0, 16.37043147893813, 0, 0, 7.023270081401777, 3.61526739707407, 3.899743335005221, 
0, 0, 0, 0, 0, 15.76222723872541, 0, 2.7551269416322257, 
0, 0, 0, 0, 5.432535667206048, 6.6328994075174155, 0, 3.954428316411361, 
0, 0, 0, 0, 0, 4.789461772186382, 2.74897165145924, 4.139597601850215, 
0, 0, 32.957140257705824, 7.6252868694835625, 9.795547820036358, 0, 3.9020331326544895, 5.133432459591035, 
0, 0, 30.640810685835095, 0, 6.729803718188917, 5.969057704228509, 0, 3.84933015342855, 
0, 0, 41.12087894778294, 7.175948241140607, 0, 53.29209625057533, 5.103493050064133, 6.248263711933572, 
0, 0, 42.829716179951824, 5.44305507050378, 0, 0, 0, 0.6869172400981828, 
0, 0, 0, 4.456518850793821, 0, 6.654254338848791, 0, 3.390579935005766, 
0, 0, 27.136707767294794, 5.2974136900299325, 0, 8.075577286442975, 0, 3.103643749001468, 
0, 0, 46.33128703649907, 0, 0, 5.6819239741413945, 0, 4.3528039281253985, 
0, 0, 16.14797293917323, 0, 0, 7.885579027494382, 1.2353641922466743, 5.163265616502246, 
0, 14.908267107587157, 48.921761135623406, 0, 0, 12.80238438479159, 3.033173894763358, 2.398208647025315, 
0, 0, 20.498474320196046, 0, 0, 5.812120252129612, 2.2993027403783195, 2.5670311822489156, 
0, 0, 51.87415243127787, 0, 0, 4.76651469839491, 4.44995717264622, 2.8080778605537993, 
28.375226131762318, 0, 20.773398775186823, 4.947258637732173, 0, 0, 2.8759939119768205, 11.115723247740368, 
0, 15.514962266873745, 61.0526580669066, 2.7154101752041555, 0, 4.416639372496088, 0, 4.15780834872119, 
0, 0, 0, 4.136186025870172, 0, 0, 0, 6.490718458745128, 
15.236188036348556, 0, 56.776395976077026, 0, 8.07517198660853, 5.296640735322333, 0.5171151791516917, 4.205701888324439, 
0, 0, 0, 5.411121580366863, 0, 0, 1.8111757682313758, 4.584722043657589, 
0, 0, 16.715391583007477, 7.231436864051196, 7.4210187858071395, 4.399890191063306, 1.3928401717288124, 4.918514536314642, 
0, 0, 0, 0, 0, 6.7879851729091, 0, 0.5759219459697835, 
0, 0, 0, 0, 0, 18.575375655350857, 3.3770273243778943, 3.814339057281766, 
0, 0, 0, 0, 0, 0, 0, 3.722141709839662, 
21.643672353568803, 15.299195807789669, 26.892079362406992, 2.1690356530669854, 0, 11.918495276513678, 0.7185236926134007, 2.1581156018574252, 
0, 0, 32.05944031354213, 6.254610718210422, 0, 8.159561927755423, 1.9001056609110387, 0.9851049099421623, 
13.936955525918993, 29.231536766833305, 63.17387175197706, 6.597497466399237, 0, 22.25147116462048, 0, 3.5842698739889745, 
0, 0, 31.308642041611424, 0, 4.827097543618519, 0, 3.491135508039479, 2.084671860067705, 
0, 0, 27.402609932152394, 10.53236394678044, 0, 0, 0, 4.144470710448299, 
0, 0, 58.952330835377666, 8.492804303028132, 0, 6.39769085620899, 5.441447323531156, 2.8095148477060756, 
0, 0, 18.466432035140077, 8.56817688338825, 0, 5.547945869807322, 2.77757136324645, 2.3918498620223283, 
0, 0, 19.831483170219748, 4.854551516562602, 0, 9.01020433418653, 0, 4.35374534151803, 
0, 0, 26.171049111749202, 7.88156195593165, 0, 4.006789999561999, 2.36119013364192, 4.14742368308976, 
0, 0, 22.001262366542726, 0, 0, 3.0461371253880722, 1.7955711292246166, 2.0996473852023567, 
0, 0, 72.84202571506559, 0, 0, 5.262702216408886, 3.3336768094772085, 5.513368693872715, 
0, 0, 54.78880834477292, 8.533645954848865, 0, 5.7848855251085745, 2.7859514112684547, 1.3887873329994365, 
0, 0, 42.02911475676399, 0, 11.066919800368611, 4.922132354807155, 0, 3.38651388897254, 
0, 0, 0, 0, 5.163103886045189, 0, 0, 6.825597557868522, 
15.825365368902471, 23.191149485440185, 33.93624596134125, 6.023071465180211, 0, 4.9004728923010905, 0, 3.5558535213536415, 
24.00434283059334, 0, 36.98124258504317, 4.298115021176718, 6.310375322691563, 12.685946850571565, 3.06564006891411, 1.4929653977952109, 
0, 0, 0, 0, 0.9277183118825745, 0, 0, 6.571474832796186, 
0, 0, 28.995231016960535, 5.4005876085670135, 6.647429860541799, 9.952667851058788, 0, 3.390369348369843, 
0, 0, 25.887865291387346, 3.7332655096202023, 0, 8.028914588733315, 0, 2.2644475601829885, 
0, 0, 0, 6.803690887538421, 4.447364684330278, 33.37283167714632, 0, 4.836639777470416, 
0, 12.148484410479407, 30.48980932079358, 7.35918852357476, 0, 5.844803049273297, 0, 1.319276881938869, 
0, 0, 0, 0, 0, 8.813334173819909, 4.841360799204197, 2.9148392808301837, 
0, 14.373395423234653, 0, 0, 0, 8.472551490775519, 0, 3.110322322421998, 
0, 0, 0, 0, 0, 13.573586509680585, 2.9477895046316176, 2.7325758897972463, 
0, 0, 35.92667752888344, 4.230207690381795, 0, 3.2846256590307803, 4.765915676490296, 3.937814933981003, 
0, 0, 25.33410233363424, 0, 0, 3.799893748123255, 0, 6.1888629638542865, 
0, 0, 14.336506004512993, 6.38623428005134, 0, 32.699276104169094, 3.3555846707536636, 1.9214387592831101, 
0, 0, 26.493378157897745, 0, 0, 13.691495333737885, 0, 3.3161037950584724, 
12.775994710565335, 0, 19.864483770211134, 0, 7.787347803209968, 5.110205783801509, 0, 4.34586978475079, 
0, 0, 0, 10.702654016993403, 12.009484687937883, 12.494744308431885, 0, 7.4907138669012925, 
30.942336941786248, 0, 19.108696989188317, 9.387283237825244, 0, 4.5399716832230155, 0, 2.598108313495137, 
0, 0, 25.977252478096453, 0, 0, 18.097156568997065, 0, 3.7184790225265774, 
26.984798394023468, 0, 20.911180528808345, 5.791057108087138, 0, 6.407151330683741, 0, 3.17018578222691, 
0, 0, 15.338316077680217, 0, 0, 10.543234457133561, 0, 0, 
0, 0, 25.06662152392973, 2.9260411530146975, 0, 11.395318844568207, 0, 2.5330325173684827, 
0, 0, 0, 14.053624008212267, 0, 22.712387498386875, 0, 6.334982236127747, 
0, 0, 0, 3.491376335328356, 0, 5.801957366389164, 0, 3.1145411305856543, 
0, 0, 13.336437753189479, 0, 5.825662767163163, 4.539225220635638, 0, 4.030076817945846, 
0, 0, 48.58120869423263, 4.4175557182261596, 4.0866516549524325, 18.38498847406447, 0, 4.584898075864077, 
0, 0, 24.773648304297986, 6.500286255384542, 0, 0, 0, 4.138100876382199, 
0, 32.637611334840244, 0, 9.13082980090353, 0, 3.6499244604526635, 0, 3.1217863581314447, 
0, 0, 0, 0, 0, 5.604112588062973, 2.675319751771628, 3.9515209632368986, 
19.776090236613236, 0, 47.87255101198764, 0, 0, 10.137390647539526, 0, 4.74402242010085, 
0, 30.882850109981273, 0, 0, 0, 0, 0, 0, 
0, 15.85522562927321, 21.57384981826529, 3.3729706602219185, 6.561242177771167, 27.36671223735889, 0, 0, 
0, 0, 47.178610022838406, 0, 3.9546619654708373, 4.27166133223705, 0, 2.7502006611551373, 
28.71268409312786, 19.229777958026023, 16.4464193686441, 5.913613947221667, 0, 3.3281726805001832, 0, 3.9910447334269574, 
0, 16.862215581811064, 0, 9.693498623822494, 0, 0, 0, 2.3962184589364117, 
0, 0, 26.259579773971694, 4.000016877025958, 0, 5.524047748200657, 3.9231990308203195, 6.715242815437217, 
0, 0, 0, 0, 0, 0, 0, 2.5552341394951408, 
47.715288994525594, 14.22789381495502, 21.728836123888193, 0, 0, 9.07451600210394, 3.769711254675604, 11.893784488779096, 
0, 0, 59.893685238977156, 0, 0, 5.817208414865178, 0, 1.5961081563933153, 
14.55385337188421, 0, 25.01489545778809, 9.665697933853608, 0, 8.153163175060724, 3.73636639204659, 3.9970907100027917, 
0, 0, 22.284293259760283, 0, 5.715030955084901, 3.8795136288384846, 2.8985129239487213, 3.1115796359728893, 
0, 0, 26.621488537188633, 6.12235149552668, 12.810033516147033, 0, 0, 3.4740052633193366, 
0, 0, 23.608570477994807, 0, 0, 0, 0, 2.956735455236337, 
0, 0, 25.45785098183502, 0, 5.581134453090577, 11.911416078631438, 3.704383839559714, 6.100684292018548, 
45.362281177741835, 0, 51.170784798281254, 3.3571442261645785, 0, 7.701958756852288, 0, 2.8980409311728694, 
13.737955383245891, 0, 49.481517976354255, 6.893003410989587, 0, 3.9324108959877817, 5.994789626121955, 4.9158672719864915, 
30.038068896492632, 0, 41.55481738613278, 6.038302564825223, 0, 4.489528315375083, 0, 4.082252166951647, 
0, 0, 21.827631764694914, 0, 3.6835124465154507, 0, 0, 3.149099710298605, 
0, 16.17835895425557, 0, 11.23803091121103, 0, 23.302232159362568, 1.5814434513050823, 3.6864507447122756, 
0, 13.287294392055527, 24.65535419478279, 3.682925961360467, 0, 0, 0, 3.8135495452987276, 
0, 0, 33.814401622779044, 3.259464084109519, 8.92398135872923, 11.82128956015375, 0, 2.787063717295348, 
0, 0, 19.050435733230408, 17.660803117921258, 0, 0, 1.4714151306895609, 3.935331032737962, 
0, 0, 0, 6.7660586300190575, 0, 32.01544934476022, 0, 3.708940575247031, 
0, 16.90159990634715, 35.6185357717555, 0, 0, 6.389540832183466, 0, 1.1285306108261004, 
0, 0, 0, 6.171056339129351, 7.054222147659988, 0, 0.8140854250449836, 3.0816873867725425, 
0, 0, 26.372701353080373, 8.040162005050755, 6.949256784307558, 11.666079610852805, 0, 4.940701091634396, 
13.499800206881922, 20.52847927577075, 52.92522402565025, 0, 0, 1.9113555793720352, 0, 3.9459581553614846, 
0, 27.325259884921035, 32.3983867336329, 5.686465233011962, 0, 4.587846397802037, 5.783161046850796, 2.346406200144556, 
0, 0, 0, 4.1569032565777775, 0, 3.8238857119547003, 3.3133072582497802, 2.641856935713027, 
0, 0, 27.046998802033215, 0, 0, 13.24212695122219, 2.661754392860007, 4.26365067563826, 
28.176421640152654, 0, 0, 0, 0, 6.616919207529521, 0, 2.7135245126994367, 
0, 0, 40.764276371371075, 5.942172020168648, 0, 0, 2.352579140114374, 2.0818604215379906, 
0, 0, 0, 0, 0, 9.406201435647965, 0, 3.9085736858116285, 
0, 0, 48.8179856996949, 0, 6.23871130174296, 3.9392542547067144, 2.8902065298470223, 3.25259519254312, 
0, 0, 18.97275997490235, 11.506868512452977, 0, 6.611399474419031, 4.528284973242295, 0.8151209788911393, 
0, 0, 0, 12.334016261705532, 0, 22.22621629461934, 5.319656172194736, 2.5110755588803855, 
15.664224381496762, 20.54227632358554, 58.159172959593995, 6.593985765171204, 0, 24.531580837363673, 4.18321488043609, 4.509554630164164, 
0, 0, 25.34186959220174, 0, 6.372714504683547, 11.526774078376617, 0, 4.799904541621554, 
0, 18.067015720861896, 0, 0, 8.41167410075043, 10.318448106888809, 0, 2.998600713495484, 
14.125839598688069, 0, 16.089112064064093, 7.460715167596909, 0, 14.764365205489401, 1.970471746911103, 2.725791926164888, 
0, 0, 0, 0, 0, 1.39688196990455, 0, 6.582274310939022, 
0, 0, 48.915884535331855, 0, 0, 11.046950625391245, 5.800687047489187, 3.3402170576961776, 
39.97758571704791, 0, 29.73014535567271, 6.038823589305521, 2.4726565134423533, 4.042688668025741, 0, 2.432756503890081, 
18.41353530647266, 0, 0, 10.531191104617799, 0, 12.556545898922778, 3.174653857369905, 2.9156854907294316, 
0, 0, 17.17547597850686, 0, 0, 6.293652478851753, 0, 2.681268810530225, 
15.96930423285226, 0, 46.425338427193395, 0, 3.92830196247067, 5.073735461876067, 3.331282754053627, 0, 
16.17768559560664, 0, 0, 4.95100083600579, 0, 17.613540027980036, 0.8497945668171862, 4.769749989013515, 
23.766875696997193, 13.55136737000149, 0, 6.7368110040700975, 0, 0.34840117009299654, 0, 1.6279930484442566, 
0, 0, 50.67628769236767, 0, 0, 6.810485197888333, 0, 2.183914951033744, 
0, 16.751067261598752, 43.86715979154258, 0, 0, 6.6780240929916115, 3.4908319794279477, 5.73935171854736, 
0, 0, 32.82338977515565, 7.45231656680928, 0, 0, 2.428994735656307, 3.6215453225793164, 
0, 13.529481486865496, 0, 0, 0, 4.225693917325269, 0, 1.9619329883283587, 
17.781998841630347, 11.709513015290643, 42.658432800662986, 2.7234346783151584, 0, 7.627289890522279, 0, 3.0789176470329678, 
0, 0, 33.11772465065184, 0, 0, 8.242737770928503, 0, 4.02309432301417, 
0, 18.476284560929294, 36.09912369164465, 2.087287398775797, 0, 0, 0, 0, 
0, 12.125853634042784, 45.644244894517236, 0, 0, 10.886133380751579, 5.031000890083602, 8.857284634917693, 
0, 0, 29.10809131312855, 0, 4.235781514807854, 9.93630864390892, 2.0440705726624038, 5.004486688516021, 
0, 0, 35.2987916361423, 6.29815063858731, 0, 0, 0, 4.482436799524667, 
18.001847185471412, 0, 23.386647904634977, 0, 18.05536333976405, 46.20284432817854, 0, 0.5092970429024994, 
0, 0, 45.51769446958601, 0, 0, 5.170099034790007, 0.39691492510736204, 4.047193277687076, 
0, 12.145714249123468, 0, 2.3930135517807507, 0, 0, 2.227153078641337, 7.993726765064927, 
0, 0, 25.749081541537183, 0, 0, 6.467883813243048, 0, 2.6959962419297443, 
0, 0, 0, 7.121302083248758, 0, 4.956939475696044, 4.729963010612689, 3.377604680150261, 
22.004669254971564, 0, 24.008028359189296, 0, 0, 4.480604364547119, 0, 2.9796706664829866, 
0, 0, 0, 6.257095548837091, 5.093714297193319, 23.39859390008834, 3.39070281774414, 3.4258792894307293, 
15.532477576119506, 0, 39.75584642326245, 7.948753015260721, 0, 6.8509616060286085, 4.38300696821452, 3.127594408569146, 
0, 0, 24.776796529583045, 0, 0, 5.7126995648075525, 0, 3.4606179265989154, 
0, 0, 23.811809817610907, 7.849571767277762, 0, 3.979535648681633, 0, 2.6381343152473606, 
0, 0, 15.722619519861077, 0, 0, 5.814510498224533, 0, 3.4003843923418997, 
0, 0, 0, 0, 0, 5.709234117772608, 0, 3.7697894971132837, 
0, 30.748397371165158, 0, 6.6189089109157795, 6.5806575493065464, 0, 0, 1.1251014955427938, 
42.85351653909975, 0, 42.491667455447754, 4.1159035707310005, 0, 11.971580861867736, 0, 2.6270527949795026, 
0, 21.860317959595847, 0, 0, 0, 14.669245814957005, 0, 3.7599639243122422, 
0, 0, 19.23262559916057, 4.995365675382136, 2.1753280961726356, 12.121861905920872, 0, 3.9123225506542347, 
0, 0, 0, 0, 3.740646178094954, 9.241041907056307, 7.579440586665723, 1.684862633237915, 
0, 0, 19.89672385123758, 0, 0, 5.66724705963204, 1.9028971675782582, 8.932965187092647, 
0, 0, 16.462102685536152, 0, 0, 12.517720450577073, 0, 4.603238026478862, 
13.854796407065677, 0, 54.90527531073854, 3.554982144435556, 0, 8.62677939028135, 0, 3.3214599131858136, 
0, 0, 28.288918099667587, 0, 0, 3.500599451152604, 0, 1.729271965628731, 
0, 0, 0, 0, 0, 0, 0, 4.405275826046466, 
0, 0, 33.950910761182584, 0, 0, 3.685497146277975, 0, 5.4644989498332865, 
0, 0, 0, 0, 0, 6.194440942531746, 1.622576819402413, 3.2170916513749273, 
0, 0, 18.445412913938416, 2.789261588775995, 1.8219494485306842, 0, 0, 3.9140856867019433, 
0, 15.692146490391726, 45.56852069707863, 10.353589661400543, 0, 4.85279297694941, 0, 3.382607508864504, 
18.386982122874443, 0, 0, 0, 0, 6.578597782646357, 0, 3.820638484691594, 
33.955565194665695, 0, 45.01887079928599, 0, 0, 0, 3.2404796267490035, 12.778152054315317, 
0, 0, 49.57199247413344, 0, 0, 6.251407386794568, 0, 1.7746268390124942, 
0, 0, 30.492744717422184, 5.462075932695264, 0, 9.892016369433936, 0, 1.1957519907118446, 
0, 0, 43.339749315334615, 0, 0, 9.15709472501074, 3.105479940894627, 2.889733150996239, 
0, 0, 16.65232483676698, 0, 0, 4.878081342760569, 1.6549573584453259, 3.9038828761904645, 
0, 9.712677807644189, 72.5114575157022, 0, 0, 5.411962658522867, 4.0964126585636915, 4.603602463766312, 
0, 0, 29.61075262060409, 7.368191709734646, 0, 10.926192707264962, 0, 3.650256684853012, 
0, 0, 0, 5.524737658991234, 0, 19.838378806839117, 0, 3.5529191392501094, 
16.0465883197158, 0, 31.107984086822547, 0, 0, 11.066827916030098, 0, 3.3501694127020976, 
15.634134275731984, 0, 17.43588718221602, 0, 8.425993681944632, 34.3492801570916, 0, 4.248823189735852, 
12.208977245192102, 0, 0, 7.920233232225234, 5.7789909199908145, 9.501378682436352, 0, 3.018223582123752, 
0, 0, 0, 0, 4.024241917195475, 0, 0, 5.988634844060244, 
16.570396377850788, 17.114951785777173, 18.682386241965332, 4.760545233191129, 0, 0, 0, 2.2473321968599733, 
0, 0, 0, 0, 6.740553799230612, 8.745833981773856, 4.627790103236383, 2.8498908694617118, 
0, 0, 59.389191384925624, 5.731479877907518, 3.306316303269263, 12.718877179937861, 3.1536404267939897, 6.287724162927398, 
0, 0, 38.7421004845569, 0, 0, 3.7229114535066414, 0, 3.170830194443643, 
0, 10.003852167164826, 53.44860091713833, 1.7988434509502813, 4.3623566432928165, 0, 0, 0, 
0, 11.752473018632037, 38.65299387181343, 0, 8.042002884416483, 14.826345959546934, 4.116094676084932, 2.5091605389507814, 
0, 0, 63.57277464103918, 0, 0, 5.340458947483387, 0, 2.3348084776495726, 
0, 0, 29.87373912426882, 0, 4.126659294657891, 3.9789551923960365, 0, 2.353665131419111, 
16.14603743729069, 0, 0, 0, 0, 5.357998503873833, 4.0593842114015075, 2.5459677760477915, 
29.3422166919695, 0, 0, 0, 13.90706921301641, 8.925745331377973, 0, 4.566099310921986, 
0, 0, 0, 0, 8.101740487375647, 11.399181455624731, 3.706341663116069, 4.005825960800723, 
15.951980506239892, 0, 42.49291112694668, 5.761869186579911, 0, 0, 0, 5.558792963578727, 
14.145182723506565, 0, 25.82792168138832, 0, 0, 6.042133067689922, 2.650859642092448, 9.407013355367914, 
24.237295686443016, 12.962343258064372, 58.39333416632455, 9.155274730236403, 0, 23.959386956756685, 3.4727852798650662, 3.016946319895273, 
0, 16.037874882189826, 0, 0, 4.099383884249545, 16.715356704717674, 0, 0, 
0, 0, 0, 0, 5.109498461816928, 7.689396622573511, 0, 5.122259443050223, 
23.737802118478054, 0, 0, 0, 0, 6.101952768283648, 0, 3.570861904780942, 
0, 0, 36.417628593721204, 0, 0, 6.0650082118511675, 0, 3.9321185518964947, 
0, 22.159263502785812, 42.519726531738215, 6.484699434474832, 0, 8.459415931196954, 1.74089727104516, 1.6501864227267289, 
16.821782784972182, 15.322879743853662, 0, 2.3368388095561152, 0, 6.068029578962367, 0, 3.0486243599592813, 
0, 0, 43.31863471460549, 0, 0, 6.303275518149052, 2.8863298256612935, 4.862332581290049, 
0, 14.266475457889019, 30.534733477424496, 10.04701433589215, 0, 5.444898800515173, 0, 5.301186529497175, 
0, 0, 31.184190287065604, 0, 11.77155982934662, 4.524898012425829, 0, 2.327108973201743, 
0, 19.276166614830622, 0, 0, 7.268184364507441, 3.665820475028844, 0, 4.5126900960486465, 
0, 0, 35.96038848079087, 0, 0, 4.845834238118773, 5.039810411932317, 3.4584606809067355, 
0, 0, 26.482675935499973, 6.689925695326643, 7.258688165407104, 7.985199339850279, 0, 2.862024043633561, 
27.54745132448594, 21.739538120444973, 0, 5.906453381935423, 0, 24.80834056579522, 0, 4.55244828842731, 
0, 0, 16.441287738979675, 0, 0, 3.5576076228838014, 4.459917590194947, 2.37246152971765, 
20.261330624644966, 18.196729826062313, 45.602271035050286, 0, 0, 2.1567149272137405, 2.470813016813821, 3.8105722373977975, 
0, 0, 17.902417595783216, 5.892639567184035, 0, 5.271157096870933, 0, 3.9105828576656663, 
0, 0, 31.78095653455543, 0, 4.44602196369385, 9.598098056924336, 0, 4.229388284666223, 
0, 0, 0, 1.5438682931063656, 0, 9.865759181233155, 0, 2.8450935809742464, 
0, 23.625733008096603, 0, 0, 4.100871083114827, 3.292479702801888, 0, 5.12711475341151, 
0, 0, 70.85089996871255, 0, 0, 6.403257198465656, 0, 4.920235684593952, 
0, 0, 61.26362524837626, 0, 0, 9.300614492325241, 3.0313163058979278, 3.830451770828645, 
0, 0, 23.612242468171775, 0, 6.408602635189252, 5.712217070091179, 0, 2.3673466579065794, 
0, 0, 0, 0, 0, 6.011850326165382, 0, 5.174340412028207, 
0, 14.834636778252664, 27.023190426705256, 0, 0, 14.913869464975944, 0, 2.4985708547164425, 
0, 0, 0, 4.545624619445288, 0, 5.505096983266317, 0, 0, 
14.32178986958739, 13.944036505508587, 14.530298604962098, 9.014895774387263, 0, 30.87449693614367, 0, 2.839613741722381, 
0, 0, 0, 0, 2.6432814904811934, 0, 2.6382144787587514, 6.813452547287419, 
15.759103248214519, 0, 17.621815961062943, 0, 0, 5.69828395847134, 5.021949891680624, 4.998792372810425, 
0, 0, 17.263720697390816, 4.639084805010039, 0, 2.2275475022749465, 0, 2.669952115858604, 
0, 0, 89.70139799772107, 0, 0, 7.679628060743173, 0, 3.5679379323267124, 
13.852823694727142, 12.260276670486125, 0, 0, 0, 5.669441194666106, 0, 5.977713427647747, 
27.248150980742793, 0, 26.061287973854302, 15.684851473819652, 0, 7.514165443941307, 2.877683118541463, 3.550270788269876, 
0, 0, 23.824891329040483, 0, 3.1804256298755, 7.105523335316485, 4.563338736109948, 2.917013190398846, 
0, 0, 19.501538150516172, 2.3773039962855926, 0, 12.43758179807316, 3.7598943300684264, 3.4191412143558924, 
0, 0, 18.31550218517787, 1.1005240447397764, 4.93515762547159, 0, 0, 9.027018008846031, 
13.207092620931554, 0, 25.185477379015918, 0, 0, 5.574203064449966, 0, 3.3720726189867136, 
0, 16.268601253421735, 0, 0, 0, 0, 0, 3.783071503976679, 
14.495507847369769, 0, 0, 0, 0, 5.89454949185655, 2.2467628337173955, 4.6511544311137, 
34.83219092499506, 14.02434563244604, 48.680957705135754, 0, 0, 7.054005948869518, 0.22055505974724632, 3.041763265975716, 
14.944369468943407, 0, 38.01190799358973, 0, 0, 4.874093301435085, 3.3038430755775186, 3.8047409577875873, 
0, 12.246080481048306, 0, 0, 0, 1.5668752326690765, 0, 5.310468223409448, 
0, 0, 38.56703612510245, 0, 7.052893710020851, 14.485991150543994, 0, 4.582142217324547, 
0, 0, 30.7303775350289, 0, 0, 7.028779641240931, 0, 4.597546718003303, 
0, 0, 14.893626034932046, 0, 5.324628626018367, 9.272349581166756, 0, 0, 
0, 0, 0, 3.1636141659427692, 0, 8.40278645129673, 0, 1.4810460661859355, 
0, 0, 24.583984828570888, 0, 0, 8.881772334710412, 0, 1.5018305623462256, 
0, 17.845497010456768, 17.778692014381367, 0, 0, 7.70358189327136, 0, 2.78106369726002, 
13.795660889091486, 0, 46.546312474816034, 5.819560100770989, 0, 10.608293460265097, 0, 4.2909696816060485, 
0, 0, 43.58476696618857, 0, 0, 8.449251363092479, 3.054623544927786, 3.7480509946568694, 
16.86698709534332, 39.61314603153277, 31.158357384174863, 0, 0, 6.386746394101532, 0, 1.952950272442554, 
13.393061617369584, 0, 27.37285252029711, 3.678919228009887, 0, 0, 2.2928168631229657, 2.9827978119203222, 
13.564120889962986, 27.871560614660403, 14.631771470220746, 3.6736260391639135, 0, 0, 5.125282237185609, 4.268149046195782, 
0, 25.166826836120062, 37.2207254452718, 6.991470528237792, 4.206041114738813, 0, 2.642462267976263, 5.541893085043457, 
0, 0, 0, 4.6960021624682415, 6.901682856575229, 18.85416073119028, 2.4174259356185726, 3.496019847818386, 
0, 0, 22.92539605471476, 0, 0, 6.820165999989377, 0, 4.258674481234587, 
0, 0, 0, 0, 3.317389300459393, 9.42870221309767, 3.3210815360081583, 4.676765901350146, 
0, 0, 41.68131138576935, 3.7090314742407333, 0, 2.66414788137031, 2.7258848389863757, 3.632349483303243, 
0, 0, 0, 5.719344204339249, 8.013530173205142, 0, 0, 4.183015320089747, 
0, 0, 0, 7.1490268869251326, 0, 0, 0, 3.7101357187124195, 
23.41647785588311, 0, 35.36679347921911, 5.390609238543221, 1.3530977728950289, 8.306323029794198, 0, 9.158257508923429, 
20.314062729455014, 0, 40.60950075712683, 6.06171955223102, 0, 18.19611874258959, 4.360958594681922, 3.0115039750608132, 
0, 12.13143912194635, 15.022714985135154, 0, 4.517872509327529, 0, 3.1137530190428415, 5.8931360890704605, 
0, 0, 0, 9.242453875022898, 6.464572430402745, 0, 0, 3.0696590119278637, 
0, 0, 0, 0, 0, 7.228714896131026, 0, 4.661094441498853, 
13.13552443964321, 0, 24.3824369517335, 0, 0, 5.762452882388474, 0, 5.894119681809532, 
0, 0, 0, 0, 0, 0, 3.9877746887987975, 6.6068544868557835, 
0, 0, 18.97890584615727, 0, 0, 4.670754664290175, 0, 4.048103267655507, 
25.955623616820972, 0, 0, 6.09376674122488, 0, 0, 0, 2.092707764082438, 
0, 16.23344729526439, 0, 0, 7.158518160141103, 5.322194473147996, 0, 4.4041428828979745, 
0, 0, 0, 6.08146081706853, 2.0013868061330977, 8.208104968640427, 0, 1.9320904832159684, 
0, 13.994384955256658, 21.111476398300486, 0, 0, 13.103191226188436, 4.242594000450794, 4.247085980798657, 
0, 0, 0, 5.467440922389102, 0, 17.659056000123762, 0, 2.7508798088402657, 
15.716107265011566, 0, 26.41681514518784, 0, 0, 0, 2.231185745892148, 2.5338652625178395, 
0, 0, 35.0433967521694, 0, 0, 8.517939231072871, 2.9633141331266257, 3.4925541255480606, 
0, 0, 33.15609368834242, 0, 10.513858298644447, 11.84008657739454, 1.9764370653443475, 2.7405785296779923, 
0, 0, 26.768220419396183, 0, 0, 10.667655600927944, 0, 3.4741713498629156, 
0, 0, 33.48437972801372, 0, 4.322611806115116, 9.855684684823226, 3.9518635514850735, 9.127589752733103, 
0, 0, 36.00217690753081, 0, 0, 5.217643239330702, 0, 3.9096993070025987, 
14.323336086044032, 0, 52.88081701126319, 4.518000643942225, 0, 9.264890511131583, 0, 3.367388928864226, 
0, 0, 0, 0, 4.080493271864526, 10.133305501640056, 0, 0, 
46.52505312347428, 0, 0, 10.522933791352976, 11.916952704720458, 6.705767425612347, 0, 1.3128864245569059, 
40.036120941416826, 0, 39.60619488995185, 0, 0, 6.941742982375091, 2.4006246090926195, 0, 
24.415946515224118, 0, 27.558793011306733, 6.276445708209696, 0, 16.905472002695163, 2.0150719976266576, 3.917139472235019, 
9.79700434141132, 0, 31.90638129834772, 0, 0, 0, 0, 2.431441784717634, 
40.41367319280434, 0, 0, 0, 0, 0, 4.0370620873911385, 3.1160694247867746, 
22.247651156128153, 0, 37.04116995961372, 5.414155695476786, 0, 4.570086306981092, 0, 3.547142266432616, 
34.923867886161915, 0, 56.92266942473947, 5.426950478103014, 0, 5.940388261997581, 0, 2.5809622186162047, 
0, 0, 24.99036140088909, 7.111437303577489, 0, 11.527102571492303, 2.7672047771726387, 2.671700694462482, 
0, 19.134848612103323, 0, 0, 0, 1.1008195601690502, 3.7006905980286353, 1.7970782626984039, 
31.574322068936524, 0, 37.06344906667531, 0, 0, 7.264183283426257, 0, 3.722533135781335, 
0, 31.39059720554633, 21.394778289338742, 16.815226513236116, 0, 5.603507662091764, 0, 0, 
12.397028315593897, 0, 0, 0, 0, 4.603262643607998, 5.5412764296474215, 5.666095349277947, 
0, 0, 49.36138331242712, 7.412639418810784, 0, 5.238377289750218, 0.861465372448114, 4.312641666619554, 
0, 0, 68.20213020181836, 0, 0, 5.967153101255239, 0, 0, 
0, 0, 23.779091277075292, 3.7830560848031842, 0, 3.676943710311793, 0, 2.191722937697205, 
42.448012439239214, 0, 0, 10.14174209764348, 0, 7.4444723041392775, 2.2916025834714926, 2.3446985746049727, 
15.24031155012393, 0, 22.80712563980499, 4.763986201387256, 0, 4.292657792290733, 0, 5.6135851769692895, 
0, 0, 22.513302723732004, 0, 0, 8.136219934076442, 0, 2.087879051837064, 
26.355360306704117, 0, 26.058949009076905, 0, 0, 6.923269093844315, 4.305632499532829, 1.2880065353073669, 
0, 0, 33.816721443253925, 0, 4.058543826050627, 0, 0, 4.477614202554703, 
0, 0, 29.225525348943332, 0, 0, 12.89265272585481, 0, 4.226767234760921, 
39.360866516568166, 0, 56.87613499245293, 3.980295892795422, 0, 6.881344511679467, 4.026183177901278, 15.119210052529153, 
0, 0, 0, 2.9960043389184605, 5.367269873013944, 10.782765233674755, 0, 3.301300324130837, 
0, 24.48488150881849, 37.019251829639664, 0, 5.831613533394086, 5.919742800131127, 0, 3.0384498079077047, 
18.092899785055913, 0, 27.865207507819928, 0, 0, 9.623038290092257, 2.7510803661334737, 2.3638553386310965, 
0, 0, 0, 0, 0, 7.662774080849098, 4.752411850868579, 3.9281883755974873, 
0, 0, 0, 0, 0, 0, 4.3849575165269945, 1.8754889786159985, 
9.453147044485537, 0, 15.67272976599436, 0, 10.275819557539558, 5.970649940292633, 0, 2.448568523372667, 
0, 0, 45.73481969612473, 5.538750671631696, 0, 5.312414039610429, 7.5540675110185305, 4.605454389429665, 
30.492145558602473, 12.410440158489322, 29.343022568343894, 3.2930890979998866, 0, 4.690336689371874, 0, 2.8805697428578685, 
0, 52.255167780319, 18.38688153913815, 0, 0, 15.52333169313487, 0, 3.039426334288097, 
0, 21.925211112169112, 0, 0, 0, 8.18670553237736, 0, 4.008960629074723, 
12.226282697020414, 0, 40.204680376325726, 0, 0, 21.531748163112177, 2.043805096685227, 2.0079604821082913, 
0, 0, 28.283639096116282, 6.336782929624941, 0, 26.413894528300567, 4.750569726134305, 6.343532820056968, 
0, 0, 0, 9.218462288438909, 0, 4.700455918129963, 0.8441796068634169, 2.1668429568603598, 
21.059764734336408, 0, 34.803561712250406, 0, 0, 0, 4.977435310185141, 4.081021281050864, 
42.533601013581354, 0, 0, 0, 0, 11.235278903429737, 0, 3.219943825142218, 
23.741858380463242, 0, 0, 0, 0, 4.637878049961324, 0, 3.1243114780367502, 
20.21365287776564, 0, 58.018674258949815, 0, 0, 0, 5.0943596568175575, 3.5304790930322962, 
0, 0, 0, 0, 0, 7.186882638659888, 0, 1.4328634676076764, 
16.252825055774004, 0, 42.44570531228115, 7.774627148765068, 0, 4.66776449830512, 2.6933311348903874, 9.131643216368545, 
0, 0, 0, 7.011906710819157, 4.18322836417655, 0, 0, 3.4683670910241133, 
0, 0, 0, 9.204771681203923, 0, 10.616112652641347, 0, 1.2996072277347437, 
38.349609961910794, 16.127001742280118, 0, 0, 0, 4.508511657626547, 4.770296866619355, 6.636936926257937, 
15.8861103903953, 0, 0, 4.728932953766616, 0, 7.614750624677604, 0, 4.302785717222293, 
0, 28.73692557846338, 60.277158677254555, 10.602874580975119, 0, 3.358713841411877, 0, 3.8520565833828933, 
0, 0, 24.096219067190262, 0, 6.0911558690292615, 17.576558990981795, 3.100392176024096, 3.2978408222831193, 
0, 20.008740084146698, 0, 0, 7.464044465715162, 11.541066133662936, 0, 3.4645574098324627, 
0, 11.812320432764691, 26.849757209693557, 8.154382457445609, 11.502194783569891, 26.202441590177276, 0, 2.1857441439852145, 
0, 26.899263481746477, 0, 0, 0, 5.487687152386816, 0, 3.517577166893525, 
0, 0, 26.21855675606544, 4.140364101478143, 0, 11.740588469973241, 1.5997733252604194, 6.347305246312556, 
0, 0, 0, 0, 0, 6.297543268405317, 6.381273670535235, 4.503324961398717, 
0, 0, 0, 10.621450857837791, 0, 0, 3.333596182818505, 11.327081337704765, 
0, 0, 0, 0, 0, 4.178259399869845, 2.7029737175265485, 8.276389265418986, 
22.728540191439762, 0, 0, 0, 4.981925066087518, 24.405185851744157, 0, 0, 
17.44045997665152, 0, 22.333671378703844, 0, 0, 7.621517568998167, 0, 4.9228534888416595, 
0, 0, 0, 0, 0, 4.750379171331522, 4.312083076561635, 4.296771984122283, 
15.183774450913127, 0, 30.869829564758955, 0, 0, 13.26541420864674, 2.7517515136377715, 5.5704134134140375, 
14.481387602819344, 0, 20.04313985381895, 8.165422296370055, 0, 4.769169773411875, 2.0148601966473167, 0, 
20.228819310889573, 0, 51.289100993044556, 0, 0, 6.180686445833801, 0, 3.041147837722821, 
0, 0, 27.386286267039768, 5.373595728983835, 0, 11.361906440995144, 0, 4.839257759646097, 
15.05813863070068, 0, 22.792158571117923, 5.929722364418562, 0, 10.019665004445626, 0, 3.8644573630800987, 
0, 0, 18.77421909226102, 8.223249117220373, 0, 3.6262793936609987, 4.38218311857951, 5.831720447398651, 
0, 0, 35.91034363285924, 9.408073150151939, 0, 40.517225178701395, 0.9790551688521849, 2.4728944828641075, 
18.02780430117406, 0, 35.12202545546948, 0, 3.244357596575636, 0, 0, 3.82153477746387, 
28.184676710588125, 0, 18.89305823245151, 0, 0, 4.948904805608917, 0, 3.4820019787653735, 
0, 0, 22.122329423949292, 9.713167671502696, 5.13141768281799, 0, 0, 3.8938023443976872, 
