0.0, 0, 0.0, 1.1761552997918585, 0, 1.9180824603632942, 0, 0.8723801011505214, 0.0, 
0, 0, 0.0, 0.0, 0, 0.0, 0, 0.0, 0.0, 
0, 0, 4.995476423684372, 0, 0, 0, 0.7674968384731669, 7.5417937399668835, 0.0, 
0.0, 0, 0.33776414792878384, 3.346681632124941, 0, 5.394449236231672, 0.0, 0.9320053361586331, 0.0, 
0, 0.0, 1.9237783452978476, 0, 0, 0.0, 0, 0.0, 0.0, 
4.660430438565301, 0, 10.35267479992324, 0, 0, 0.4543099793659877, 0, 0.0, 0, 
0, 0, 0, 0, 0, 0, 0, 0.3195616248294626, 0.0, 
0, 0.0, 0.0, 0, 0, 0, 0.0, 0.0, 0.0, 
0.0, 0, 0, 0.0, 0.0, 0, 1.8150580657569102, 7.7863388819267865, 0.0, 
0.0, 0, 0.36045249878216135, 0, 0, 2.3732491716363913, 0, 0.2648296587351737, 0.0, 
0, 0, 0, 0, 0, 0.0, 0.11943329229673072, 3.1089031563258773, 0, 
0.0, 0, 0.0, 0, 0, 0.0, 1.2166386548685786, 1.6186481213595152, 0.0, 
0, 0, 0.4788893100639105, 0.0, 0, 0, 0, 0.44241269265570615, 0, 
0, 0, 13.324524722338756, 0, 0, 1.2791259901171586, 0, 0.7449927932580884, 0.0, 
0, 1.710382211499331, 0, 0, 0, 0.0, 0, 0.0, 0.0, 
1.4752805979413992, 0, 0, 0, 0.0, 0.0, 0, 0, 0.0, 
0, 0, 3.413268431614622, 0.0, 0, 0, 0, 0.5093313884583445, 0, 
0, 0, 2.389445745004771, 0.0, 0, 0, 1.4013999647372088, 2.2965075850496444, 0.0, 
0, 0.0, 0.0, 0, 0, 1.7842432170024338, 0, 3.7377750266156866, 0, 
0, 0.0, 0, 0, 0, 0.0, 0.0, 2.0913927059783863, 0.0, 
0.0, 0, 2.1990091201196265, 0, 0, 0.0, 1.9702584898238573, 3.7558025592461552, 0.0, 
0, 0, 0.0, 0, 0, 0, 0, 1.1943283023097835, 0, 
0, 0, 13.6365127253559, 0, 0, 0, 0, 1.4922314115545308, 0.0, 
0, 0, 0, 0.0, 0, 0.0, 0.0, 0.702638536891798, 0, 
0, 0, 0.0, 0, 0, 0.0, 0, 0.0, 0.47384791224968836, 
0, 5.888333049521641, 17.444153869049675, 0, 0, 0, 0, 0.0, 0, 
0.0, 0, 0, 0.0, 0, 3.771901588246894, 0, 2.623179058603757, 0.0, 
0, 0, 13.923347799760673, 3.7851127442152013, 0, 0.0, 0, 3.1588214214241805, 0.0, 
0, 0, 0, 0.0, 0, 0.0, 0, 0.3935977049019602, 0, 
0.0, 0.0, 0, 1.2680485264202446, 0, 2.6500869574187824, 0, 0.0, 0, 
0, 0, 1.5369635069470935, 0, 0, 0.606114358400875, 0.0, 0.4474930681392273, 0.0, 
0, 0, 0, 2.3437495666697004, 0, 1.960009925582865, 0, 0.0, 0.0, 
0, 0, 0, 0, 2.964154568959084, 0.0, 0, 1.5084310991813883, 0.0, 
3.0776040625281382, 0, 16.82739789561686, 0, 0, 0, 0.9983924593359603, 3.7002029927967337, 0.0, 
0, 0, 1.2187398392639768, 0, 0, 0.0, 0, 1.5082398242427093, 0.0, 
0, 0, 0, 0.0, 0.0, 2.961340377943907, 0, 0.9565242130116118, 0.0, 
0, 0, 1.1756132015501042, 0, 0.0, 0, 0, 0.0, 0.0, 
0, 0, 0.3017092135183965, 0, 2.3617661259315232, 2.545059025299614, 0, 0.21882043618914557, 0.5002263199298493, 
0.0, 0, 3.485312532768919, 0.0, 2.5036966097751687, 7.969836706747016, 1.5986510709247777, 0.0, 0.0, 
0, 0, 4.6082715499288955, 0, 0, 0, 0, 0.4160086510264396, 0, 
3.2618662068030915, 0, 0, 0, 0, 0.0, 0, 0.0, 0, 
0, 0, 13.242512139406081, 0, 0.0, 16.440429853341698, 0, 0.0, 0.0, 
0, 0, 5.334568495837906, 0.0, 0, 0, 0, 0.12022793592398529, 0.33486422752224243, 
0, 0, 1.0052078102163762, 0, 0, 3.4766053958273795, 0, 0.6937656671653603, 0.0, 
0, 0, 0, 0, 0, 0, 0.0, 0.0, 0, 
0, 0, 12.452890624081538, 0, 0, 0.0, 5.164846472700322, 4.262333070367861, 0, 
0.0, 0.0, 0, 0.0, 0, 0, 0.0, 0, 0.0, 
0.0, 0, 3.1749724977901015, 0, 0, 8.256786588693771, 0, 0.0, 0, 
0, 0.0, 0.0, 0, 0, 0.6821098584989103, 2.4487685158057353, 0.23238513940256222, 0.0, 
0, 0, 0, 0, 0, 0.0, 0, 0.0, 0.0, 
0, 0.0, 0.0, 0.0, 0, 0.6098421921082693, 0.3570063591597994, 0.8331970853189881, 0.0, 
0, 0, 0.0, 0, 0, 0.0, 0, 2.0622880982584793, 0, 
0, 0, 1.7682266997480383, 0.0, 0, 0, 0, 0.8741887108482381, 0, 
0.0, 0, 0, 0.0, 3.8570822159833735, 0, 0.0, 0.0, 0.0, 
0, 0, 0, 0, 0, 0, 0, 1.0728575611532012, 0, 
0, 0, 0.0, 0.0, 0, 0.0, 0, 1.854202234145717, 0.0, 
0, 0, 1.3452370499629431, 0, 0, 0, 0, 0.0, 0.0, 
0, 0, 3.662909793788087, 0, 0, 0, 0.0, 0.0, 0, 
0, 0.0, 0, 0.0, 0, 0, 0, 0.0, 0, 
0, 0, 17.252986946211685, 0.0, 0, 0, 0, 1.2763399417179278, 0.0, 
0.0, 0, 0, 0.0, 0, 0.4155677398719977, 0, 0.0, 0, 
0.0, 0, 13.664263491062089, 0.0, 0, 0, 0, 0.7512906389456737, 0, 
0, 0, 0.0, 0.0, 0.0, 0.0, 0, 0.0, 0.0, 
0, 0, 0.1764327882183636, 0, 0, 0.0, 0.0, 0, 0.0, 
0, 0.0, 0.0, 0.36215080856632653, 0, 2.486474495025489, 0, 3.3677221693893644, 0, 
0, 0, 2.8097146329378386, 0.0, 0, 0, 0, 0.6119757555703806, 0, 
0, 0, 6.033344529089088, 0, 0, 0.6607410732194943, 1.6130299143318139, 0.8335952231754821, 0, 
0.28233802124911733, 0, 1.541822504344741, 0, 0, 0.0, 0, 1.1261854056718725, 0.0, 
0, 0, 0, 3.714978430344961, 0, 0.0, 1.5113880554333257, 1.259258222605819, 0.0, 
0, 0, 4.401876551109154, 0, 0.0, 2.5590754664613975, 0.0, 0.09581586844188787, 0.0, 
0, 0, 0.0, 0, 0, 0.0, 0.0, 1.3060609666018437, 0.0, 
0.0, 0.0, 0.0, 2.689933975462537, 0, 8.328302156987588, 0, 1.6427339078169154, 0.0, 
0.0, 0.0, 6.008602784465457, 0, 1.6570350477900693, 2.19115133774066, 0.0, 0.0, 0.0, 
0, 0, 1.2979786064935617, 0, 0, 2.4400419705463188, 0, 0.6486486301543904, 0, 
1.0338559559122196, 0, 13.011547375311956, 1.9785988378271249, 0, 0.0, 1.160515420254903, 0.0, 0, 
0.0, 0.0, 0.0, 0, 0, 0.0, 0, 0.34665175817302085, 0.0, 
0, 0, 11.304113460869832, 0, 0, 0, 0.19175485537220283, 0.0, 0, 
0.0, 0, 4.8713882703233775, 0.0, 0, 0, 2.5029043080830817, 0.0, 0, 
0, 0.0, 0, 0, 0, 0, 0, 1.1618867070496037, 0.0, 
0, 0.0, 0.0, 0.0, 0, 0, 0, 6.700300647562853, 0, 
0.0, 0, 0.0, 0, 0, 0, 0.0, 1.0730957702436, 0, 
0, 0, 0, 1.599255159674649, 0.0, 2.0193103574702356, 0, 2.011753078889935, 0.0, 
0.0, 0, 0, 0.0, 0, 4.1336280803420635, 0.0, 0.3554107082950413, 0.06113588389101965, 
0.0, 0.0, 13.455755481450653, 0, 0, 0.0, 0.17150219694169788, 1.4091666620909562, 0.0, 
0.0, 0, 0, 0, 0.0, 0, 0, 0.10648167567742206, 0.0, 
0, 0.0, 0.0, 12.481344267449623, 0, 0.0, 0, 1.5390689786340523, 0.0, 
0, 0, 0, 0, 0, 0.0, 0, 0.5584566464227295, 0.0, 
0, 0.0, 8.467485887990287, 0, 0.0, 2.7553222115732017, 0.0, 2.0375039889121247, 0.0, 
0, 0, 0, 0.0, 0, 0, 0, 0.7940058551385194, 0, 
0, 0.0, 2.392170324134021, 0.0, 0, 0, 0.0, 0.06375109157391146, 0.23582956962226564, 
0, 0, 3.2067112016649424, 0, 0, 0, 0, 5.868885256097619, 0.0, 
0, 0.0, 20.805116732512783, 0.0, 0, 0, 0, 0.4346554532969087, 0, 
0, 0, 0.0, 0, 0, 1.0026738198042633, 0, 3.625616221998957, 0, 
0, 0, 0.0, 0, 0, 0.0, 0, 0.2554814521232102, 0.0, 
0.0, 0.0, 0.0, 0, 0, 0, 0, 1.1383523528593313, 0.0, 
0, 0, 0, 0, 0, 0, 1.7408049597284379, 0.1255682900575792, 0, 
0.0, 0, 4.334263494639577, 0.0, 0, 0.0, 0, 0.540478859653522, 0.0, 
0, 0, 0.0, 0.7664453769525128, 0, 0, 0, 0.0, 0.0, 
2.5773236306737193, 0, 21.48757105220672, 0, 0, 0.0, 0, 0.0, 0.0, 
0.0, 0, 0.0, 0, 0.0, 0.0, 0, 0, 0.0, 
0, 0, 0.0, 0.0, 0.0, 0, 0, 0.0, 0.0, 
0, 0, 0.0, 2.632995741785371, 0, 0.0, 0, 0.4176816566896413, 0.0, 
0.0, 0, 5.436266126671649, 11.113463637061749, 0, 12.39355161655403, 0.07396198557704725, 1.598448373357952, 0.0, 
0, 0.0, 0, 0.3551629405424368, 0, 0.0, 0, 0.0, 0, 
0, 0, 0, 2.129880925049197, 0, 0, 0.28274148745035, 2.337820124777999, 0.09377164504047641, 
0, 0, 0.0, 0.0, 0, 1.4483983296219467, 0, 0.10716249988231974, 0, 
0, 4.672778239765854, 5.489844715933674, 0, 0, 0, 0, 1.5689311711284013, 0, 
0, 0, 0, 0, 0, 0, 1.8508485324205544, 6.139736176302889, 0.0, 
0, 0, 28.383247713503295, 2.0433957435191985, 5.4394222863624435, 0.0, 0, 7.028931698147458, 0.09172846917276412, 
0, 0, 0, 0, 0, 3.4820500893798636, 0, 0.0, 0, 
0, 0, 14.308476480671661, 0, 0, 0.0, 0.0, 0.0, 0, 
0.0, 0, 5.950081680271426, 0.0, 0, 9.129341625894755, 0, 0.0, 0.0, 
0, 0, 0, 0, 0, 0.0, 0, 2.0542895371559404, 0.0, 
0, 0, 0.0, 0.3206749618894471, 0, 0.0, 0, 0.9847360485243796, 0.0, 
0, 0, 0, 0.0, 0.0, 0.0, 0, 0.44129577346273574, 0, 
0, 0, 10.984654413438882, 0, 0, 0, 0.0, 0.4230419768713274, 0.0, 
0, 0, 12.134240686207955, 0, 0, 0.0, 0.0, 0.22099181231774404, 0, 
0, 0, 10.142103108451055, 0, 0, 0.0, 0, 0.0, 0.0, 
0, 0, 0.0, 0, 0.0, 0, 0, 0.0028250205658211236, 0, 
8.125639171089503, 0.0, 9.779431245519415, 0, 0.0, 0, 0.9918351557078502, 0.0, 0.0, 
0, 0, 0.0, 0, 0, 0, 0, 0.7637060683601156, 0.0, 
0, 0, 0.0, 2.2123267773127226, 0.0, 0.0, 0.0, 0.7680833678867653, 0.0, 
0, 0, 0.5716587336702226, 0, 0.0, 0, 0.1104079861236702, 3.9703874655586135, 0.0, 
0, 0, 10.833607605464735, 0.7384298271593248, 0, 0, 0, 0.8636022754353259, 0.0, 
0, 0, 0.0, 0, 0, 0, 0, 0.4140610540605228, 0.034244128299818044, 
0.1350990424891627, 0, 6.658165308525347, 0.9187382470745704, 0, 7.023212338911317, 0, 4.214932772838807, 0.0, 
0, 0.0, 1.5383132564715787, 0, 4.364521509300115, 0.5067703515641222, 0.0, 0.820988007015262, 0, 
0, 0, 0.0, 0.0, 0, 1.1481246703241172, 0, 0.0, 0.0, 
0, 0, 10.007864485717263, 0, 0, 0, 0, 0.059595017631630665, 0.0, 
0, 0, 0, 0.5003258447862144, 0, 1.1027488232105593, 0, 0.0, 0, 
0, 0, 2.8699644670708615, 0, 0, 0.0, 0, 0.0, 0, 
0, 0, 0.0, 0, 0, 0, 0, 2.8905435216539312, 0.0, 
0, 0, 2.9506135407062004, 0.0, 0, 0, 1.4587470258890889, 0.0, 0.0, 
0, 0, 1.7542564315972697, 0.0, 0, 0, 0, 0, 0.0, 
0, 0, 1.0264020384241146, 0, 0, 0, 0, 0.6119343130679589, 0.0, 
0, 0.0, 0.06708909205457658, 0.0, 0, 0.0, 0.0, 1.024915913755243, 0, 
0, 0, 0, 0, 0, 1.5834460323105333, 0.0, 0.2983384407187651, 0.0, 
0, 0, 8.750665587035538, 0.0, 0, 0, 0, 0.2842351880933873, 0, 
0, 0.0, 0.0, 0, 0, 0.0, 0, 1.1599283430809801, 0.0, 
0, 0, 0, 0, 0.0, 0, 0, 0.0, 0, 
0.0, 0.0, 2.2275380322751284, 0, 0, 0.0, 1.3256502304532392, 2.524880821887732, 0, 
0.0, 0, 6.143302061600405, 4.052985573649577, 0, 2.306423205763066, 0.24601312189098845, 0.566657736784718, 0, 
0, 0, 2.7795656289858846, 0, 0, 0.0, 0.0, 0.3616199792877408, 0.0, 
0.0, 0, 1.248726381851304, 0, 0, 1.4012631641760471, 0.0, 5.465108271974273, 0, 
0, 0, 8.165462490296012, 1.3134556830344923, 0, 0, 0.0, 0.0, 0, 
0, 0, 0.0, 2.1611718316454827, 0, 4.907764605401431, 0, 0.47339924301239833, 0.0, 
0, 0, 0.4818096000958185, 0.0, 0, 2.2146231222984323, 0, 0, 0.0, 
0, 0, 0.8845034017092601, 0, 0, 0.0, 0, 0.0, 0, 
0, 0, 4.1381352836899, 0, 0, 2.4863258263016377, 0, 0.9013537575507489, 0.0, 
0.0, 0, 5.364519929657163, 0.10848075851344063, 0, 0.0, 0.0, 0.48936628256125125, 0.0, 
0, 0, 0.0, 0.0, 0, 0, 0, 0.0, 0.0, 
0.0, 0, 0.0, 0, 0, 0, 0, 0.0, 0, 
0, 0, 0.0, 0.0, 0, 0, 0.3278027196581199, 0.0, 0.4900240153658162, 
0, 0, 0, 2.3741929783268176, 0, 0, 0, 0.0, 0.0, 
0, 0.0, 0.0, 0, 0, 0.0, 0, 2.915660043061654, 0, 
0.0, 0, 0.0, 0.09577892943132227, 0, 0.0, 0.0, 1.7214065053470204, 0.0, 
0, 0, 5.246449829321653, 0.0, 0, 0, 0.9677070919532067, 1.0654843228855704, 0.0, 
0, 0, 0, 0.0, 0, 0.0, 2.0997157960079953, 4.274693144471713, 0, 
0, 0, 24.588734319623473, 0, 0, 0.0, 0, 2.9165774069063364, 0, 
0.0, 0, 5.545415572496607, 0, 0, 0, 0, 0.0, 0.0, 
0, 0.0, 0.0, 0.0, 0, 0, 2.2508788281820404, 1.4175248446545026, 0, 
0, 0, 0, 0, 0, 0, 0, 0.0, 0, 
0.16584183520867057, 0, 5.012001281942051, 0, 0, 0.0, 1.425670202329064, 8.217341339211924, 0.0, 
0, 0.0, 0, 0.0, 0, 6.591960870520181, 1.6117499081492603, 2.6289019338896287, 0.0, 
0, 0, 0, 0, 0, 0, 0.0, 0.0, 0.0, 
0, 0, 0, 0, 0, 0.0, 2.341615003275969, 1.1386417154237525, 0, 
15.74546512387537, 0, 9.817285461577592, 0.0, 0, 0, 1.7467208411703856, 0.0, 0, 
0, 1.057982604186872, 1.947553712007526, 0, 0, 0.0, 0.0, 0.4148890642385923, 0.0, 
0, 0, 2.232206165789993, 1.5693688333858464, 0, 0.4747386969522953, 0, 0, 0.0, 
0, 0, 14.89223633405908, 0, 0, 0, 0, 0.2731021071342479, 0, 
0, 0, 0.0, 0, 0, 0.6714735582612583, 0, 0, 0, 
0, 0, 2.6833034297383533, 1.1465897223618553, 0, 0.0, 0, 0.7619997901144382, 0.0, 
0, 0, 0.07336728682469129, 2.201176436925781, 0, 4.65266687181904, 3.014441019292787, 0.7768237946775596, 0, 
0, 0.0, 0, 0, 0.0, 1.5418735818365525, 0, 0.0, 0.08224541429085752, 
0, 0, 0.0, 0, 0, 0.0, 0.9102043318904389, 0.14811502809686475, 0.0, 
0, 0, 1.046571520563905, 0.0, 0, 0, 0, 1.4453556974576227, 0, 
0.0, 0, 0, 0, 0, 0.0, 0.0, 0.4116396106305489, 0.0, 
2.2490422845887643, 0.0, 19.254191401639773, 0.07911071852565321, 0.021214131174720485, 0, 0, 0.7084200233281491, 0, 
0, 0, 0.0, 0.6580160717401569, 0, 0, 0, 0.6792997098026703, 0.0, 
0.0, 0.0, 2.349803723692208, 0.0, 0, 0.0, 0, 1.5950547584409158, 0.0, 
0, 0, 4.237817178904887, 0, 0, 0.38049157642590714, 0.0, 0.0, 0, 
0, 0, 3.8879251880335577, 0.6897540953425558, 0, 1.6803567179568941, 1.7827674884565372, 0.5544778596193236, 0, 
0, 0, 0, 3.3578183775931443, 0.0, 4.427158092141974, 0, 2.8668495765443076, 0, 
0, 0, 0.0, 0.2525605252621972, 0.0, 6.287969025681994, 0, 4.90292671319063, 0.0, 
0, 0, 0.0, 0.0, 0, 1.8405991888310407, 0, 1.9615878509074953, 0.0, 
0, 0, 0, 0, 0, 0, 0.8435906250449888, 2.1961041610263985, 0.0, 
1.7504796368959497, 0, 13.203581025827825, 0, 0.0, 0, 0.5652095950964799, 4.5309315616973755, 0.0, 
0, 0, 0, 0, 0, 0.13107667466391248, 0.0, 0.0, 0.0, 
0, 0, 0, 1.970458115634131, 0, 0, 0, 0.42474439982003415, 0, 
0, 0, 0, 0, 0, 0, 1.9452625197695057, 2.531948223683397, 0.0, 
0, 0.0, 17.003894982868363, 0.0, 0, 0, 0, 0.11429374465327295, 0.2391277288339188, 
0, 0, 0.0, 0, 0, 0.0, 0, 1.326950921850913, 0, 
0, 0, 0.4930807241505235, 0, 0, 0.0, 0.9118443027946181, 1.6083015279296324, 0.0, 
0, 0.0, 0.0, 0, 0, 0, 0.5948785218162591, 2.974094069488514, 0, 
0, 0.0, 0, 0, 0, 0.2330885954328643, 0, 0.0, 0.0, 
0, 0.0, 0, 0, 0, 1.971907053053069, 0, 0.0, 0, 
0, 0, 4.4768344386518395, 0.0, 0, 2.9743290759371916, 1.4624508491415362, 1.5370177418797464, 0.0, 
0, 0, 7.5385832536252675, 0, 0, 0, 1.708775478794907, 2.9498997265193885, 0.4098201643007755, 
0, 0, 0.0, 0.0, 0, 0, 0, 2.3982415616189616, 0.0, 
0, 0, 0, 0, 0, 0, 0, 0.6563085921047396, 0.0, 
0, 0, 0.0, 0, 0, 0, 0.3262416379481756, 0.41250205351341496, 0.0, 
0, 0, 2.934886403773209, 0.0, 0, 0.0, 0, 0.0, 0.0, 
0, 0.0, 0.0, 0, 0, 0.0, 2.6142744496850163, 2.7147473887156535, 0, 
0, 0, 0.0, 0, 0, 0.0, 0, 0.0, 0.0, 
0, 0, 0, 0.0, 0, 0, 0, 1.2928710569822357, 0, 
0, 0, 3.0780464509511596, 1.048085157679612, 0, 0.23524416346329602, 0, 4.427156098379637, 0.0, 
0, 0, 0.0, 0.0, 0, 2.6670473860819954, 0.0, 0.29862561946900634, 0.0, 
0, 0, 0.0, 2.415095131603342, 0, 2.4887627556682066, 0, 1.4302099159693622, 0.0, 
0, 0, 0, 0, 0, 0, 2.2755832661712105, 1.5883784341195717, 0, 
0, 0.0, 0, 2.029551357807584, 0, 0, 0.0, 0.0, 0.0, 
0, 0, 0.3589957701866003, 0, 0, 3.9176971387080393, 1.1291012473563935, 1.3818788464923528, 0.0, 
0.0, 0, 10.620885885406564, 0, 0, 0, 0, 0.0, 0.0, 
0, 0, 2.7897205069436346, 0, 0, 0.0, 0.9934103915769108, 0.6065156926050008, 0, 
0, 0.0, 0.0, 0, 0, 1.3459646655489772, 0, 0.019550298995662036, 0.0, 
0, 0, 0, 0, 0, 0.9073909150040098, 2.022219083218057, 2.017609614761426, 0.0, 
0, 0.0, 6.623954434003984, 0.0, 0, 0, 0.0, 1.1500703947482736, 0.0, 
0, 0, 0, 0.0, 0, 3.360693866359618, 0, 0.7967803124764075, 0, 
0.0, 0.0, 36.46864412811774, 0, 0, 2.3598549515532548, 0.0, 0.0, 0.0, 
0.0, 0, 0.548933058079113, 0, 0, 1.8176107059477924, 0.0, 1.7150903295622435, 0.0, 
0.0, 0, 0.0, 0, 0, 0, 0.0, 0.8366423823749969, 0.0, 
7.981902281371493, 0, 12.615036966640844, 0, 0, 2.86828242570715, 0, 1.2538109971729843, 0.0, 
0, 0, 1.74030904103499, 0, 0.0, 0, 0, 0.8979013820864149, 0.0, 
0, 6.0231653557524485, 10.468801337072822, 0.175963841565558, 0, 0, 0.0, 0.0, 0, 
0, 0, 0.0, 0, 0, 0.0, 0.6974068628160133, 8.746125510127989, 0.0, 
0, 0, 0.0, 0, 0.0, 0, 0, 0.0, 0.0, 
0, 0.0, 0, 1.1696012332702592, 0, 12.510258878245882, 0, 0.5015909387742312, 0.0, 
0, 0.0, 0, 0, 0.0, 2.4357417865989834, 0, 0.0, 0.0, 
0, 0, 0.0, 0, 0, 0, 0, 1.7136608980113301, 0, 
0, 0, 0.0, 0, 0, 0, 0, 0.20499659208122784, 0.0, 
0, 0, 3.047179281033381, 0.0, 3.6709767324070386, 0, 1.0306729454565051, 0.7888746982181083, 0.0, 
0, 0, 0.0, 1.4434197426831226, 0, 0.0, 0, 0.1056442391914203, 0.0, 
0.04276586542185257, 0.0, 1.9948989670264083, 0, 0, 0.0, 1.6177005137041762, 6.942468417192749, 0, 
0, 0, 0, 1.288823728096606, 0, 10.740610638334706, 0, 0.0, 0, 
0, 0.0, 0.9126407290565943, 1.8834220993068325, 0, 0.0, 0, 2.4897752256970804, 0.0, 
0, 0.0, 0, 0, 0, 0.0, 0, 0.4579005200502391, 0, 
0, 0, 0.0, 2.3097666713608453, 0, 2.087666549824495, 0.7273645521772902, 4.983127819241405, 0.0, 
5.495261567573872, 0, 3.98551354356404, 0, 0, 0.0, 0, 0.0, 0, 
0, 0, 9.242064501809711, 0.0, 0, 0, 0, 2.8880663758202503, 0.0, 
8.565940966017852, 0, 4.561514496851405, 4.147232204959005, 0, 1.8236180879221235, 0, 1.3694586284392827, 0.0, 
0.0, 0, 0, 0, 0, 0.0, 0, 4.492145490123711, 0.0, 
0, 0, 0, 0, 0, 0.9875501506517397, 0, 3.153322137555847, 0.0, 
0.0, 0, 2.306564636099506, 0, 0, 0.0, 0, 1.4619296216502249, 0.0, 
0.0, 0, 0.0, 0.0, 0, 8.910176062592946, 0, 0.0, 0.0, 
0, 0, 0.0, 0.0, 0, 0, 0, 0.0, 0.0, 
0, 0, 8.638695480558198, 0, 0, 0.0, 0, 2.467443481620422, 0.0, 
0.0, 0.0, 0, 0, 0, 0.0, 0, 1.4727361388909685, 0, 
0, 0, 0, 0, 0, 1.8359878474341917, 0, 2.006570463284796, 0, 
3.1281723901665917, 0, 5.990354962399713, 0.0, 0, 0, 0.0, 0.028994676770171424, 0.0, 
0.0, 0, 0, 0, 0, 0, 0, 1.037538659258686, 0.0, 
0, 0, 23.550150904613083, 0.0, 0, 0, 0, 3.462494072596907, 0.0, 
0.0, 0, 0.030926045282945108, 0, 0, 0.0, 0.0, 0.0, 0.0, 
0, 0, 2.3215809929847993, 0, 0, 1.909344383523674, 0, 3.4371227396972936, 0.0, 
0, 0, 0.0, 0, 0, 0.0, 0.0, 0.5874596648101752, 0.0, 
0.0, 0, 0.0, 0, 0, 0, 0, 0.6744884872396631, 0, 
0, 0, 0.0, 0, 0, 0, 0.0, 0.0, 0, 
0, 0, 0, 0, 0, 0, 0, 0.6154223685281401, 0, 
0, 0, 5.310819571252075, 0, 0, 0.0, 0, 0.606488064759164, 0.0, 
0, 0, 1.1657751949754207, 0, 0, 0, 0, 0.23894997890925454, 0.0, 
0.0, 0, 0.0, 0, 0, 0.0, 0, 0.0, 0, 
0, 0, 1.0117498519891512, 0, 0, 0, 0, 0.0, 0.03181707701252501, 
0, 0, 9.836903600808764, 0, 0.0, 0, 0.0, 3.735763318464494, 0.0, 
0, 0, 0.0, 0, 0, 0.0, 0, 0.38940328412344893, 0.0, 
0.0, 0, 1.4023824301600714, 0.0, 0, 4.641592427208039, 0, 0.8420106709218067, 0.2099260827142686, 
0, 2.8391486354768194, 24.093707212171886, 0.05937789733440724, 0.0, 0, 0.0, 1.7013333384896279, 0, 
0, 0.0, 0.0, 0, 0, 1.0082266900024948, 0, 0.0, 0, 
0, 0, 0.0, 0, 0, 0.0, 0.0, 0.18919006466128463, 0.0, 
0.0, 0, 0, 0.0, 0, 1.460450999346028, 0, 0.0, 0.0, 
0, 0, 3.852755614876134, 0, 0, 0.0, 0, 0.859766201407776, 0, 
0, 0, 0, 0, 0, 0, 0, 0.3813723828956721, 0.0, 
0.0, 0.0, 0, 4.793246757422982, 0, 5.057444373398081, 0, 0.4551699866435375, 0, 
0, 0, 0, 0, 0, 0, 0, 0.0, 0.0, 
0, 0, 0, 0.0, 0, 2.234267333519856, 0, 0.578608301809032, 0, 
0, 0, 0.0, 0, 0, 0.0, 0, 0, 0.0, 
0.0, 2.4127151880438475, 0, 0, 0.0, 0, 0, 0.4966546620916428, 0.0, 
0, 0, 1.158374283843819, 0, 0, 3.0753918608832684, 1.7388016544517026, 2.6586102290779534, 0.0, 
0.0, 0, 0, 0, 0, 0, 0.0011634262872615153, 0.8260559945436611, 0.0, 
0, 0, 0.0, 0.0, 0, 0, 0, 0.3091719083210398, 0.0, 
0, 0, 2.3025867154850292, 2.954342250689785, 0, 0.0, 0, 0.0, 0, 
0, 0, 5.675768312948456, 0.0, 0, 0, 0, 0.18160539579712331, 0, 
0.0, 0, 8.028927170798273, 0.0, 0, 0, 0, 0.865751606520139, 0.0, 
0.0, 0, 0, 1.3344307344441617, 0, 0.0, 0, 0.2609557661501336, 0.0, 
0.0, 0, 0.0, 1.0542341799056256, 0, 0, 0.0, 0.3094012372035415, 0.0, 
0, 0, 1.7029608071405242, 5.970324772377823, 5.890346656095456, 6.383598992334235, 0.0, 0.0, 0.0, 
0, 0, 3.668366822160662, 1.825229925063999, 0, 0.0, 1.7908878209309829, 1.3644585764245714, 0, 
0.0, 0, 0, 0, 0, 0.0, 0, 0.5162043766203128, 0.0, 
0, 0, 4.110085766589202, 1.5203043538774592, 0.0, 0, 0, 0.996166309864079, 0.0, 
0, 0, 0.2630346630865965, 3.902785937363036, 0, 0.13427319547848704, 0.5090077721859911, 0, 0.16123046801703608, 
0, 0, 0, 0.0, 0, 0.0, 2.524758446801558, 2.9523584191146632, 0.0, 
0, 0, 6.2232920217557375, 0, 0, 0.0, 0, 2.492635644834723, 0.0, 
0, 0, 0.0, 1.1695908283781373, 0, 0, 1.137210230732256, 0.9201829671178452, 0.1402460914694812, 
0, 0, 0, 0.0, 0, 0.0, 0, 0.8366111613018434, 0, 
0.0, 0, 0, 0.0, 0, 3.4055230745197775, 0, 1.533216539193093, 0, 
0, 0, 0, 0, 0, 0.0, 0.36399890786346667, 2.858026510335958, 0.0, 
0, 0, 0, 0.0, 0, 0, 0, 0.0, 0.0, 
0, 0, 0.0, 0.0, 0, 2.701030274752801, 2.170827810996278, 1.0431508800294562, 0.0, 
0.0, 0, 9.904659974324774, 0, 0, 0, 0, 1.3560366560714359, 0.0, 
0, 0, 0.0, 0, 0, 0.0, 0, 1.1567320597151785, 0.0, 
0, 0, 0.0, 0, 0, 0, 0.64006703311163, 0.8538360457546329, 0.0, 
0, 0.0, 13.781704613355243, 0, 0, 0, 1.7915109066650032, 0.834115323258314, 0.0, 
0.0, 0, 0.0, 0.0, 0, 0, 0, 0.33302430083714035, 0.0, 
0, 0.0, 5.636721339877301, 0.0, 0, 1.1205175849617293, 0, 0.11163846749921369, 0.0, 
0.5271650635993694, 0, 0.0, 0, 0, 0, 0.0, 0.8280982530042067, 0.0, 
0, 0, 0, 0, 0, 1.3652986098326563, 0.0, 0.0, 0.0, 
0.0, 0, 0, 0.0, 0, 2.939406430036703, 0, 0.0, 0, 
0.16830215540919014, 0, 4.372029688882588, 0, 0.0, 0.0, 0.0, 0.7029988453114431, 0, 
0.0, 0, 0, 2.4416117137622884, 0, 0.0, 0.9756008532669451, 6.071837614005639, 0.0, 
0, 0, 0, 0.0, 0, 0.0, 0, 2.001734059553359, 0.0, 
0, 0, 0.3025497657397622, 0.0, 0, 0, 0, 0.7817282668816627, 0.0, 
0, 0.0, 0, 0, 0, 0.7221849605484856, 0, 0.5813816626472699, 0.0, 
0, 0, 0, 0.0, 0, 0, 1.8791796836894328, 2.081629099492274, 0, 
6.326019307978294, 0, 19.646496922710554, 0, 0, 0, 2.0188030708544815, 0.6282043325399002, 0.0, 
0, 0, 0.05625611263445052, 2.793082846069572, 2.4068361059947128, 9.874972788938546, 1.1062198606024802, 3.3138968248589307, 0.0, 
0.0, 0, 1.4582475195671567, 0.0, 0, 0.0, 0.0, 0.0, 0.0, 
0, 0, 0.0, 0, 0, 0.0, 0, 2.3898255413822014, 0, 
0, 0, 0.0, 0, 0, 0.0, 0.0, 0.4919737943307248, 0.20184478041980425, 
0, 0, 0, 0, 0, 2.0673659758816867, 2.947359913082254, 1.1377144130638708, 0, 
0.0, 0, 1.0522934843884286, 0, 0, 0.0, 0, 0.0, 0.0, 
0, 0, 0, 0, 0.0, 0, 0, 0.0, 0, 
0, 0, 0.0, 0, 0, 0, 0, 0.5577486475732852, 0.0, 
0, 0, 0.0, 3.9977126209493026, 0, 1.4947483309157512, 0.0, 0.3704355035447615, 0, 
0, 0, 0.0, 0, 0, 0.0, 0.0, 2.819024390378993, 0.0, 
0, 0.0, 5.43267781758048, 0.0, 0, 0.0, 0.0, 0, 0.0, 
0.0, 0, 0.0, 2.1965269606292424, 0, 0, 0.2708716653822534, 0.4718613175677593, 0.0, 
0, 0, 2.396545446619831, 0, 0, 0.0, 0.0, 2.7127367485507587, 0, 
0.0, 0, 0, 0, 0, 0, 0.4827936884524515, 2.674077280186865, 0.0, 
0, 0, 1.0756544857048145, 0, 0, 0, 0, 0.6934516397508771, 0.0, 
0, 0, 0.0, 0, 0, 0, 0, 1.3067383583027294, 0.0, 
0.0, 0, 1.2396973082241622, 0, 0, 0, 1.0447180238003728, 2.67153902533551, 0, 
0, 0, 0.0, 0.0, 0, 0.0, 1.5714244121818695, 1.5811085843249209, 0.0, 
0.0, 0, 0.0, 0, 0, 0.0, 0, 0.7279716456118873, 0.0, 
0, 0, 0.0, 0, 0.0, 0, 0, 2.7178180728502426, 0, 
0, 0, 0, 0.0, 0, 0, 0.0, 0.0, 0.0, 
0, 0, 2.1648291862445626, 0, 0, 0.0, 1.8813598659077204, 6.49342098858366, 0.16991938667272422, 
0, 0, 5.214734319947019, 0, 0.0, 0, 0.0, 0.0, 0, 
0, 0, 0.0, 0, 0, 2.431887573255565, 0, 0.0, 0.0, 
0, 0, 0, 0, 0, 0.0, 0, 1.0486446285047468, 0.0, 
0, 0, 0.0, 0, 0, 5.66293377420367, 1.3069955985857016, 6.012252541364427, 0.0, 
13.461579320256282, 0, 4.98633207698649, 3.1734574885364655, 0, 0.0, 0, 0.0, 0.0052623492681750745, 
0, 0.0, 0, 0, 0.0, 0.0, 0, 0.05207365583690837, 0.0, 
0, 0.0, 0.0, 1.0268605603547343, 0, 1.8945192641679203, 0, 0.30466462382593207, 0, 
0.0, 0, 5.959469557650214, 0, 0, 0, 0.08401699999746004, 0.32293583030855544, 0.0, 
0, 0.0, 5.628054511061373, 0, 0.3107675660189062, 0, 0, 0.3327397796346263, 0.0, 
0, 0, 0.0, 0.0, 0, 0.0, 1.3981361505913572, 3.496864148325073, 0.0, 
0, 0, 0.8298829801168974, 0, 0, 0.0, 0, 0.7064544522945635, 0.0, 
0, 0, 12.13104408607258, 0, 0, 0.0, 1.0054553331888574, 0.9790902255812837, 0, 
0.17031459814763217, 0, 0.0665148247637859, 0, 0, 0, 0.0, 0.0, 0.0, 
0, 0, 0, 0.0, 0, 0.0, 2.099997215223098, 0.6222029225483641, 0, 
0, 0, 6.179905738649833, 0.0, 0, 0, 1.0613777716533672, 0.0, 0.0, 
0.0, 0, 0.0, 2.3708095415741397, 0, 0.0, 0.6286597988193399, 0.942840406085025, 0.0, 
0.0, 0, 0.0, 0, 0, 0, 0, 0.6393943968965166, 0.0, 
0, 1.0776354860569075, 3.2538025201292076, 0.0, 3.9425483206227345, 1.159838631719043, 0, 1.9788675533066882, 0.0, 
0, 0, 0.5759986711218819, 0.0, 0, 0, 0.0, 1.5819892320279427, 0, 
0.0, 0, 0.0, 0, 0.0, 1.0948895756985753, 0.0, 0.0, 0, 
0, 0, 0, 4.206448598110302, 0, 0.7317213914032448, 0.0, 1.311931346231394, 0.0, 
0.0, 0.0, 0, 4.312178447938788, 0, 0.7883796586933203, 0.0, 0.0, 0, 
0, 0, 0.0, 0, 0, 0.0, 0.0, 0.0, 0, 
0, 0, 0, 0.0, 0, 0.0, 0, 0.5826411563869897, 0.0, 
0, 0, 11.810222205244074, 0, 0, 0, 0.669091488603037, 0.24648885284838093, 0.2494858582951244, 
0, 0, 0, 0, 0, 0.0, 0.618522574673336, 0.0, 0, 
0, 0, 0, 0, 0, 0.0, 0.0, 0, 0.08036144500782472, 
0, 0, 1.5795634323407484, 0, 0, 0.0, 0.45422397907707435, 0.23535606270439846, 0.0, 
0, 0, 3.09304140438884, 0, 0, 0.0, 0.0, 1.9432092575415674, 0, 
0, 0, 2.0779957293319713, 0.0, 0, 1.6727270874528788, 0, 1.1600614589308162, 0.0, 
0, 0, 1.3579815426724693, 0, 0.0, 0.9365556741906325, 0, 0.49696498863884353, 0, 
0, 0, 0, 0, 0, 0, 2.5591535509176033, 4.116907472481391, 0.0, 
3.222980351510838, 0, 3.1950475603246544, 0, 0.0, 0, 0.8437694092531256, 0.0, 0.0, 
0, 12.556524726994489, 4.724861474619768, 0, 0, 0.0, 0, 0.552615303023145, 0.2059221854025559, 
0, 0, 0.0, 0.0, 0, 0, 0, 2.096431175856484, 0.0, 
0, 0, 0.0, 1.9405951215994257, 0.0, 0.0, 0.5399914266685771, 0.297995926886117, 0, 
0.0, 0, 0, 0.01054091370374799, 0, 4.835282901636784, 0, 0.42357938934947337, 0, 
2.9542780779301605, 8.24836644009494, 19.17473897221475, 0.0, 0, 0, 0.0, 0.8102816621477578, 0, 
0, 0, 0.0, 0, 0, 0, 0, 4.819247897695385, 0.0, 
0, 0, 0, 0, 0, 0, 0.0, 0.0, 0, 
0, 0, 0, 0.0, 0, 0, 0, 0.0, 0.0, 
0, 0, 0.0, 0.0, 0.0, 0, 0.0, 0.4336352341642099, 0.0, 
0, 0, 0.0, 0, 3.3512655940696336, 0.5895763232966251, 0, 0.0, 0.0, 
0, 0, 10.181433815978115, 0, 0, 1.6939897422523407, 0, 1.3069588659259128, 0, 
0, 0, 0, 0, 0, 0, 2.421349418561068, 0.0, 0.0, 
0, 0, 0, 1.375183485327708, 0, 5.642579271309851, 0, 0.0, 0.0, 
0, 0, 0.0, 0.0, 0, 1.4592163050056604, 0, 2.182061816979326, 0.0, 
0, 0, 7.337228485772533, 0, 0, 0.0, 0, 1.0472246796418718, 0.0, 
0, 0, 0.0, 0, 0, 0, 2.502912153546724, 1.3628613551769588, 0, 
0, 0, 0.0, 0.0, 3.74217036418567, 0.19269545332288018, 0.0, 1.1694635081939626, 0, 
0, 0, 7.706215848291597, 0, 0.0, 12.528591521841179, 0, 0.10132060596701287, 0, 
0, 0.0, 20.323880478393626, 0, 0.0, 1.4780295085042932, 0.0, 0.0, 0.0, 
0.0, 0, 0.0, 0, 0, 0, 0.0, 0.7951082943441938, 0.4722984380081927, 
0.0020993985206931853, 0, 0.7008742766873866, 0, 0, 0, 0, 1.4486694842210115, 0, 
0, 0, 0, 0.0, 0, 2.1773620057047944, 0, 0.820642966381623, 0, 
0.0, 0, 0.0, 0.0, 0, 0, 0.0, 0.8260980180451862, 0.0, 
0.0, 0, 0.0, 0, 0, 1.9200204889149353, 0, 0.25819837030777276, 0.0, 
0.0, 0, 8.923832830618425, 0.9822120099963207, 0, 0, 0.11259011286312948, 9.366167620977665, 0.0, 
0.0, 0.0, 17.623938897986033, 0, 0, 0.0, 0, 0.0, 0, 
0, 0, 6.095993562070081, 0.6917028465556063, 0, 0, 0.0, 1.43407723955158, 0, 
0, 2.8924084419675706, 0, 5.483973556325095, 0, 0.0, 0, 0.01765728000781645, 0.0, 
0.0, 0, 8.604904015877397, 0, 0, 0, 0, 0.17991371183749946, 0.0, 
0, 0, 2.2371826058855055, 0, 0, 0.08401208523400783, 0, 1.3114842294758222, 0.0, 
0, 0, 6.7548458880146995, 0, 0, 0.0, 0, 0.5983656172472775, 0.0, 
0, 0, 1.2294692572689083, 0, 0, 13.129231461276254, 0.0, 0, 0.13090621850245046, 
0, 0, 2.790040338581708, 4.9408154354857885, 0, 2.003178396996601, 0, 0.0, 0.0, 
0, 0, 15.663558175172087, 0, 0.6627134921006528, 0.0, 0, 0.5360350688095998, 0.0, 
0.0, 0, 0.0, 2.9095340744608222, 0, 2.6454323532041784, 1.43450982383069, 0.3947166512526721, 0.0, 
0, 0, 4.070976820314262, 0.0, 0, 0, 0, 0.12261535649291488, 0.0, 
0, 0.0, 0.0, 0.0, 0, 0, 0, 0.31248241597461357, 0, 
5.531527791039185, 0, 3.0229753370190195, 0.0, 0, 0, 1.8506052927552537, 2.521657667106878, 0.0, 
0, 0, 4.9079593712956395, 0, 0, 0, 0.0, 1.227279651650087, 0.23189675038570456, 
0, 0, 17.802975797356506, 0.0, 0, 0, 1.6587366294746628, 3.3149463719317636, 0.0, 
0.0, 0, 2.0348163670244572, 0, 0, 0.0, 0, 0.41196919300374313, 0, 
0, 0, 1.027334676879736, 0, 0.0, 0.9627277002486725, 0.0, 3.3627238239035813, 0, 
0.0, 0, 0.0, 1.8040489554504529, 0, 7.995304074497665, 0, 2.698369746964489, 0.0, 
0.0, 0, 0.7478506983916015, 0, 0, 0, 0.0, 1.2071182657193704, 0.0, 
2.9477735262545366, 0, 14.864662500261101, 0.0, 0, 2.431693245045274, 0, 0.0, 0, 
0.0, 0, 0.29653214839948294, 0.0, 0, 11.679679351622568, 0, 0.0, 0.0, 
0.0, 0, 0.0, 0.0, 0, 3.4711977230732565, 0, 0, 0.0, 
0, 0, 0, 0, 0, 0, 0.4992418023234908, 1.387908981295554, 0, 
0, 0, 9.763292539021117, 0, 0, 0.0, 0, 0.9034191759069863, 0, 
0, 0, 0.0, 0.0, 0, 11.701581537358285, 0, 0.0, 0.0, 
0, 0, 0.0, 0.0, 0, 0.0, 0.4525774611120328, 0.0, 0, 
0, 0, 5.218560532194245, 0, 0, 0.0, 0.0, 1.5217482627984253, 0.0, 
0, 0, 2.700990479840494, 0.0, 0, 3.9269529502525593, 0, 0.41207652778864423, 0, 
0, 0, 0, 0, 0, 0, 2.221937806257732, 5.706988486564749, 0.0, 
0.28620531528333615, 0, 2.9347176730365483, 0.0, 0, 0, 0.25595653401813756, 1.9809055033765541, 0.12547434282253, 
0, 0, 0, 2.0397033748070017, 0, 0.0, 1.5006790700984354, 0.4969222370741993, 0.0, 
0, 0, 0, 0.0, 0, 0, 0.0, 0.6165522430031434, 0, 
0, 0, 3.648090270029922, 0.0, 0, 2.066426028399947, 0.3822226122475847, 3.788735337675307, 0, 
0.0, 0, 0.3138178727544201, 0.0, 0, 1.8353525181750676, 0.0, 4.412385705819529, 0, 
0, 0, 0.0, 2.8168801916304123, 0, 2.472750400806625, 0, 0.5073644964368329, 0, 
0, 0, 0, 0, 0, 0.0, 0.0, 0.3122133560775036, 0.0, 
0, 0, 5.67223682707859, 8.862728312184348, 0, 0, 1.0059538735689824, 1.9949463049546827, 0.0, 
0, 0, 0, 0, 0, 0.0, 0.0, 0.7997447028769488, 0.0, 
0.0, 0, 0.0, 0.0, 0, 0, 0, 0.0, 0, 
0.0, 0.0, 0, 0.0, 0, 1.7433315124036923, 0, 1.058898308896358, 0.0, 
1.018955581959304, 0, 12.924363674078606, 5.208099931856319, 0, 10.090082896803132, 0, 0.09074999746149359, 0, 
0, 0, 0.9619589943067588, 0.0, 2.384549493240776, 14.9098133904131, 0.0, 0, 0, 
0, 0, 0, 0.0, 2.346359403802083, 0, 0, 1.2314001577310065, 0.0, 
0, 0, 2.229087521981069, 0, 0, 0.0, 0, 4.856997825089356, 0, 
0.11284523618187237, 0, 4.69708874398841, 0, 2.704377573569582, 7.931959557106312, 0, 0.6794147539395397, 0.0, 
0, 0, 2.653787397343446, 0, 0, 0.5206335920384504, 0, 0.0, 0.0, 
22.409265351933293, 0, 13.806657503878329, 0, 0, 2.673819227757356, 0, 0.0, 0.0, 
0, 0, 0.0, 0, 0, 0.0, 0.0, 0.0, 0.0, 
0.0, 0, 0.0, 0.5868557353839785, 0, 0.0, 1.5024681502411745, 0.477267713030455, 0.0, 
0, 0, 12.612930645400427, 0, 0, 0, 1.3000514002640493, 24.268147959373017, 0.0, 
2.4042269604871045, 0, 0.0, 0, 0, 0.14952471986173688, 0, 0.7442804133480058, 0.0, 
0, 0, 6.605291643976886, 5.007211552960521, 0, 0.0, 0, 0.0, 0.0, 
0, 0.0, 0.0, 0.0, 0, 0, 0.0, 0.0, 0.0, 
0, 0, 0, 0, 0, 0.5503284884535287, 0.0, 1.4132244179163451, 0.1850551959995761, 
0, 0, 14.13451447921717, 0, 0, 0.0, 0, 0.18449485428410384, 0.0, 
0, 0.7243173596555437, 3.2703679223142177, 3.0514132542643075, 0, 1.2777130076682877, 1.1981222734408048, 1.137405855284026, 0.0, 
0, 0, 0.7508805254330895, 0, 0, 0, 0, 0.19572061684907993, 0.0, 
0.0, 0, 0.0, 0, 0, 0.0, 0, 1.002752798159093, 0.5684026247522596, 
0, 0, 0, 0.0, 0, 0, 1.0972592364361136, 1.3142029888562041, 0.0, 
0, 0, 8.318115153815446, 0, 0, 1.7374807651979562, 0, 0.49638384732874696, 0.0, 
0.5517905025711034, 2.586658977688881, 4.118811846785327, 0.0, 0, 0, 0, 0.0, 0, 
1.2295122066762616, 0, 6.5622292183941315, 0.0, 0, 0, 0.0, 0.34851971439592483, 0, 
0, 0, 5.186477785353545, 3.8006388846796426, 0, 4.353447301414789, 0, 1.7094522020999985, 0.0, 
0, 0, 0, 0, 0, 3.575996610585069, 0, 3.649639291780615, 0.0, 
0.0, 0, 0.0, 0, 0, 0.0, 0, 1.8607934971433486, 0.0, 
0, 0, 0, 0, 0, 0, 0, 0.584252400465922, 0.0, 
0, 0, 0.0, 0, 0, 0.0, 0, 0.0, 0, 
0, 0, 0, 0.0, 0, 1.8204529596526875, 0, 0, 0, 
0, 0, 18.83977433304062, 0, 0, 0.0, 1.520643723984631, 1.9874801478919084, 0.0, 
0, 0, 7.774091080559784, 1.838516595805813, 0.0, 0, 0, 1.0536082522409265, 0.0, 
0, 0, 0, 0, 2.5092649629093424, 0.0, 0.41665667248196137, 0.6326903413607156, 0.0, 
0.4202541410201963, 0, 0.8892443512222421, 0, 0, 0.5426089709628235, 0, 0, 0.0, 
0.2767796117807215, 0, 4.305278488559794, 0, 0, 1.2801271730961474, 0.0, 1.1320164983703274, 0.0, 
0.0, 0, 0, 0, 0, 0, 0, 0.0, 0, 
0, 1.528449173074641, 0, 0, 0, 0.0, 0.0, 2.5530143688491562, 0.0, 
0, 1.4198630444649112, 5.849838400202669, 8.07055513992003, 0, 4.186462541569838, 0.0, 0.625563433066158, 0.0, 
0, 0, 6.799466732894873, 0, 0, 0.0, 0, 0.0, 0.0, 
0.0, 0, 0.0, 0.0, 0, 0, 0.0, 2.7658321572841125, 0, 
0, 0.0, 4.569150207322112, 0, 0, 1.5384979188647963, 0, 0.7000634809588697, 0.0, 
0.0, 0, 0.7119788771656997, 0, 0, 0, 0, 0.0, 0, 
0, 0, 0.607763975351031, 0, 0, 0.0, 0.0, 0.0, 0.0, 
0, 0, 0.0, 0, 0, 0, 0, 0.8117036555128241, 0.0, 
0, 0, 3.256792679139694, 0, 0, 0.0, 1.0645062107668046, 2.2875309586758625, 0.0, 
0, 0, 0, 0.0, 0, 5.615421289865095, 0, 0.9051969175485446, 0.0, 
0, 0, 0, 0.0, 0, 0, 0, 0.6249425641445989, 0.0, 
0, 0.0, 0.0, 1.405875160332176, 0, 0.0, 0, 4.488467719062466, 0.0, 
0, 0.0, 13.11615348641999, 0, 3.6510048303355482, 1.0765271809998178, 0, 0.0, 0.020117196745655087, 
0, 0, 1.0087805952392914, 0.0, 0, 0, 0, 2.3543285428599434, 0, 
0, 0, 6.3188544759641925, 0.9019359297048508, 0, 0, 0, 0.0, 0.0, 
0, 0, 13.12815001233875, 0, 0, 0, 0, 0.8654803977651664, 0.0, 
0, 0, 24.979476740427916, 4.870813209896358, 1.8606314084970847, 0, 0, 2.4912998183568322, 0.0, 
0.0, 0, 0, 0.0, 0, 0.0, 0, 0.0, 0, 
0, 0.0, 0.0, 9.536299811547888, 0, 0.0, 0.0, 0.0, 0.0, 
0, 0, 0, 0, 0, 0.010593184765088637, 0, 2.1267758183141865, 0.0, 
0.0, 0, 4.167734823367789, 0.9952774878145902, 0, 0, 0.7358975247130495, 3.606908873146133, 0, 
0, 0, 5.667585704325445, 3.53635759862955, 0, 4.366145915344143, 0.11513579585220945, 2.425491917682802, 0.0, 
0, 0, 7.641054584963221, 0, 0, 0.0, 0, 0.0, 0, 
0, 0, 0.0, 0.0, 0, 9.565628564203827, 0, 0.4944382931719067, 0, 
1.7076198542203933, 0, 10.403877118462505, 0, 0.0, 0.0, 0, 0.6759816716181956, 0.0, 
0, 0, 8.836262417682498, 0, 0, 0.0, 0.0, 0.6413591874638009, 0.0, 
0, 0.0, 0, 0, 0, 0.9927937402046387, 0.0, 0, 0.0, 
0, 0.0, 0.0, 0, 0, 0, 0.0, 0.10356807009857327, 0.0, 
0, 0.0, 0, 0.0, 0, 0, 0, 1.3491099406784979, 0.0, 
0, 0.0, 0, 0, 0, 0, 0, 0.0, 0.0, 
0, 0, 5.7036500102571495, 0, 0, 0, 0.44159097805409786, 4.896160315829106, 0.0, 
0, 0, 0.0, 1.2168226302310092, 0, 2.9803036465893538, 0, 1.4363805380336125, 0.0, 
0, 0.0, 0.0, 0.0, 0, 0, 2.2876828045549544, 2.5981915805678026, 0, 
0, 0, 18.00035469109541, 0.0, 0, 1.007749679755922, 0, 0.0, 0.0, 
0, 0, 3.4996032975018636, 0, 0, 1.0318398309382024, 0, 2.131695569144181, 0, 
0, 0, 2.073178149615553, 0, 0, 0.0, 0, 0.7219645687004471, 0, 
0, 0, 0.08696980318663942, 0, 0, 0.0, 0, 0.39407873170528224, 0.0, 
0, 0, 0, 0, 0, 0.0, 0, 0.02267891392307675, 0.0, 
0, 0.39995386907378006, 4.380798777635398, 0, 0, 1.248486014941303, 0.22967103208216244, 7.162044220499507, 0.0, 
0, 0, 2.5984213024191236, 0, 0, 0.0, 0, 0.20793063531327505, 0, 
0, 0, 0, 4.1238867122128235, 0, 0.0, 0, 0, 0.0, 
0, 0, 0.1665500387573715, 4.55575698644274, 0, 0, 0, 0.26476296592844495, 0.0, 
0.0, 0, 0.0, 2.5079023896161416, 4.96659717821132, 7.395980408426684, 0, 0.0, 0, 
0, 0, 0.0, 0, 0, 0, 0, 0.0, 0.0, 
0, 0, 0, 4.54907410819947, 0, 1.2824433323159081, 0, 0.0, 0, 
0.0, 0.0, 0, 0, 0, 0.0, 0, 0.0, 0.0, 
0, 0, 2.453855444330376, 0, 0, 0.0, 0, 0.0, 0, 
4.674838770287369, 0, 7.779942307591606, 0, 0, 0, 0, 1.3931257458033124, 0.0, 
0, 0, 0.0, 0.0, 0, 0, 2.025707177280683, 0.3075723953736873, 0.0, 
0, 0, 2.405909690455049, 0.0, 4.4755508852718355, 2.4416884163993444, 0, 0.0, 0.0, 
0.0, 0, 0, 0, 0, 0.0, 0, 2.3879419653066924, 0, 
0, 0, 0.0, 0, 0, 0, 0, 0, 0.0, 
0, 0, 0.12548753283310532, 0.0, 0, 0.2890388145343654, 0, 0.3661055937801647, 0, 
0, 0, 0.0, 5.6935207407889745, 0, 0, 0, 0.0, 0.0, 
0, 0.0, 0.0, 0, 0.0, 0, 0, 0.10266907737066451, 0.0, 
0, 0.0, 4.320500919547598, 0, 0, 0, 0, 1.4796605902417523, 0, 
0.0, 0, 1.3613784906699742, 0, 0, 0.0, 0, 2.394329439702826, 0.0, 
0, 0, 0, 0, 0, 0.0, 0, 0, 0.0, 
0, 0, 1.369635767744768, 0, 0, 0.0, 0, 0, 0.0, 
0.0, 0, 6.6778357802869595, 2.6100831228939363, 0, 1.2340940930886628, 0.0, 0.0, 0.0, 
0.0, 0, 6.9742038303057505, 0.0, 0, 2.6834972251049245, 0, 0.0, 0.0, 
1.9169955950957487, 0, 0.0, 0, 0, 0.0, 0, 0.1530703451104035, 0.0, 
2.6951466488371203, 0, 0, 0, 0, 0.0, 0, 0.0, 0, 
0, 0, 0, 5.6504409962601745, 0, 7.098976735014972, 0, 0.0, 0.0, 
2.117894471392489, 0, 13.752027198079482, 0, 0, 0, 0, 0, 0.0, 
0, 0, 3.7904385719401006, 9.805894660573522, 0, 0, 0.0, 0, 0, 
0, 0, 0.0, 1.7678625814027233, 0, 10.380948430679156, 0, 0.0, 0, 
0, 0.0, 0.0, 0, 0, 0, 0, 0.1187211422609038, 0, 
0.0, 0, 0, 0.0, 0, 0, 0, 1.0591820747421288, 0.0, 
0, 0, 0.0, 0, 0, 0, 0, 1.443361275453394, 0, 
0, 0, 0.0, 0, 0, 0.0, 2.2034543906077033, 1.8010400443263923, 0.0, 
0.0, 0, 1.2551349582037759, 0, 0, 6.230672774516, 4.862845975170558, 0.8726778318944801, 0.0, 
0, 0.0, 0, 2.0517400236202725, 0, 0, 0, 0.7529832547478188, 0.0, 
0.0, 0, 0.0, 0.0, 0, 0, 0.49476841646096226, 1.7036031216162353, 0.0, 
0, 0, 1.5448316857299496, 0.0, 0.0, 0, 0.27759646413557515, 1.658347885649576, 0.0, 
0, 0, 0.0, 0.0, 0, 0, 0, 0.5246664104263689, 0, 
0, 0, 8.545825192837505, 0, 0, 8.223829518188403, 0, 0.0, 0.03393980330513487, 
0, 0, 0.0, 0, 0, 0.3068898867075509, 0, 0.0, 0.0, 
0, 0, 0.0, 0, 0, 0, 0, 0.8495477507834241, 0.0, 
0, 0, 0, 0.0, 0.0, 0, 0.0, 0.0, 0, 
0, 0, 7.413893867343403, 0, 0, 0, 0.0, 1.5556864286773475, 0.0, 
0, 0, 0.976316212905946, 5.1437835051227285, 0, 0.0, 0, 0.0, 0.0, 
0.0, 0, 10.248135018323131, 0, 0, 0, 0, 0.8900909034750079, 0, 
11.003346036910722, 6.522447159916643, 8.323221516681267, 0, 0, 0, 1.2526859927822334, 3.341661366315074, 0.0, 
0.6960594249241687, 0, 0, 0, 0.0, 0, 0, 0.2578189419721008, 0.0, 
0.0, 0, 1.0506451930162086, 0, 0, 0, 0, 0.6052979117785171, 0, 
0, 0, 0, 0, 0, 0.8379147166673571, 0.0, 0.0, 0, 
0, 0, 0, 0.0, 0, 0, 0.0, 0.0, 0.0, 
0, 0.0, 0, 0.0, 0, 0, 1.3937422973745672, 5.88404617843652, 0, 
0, 0, 0.0, 0, 0, 0.0, 0, 0.0, 0, 
0, 0, 1.9665909570384974, 0, 0, 0, 0, 0.7575446134707249, 0.0, 
0, 0, 0.0, 0, 0, 0, 0.0, 0.7940859819368695, 0, 
0, 0, 0.0, 0.0, 0, 0, 1.0899555020224803, 1.108936698459494, 0, 
8.48455833839775, 0, 5.4024191888733055, 0, 0, 0, 1.5809340595039085, 4.061025277727965, 0.0, 
0.0, 0, 2.138340846915324, 0, 0.0, 1.9852769925519969, 0, 0.36817859863588787, 0.0, 
2.5240793809387903, 1.062744046130673, 0.0, 0.0, 0, 0, 1.5540591542206332, 0.43530355623895556, 0.0, 
0.0, 0, 6.232537030994232, 0.0, 0, 0, 0.0, 0.002287621967810516, 0.0, 
0, 0.0, 4.5467682473847315, 0.0, 0.0, 0, 0, 0.0, 0.0, 
0, 0.0, 0.0, 0, 0, 0, 0, 1.3676527458074923, 0.0, 
0, 0, 0.0, 0, 0, 0.0, 0.0, 0, 0, 
0.0, 0, 0, 0.0, 0, 0.0, 0.0, 0.0, 0, 
0, 0.0, 0, 0, 0, 0.0, 0, 5.1362130830647805, 0.0, 
0, 0, 3.0885352803392006, 0, 0, 1.1788515581235046, 0.8499674352942872, 0.5554188524828341, 0, 
0, 0, 0.0, 0, 0, 0, 0.7784952921160659, 0.5722325150013904, 0, 
0, 0, 0, 2.8899718172342235, 0, 11.286896730465969, 0, 0.0, 0.0, 
0, 0, 0.4947671248170664, 0, 0, 0, 0.0, 0.28406519787071094, 0, 
0.0, 0, 4.479921773394352, 0, 0, 0.0, 0.0, 1.6372235343763535, 0, 
0, 0.0, 0.27308329016386956, 0, 0.0, 0, 0, 0.0, 0, 
0.0, 0, 0.0, 0, 0, 0.0, 0, 0.022515324565688683, 0.0, 
0, 0, 0, 0, 0, 0.0, 0, 0.0, 0, 
0, 0, 0.18089705164710423, 0.0, 3.9681782124088816, 0.08961331417949836, 0, 0.09873755866779384, 0.0, 
0, 0, 1.8722860361877984, 0, 0, 0.0, 0, 1.6042217536848167, 0.0, 
0, 0, 0.0, 0, 0, 1.6574321235582736, 0.5846067774734207, 5.184149838220024, 0.0, 
0, 0, 0.0, 0, 0.9383300212564851, 0, 0, 1.053162698040788, 0.0, 
0, 0, 0.0, 0, 0, 0, 1.519886560802684, 0.0, 0.0, 
0, 0, 0.3533041743359142, 0.0, 4.182138334962364, 2.479090710353206, 0, 2.1890037834356844, 0.0, 
0, 0, 0, 0, 0, 0.14339014382435522, 0, 0.28487552088563756, 0.0, 
0, 0, 0, 0.27514507916174225, 0, 0.9343338244969415, 0, 2.5131387069098654, 0.0, 
0, 2.026863829147672, 0.5033834604492888, 0, 0, 0.0, 0, 0.7511887569321463, 0.0, 
0, 0, 0.0, 0, 0, 0, 0.7407422671421353, 5.743609934779841, 0, 
0.0, 0, 0.0, 0, 0, 0.0, 0, 0.5942644044472759, 0.07453801617893357, 
0, 0, 0.0, 0, 0, 0.9795762866909028, 0, 1.6076752071437816, 0, 
0, 3.2050046477685736, 13.292393131538851, 0, 0, 0, 0, 0.15224175076244637, 0.0, 
3.324475938702026, 0, 0, 0.0, 0, 0, 0, 0.0, 0.0, 
0, 0.0, 0, 6.196658810356119, 0, 0.0, 0, 0.0, 0.0, 
0, 0, 0.0, 0, 0, 1.5529156543321463, 1.2898325699842519, 4.820632332536282, 0, 
0.0, 0, 0.00296406625517065, 2.4056549680488146, 0, 15.906390268653556, 0, 0.0, 0.0, 
0, 0, 3.867755235719188, 0.0, 0, 0, 0, 0.514694270550546, 0.0, 
0.0, 0, 0.0, 0.0, 0, 0, 0, 0.0, 0, 
0, 0, 0.0, 0, 0, 0.0, 0, 0.4608289836913253, 0.38693819324966783, 
0.0, 0.0, 0, 0.0, 0, 0.0, 0.0, 0.0, 0.0, 
0, 0, 0, 0, 0, 0.0, 0, 0.0, 0, 
0, 0, 18.049755012993913, 0, 0, 0, 0, 1.4426662163213446, 0, 
0, 0, 1.2946847131778965, 0, 0.0, 0, 0, 1.6788441015357698, 0.0, 
0, 0, 0.0, 0, 0, 0.32756581832042375, 0, 0.5818638895420677, 0, 
0.0, 0, 12.784312218116712, 0.0, 0, 0, 0, 0.5162650512107092, 0.0, 
0, 0, 0, 1.8757961933460283, 0.0, 7.329546650638679, 0, 0.0, 0, 
0, 0, 11.57075337507983, 0, 0, 1.3533395374981767, 5.692022214194637, 1.14156470689686, 0.0, 
0.0, 0, 15.969440274584162, 1.7798674301180277, 0, 0.0, 0, 0.4416314880640139, 0, 
0, 0, 0.0, 0.0, 0, 0, 0.0, 0.868307135873032, 0, 
0, 0, 0.0, 0.0, 0, 0, 0, 0.8902717702445263, 0.0, 
0, 0, 0.6154344553441895, 0.0, 0, 0.0, 0.3746201996258156, 5.064562251435674, 0, 
1.0567934358130788, 0, 7.73398956331905, 0.0, 0, 0.0, 0.13038001742613936, 2.6573657810100157, 0, 
0, 0.0, 0, 0, 0, 0.0, 0.0, 0.23968262189438683, 0.0, 
0, 0, 10.379533431089767, 0, 0, 0.0, 0, 0.8894584640259093, 0, 
0, 0, 0, 0.5439824907508957, 0, 0.0, 0, 0.4892115943433109, 0.0, 
0, 0, 0.08995531527105172, 2.2289387608953106, 0, 0.0, 0.0, 1.1371956098275802, 0, 
0, 0, 0.0, 0.0, 0, 0.0, 0.40699282114207946, 1.1376075323732777, 0.0, 
0, 0.0, 0, 0.0, 0, 0, 0, 1.3414316199147025, 0, 
0, 0, 6.003488507073956, 0, 0, 0, 0, 0.0, 0, 
0, 0, 0, 0, 0, 0, 0.0, 0, 0, 
0, 0, 3.652902878534595, 0, 0, 0, 0, 0.7682477469670288, 0.0, 
0, 0, 0.0, 3.6817172138849106, 1.5013110144802901, 0, 1.9274007747123707, 12.371774485080614, 0, 
0, 0, 0.0, 1.0324370407171228, 0, 0.0, 0, 0.0, 0.0, 
0, 0, 0.6710054554413869, 0.0, 0, 2.3588550196438582, 0, 0.19243251096784508, 0, 
0, 0, 12.042250859489384, 0.0, 0, 2.438097018136279, 0, 0.5662182579026858, 0, 
0.0, 0, 0, 0.0, 0, 0, 0.0, 4.476098565015694, 0.0, 
0, 0, 0.0, 0, 0, 3.860958134853419, 0, 0.1633352371226362, 0, 
0, 1.757402801445104, 31.904970760309237, 0.17684992809195066, 0, 3.5731391847050635, 0.06650436136161098, 0.1047569003927924, 0, 
0.0, 0, 0, 0, 0, 0.0, 0, 1.841174166904466, 0.0, 
0, 0, 0.0, 0.0, 0, 0, 0, 0.0, 0.5771991242502322, 
0, 0, 0.26066915546023495, 1.6426062392540683, 0, 0, 0, 0.0, 0, 
0.9891945010541008, 0, 2.239365092271777, 0, 0, 5.273078561609784, 0, 0.42866122967545905, 0.0, 
4.096918346472947, 0, 35.986194533849776, 0, 0, 0.0, 0, 0.16149460335552268, 0, 
0, 0, 0.0, 0.0, 0, 0.0, 0, 0.0, 0.0, 
0, 0, 0.0, 0.0, 0, 0.3162541028490047, 0.0, 0.1950897934303497, 0.0, 
0, 6.507937443437356, 1.0116259134870758, 0, 0, 0, 1.1732909945478207, 3.98482061036909, 0, 
0, 0, 0.44404745824333247, 0, 0, 0, 0.0, 2.942711468465905, 0.5227486864362101, 
0, 0, 0.0, 11.644787933775039, 0, 7.527198423874337, 0.0, 0.5850149800659763, 0.0, 
8.630281417644149, 0, 10.285692342423424, 0.40939599867988896, 0, 7.171507758674448, 0, 1.662184180599419, 0, 
0, 0, 0, 0.0, 0, 0, 0, 0.0, 0.0, 
0, 0.0, 12.89507946309412, 0, 0, 0, 0.0, 1.1642764925085194, 0.0, 
0, 0, 16.794543169132396, 0, 3.1990603875281893, 8.132983665457271, 0.0, 0.8795133353719148, 0.0, 
0.0, 0, 9.582013903796053, 0, 0, 0, 0.0, 0.17879847618749656, 0.0, 
0.43450902920192824, 0.0, 45.631243485317015, 4.500294308779445, 3.21377362695282, 4.168570421602695, 0, 1.6589345366996666, 0, 
0, 0, 0.0, 0.0, 0, 0, 0, 0.0, 0.0, 
0.0, 0, 3.1984243018140432, 0, 0.0, 0, 1.3391202885050681, 0.9908329500567001, 0.0, 
0.0, 0.0, 0, 0.0, 0, 0, 0, 0.17075425016749377, 0.0, 
0, 0, 0.0, 0.0, 1.6630604615415425, 0, 1.1058568880120117, 3.956706450875593, 0.03874304737069423, 
0, 0, 0.0, 0, 0.0, 2.456839589569033, 0, 0.18218794504086203, 0.0, 
0, 0, 0, 0, 0, 0, 0.5778233277863829, 1.1518247965332844, 0, 
0.0, 0.0, 1.4247511377505795, 0, 0, 0.0, 1.2332056200266033, 5.327679549417783, 0.0, 
0, 0, 0, 0.5326933391205344, 0, 0.0, 0, 0.5802569501931631, 0, 
0, 0, 13.369012356769357, 0.0, 0, 5.558465091694629, 0, 1.8649343240837197, 0.06672056441749596, 
0.0, 0.0, 0.0, 0.0, 0, 0.0, 0, 1.3753033018797265, 0.0, 
0.0, 0, 6.882562273805956, 2.1227823835952613, 0, 0.06999362305418266, 0, 0.21902490604007419, 0, 
0, 0, 2.6574261124081016, 0, 0, 0.0, 0, 0.0, 0, 
0, 0, 17.62371105976532, 0, 0, 0.0, 0.6016817209482266, 5.08763198008072, 0.0, 
0, 0, 0, 0, 0, 0.0, 0, 0.0, 0.0, 
0, 0, 0.0, 0, 0, 0.0, 0.0, 0.028150384427138242, 0, 
0, 12.181436958082159, 7.487993340553595, 0.0, 0, 0, 0, 0.4615111149992893, 0.0, 
0, 0, 0.0, 1.7049461048376653, 0.0, 0, 1.1655191543307524, 0.6219473389503598, 0.0, 
0, 0, 0, 0, 0, 0, 0, 0.6765469387413979, 0.0, 
0, 0, 0.0, 1.7735745835543417, 0, 0, 0, 0.0, 0, 
1.5600357158565021, 0.0, 9.952054396399676, 2.233743818764525, 0, 2.378219640269414, 0.0, 0.0729373605651773, 0.08625671235079461, 
0, 0, 0.0, 0.0, 0, 0, 0.3607080131386349, 0.0, 0.0, 
0.0, 0, 0.0, 0, 0, 0.0, 0.557221959700799, 4.3289887306103125, 0, 
0, 0, 0, 3.0229677983865, 5.218709930604967, 0, 0.0, 2.940009624273779, 0.0, 
0, 0, 0.24763930484438657, 0, 0, 0.0, 1.2195122208253921, 0.0, 0.0, 
0, 4.144874603629436, 0, 0, 0, 0.0, 0, 0.05511339875051213, 0.3074419308197018, 
0, 0, 4.935051111468974, 0, 0, 0.0, 0, 3.3659403025291237, 0.0, 
0.0, 0, 0.0, 0.0, 0, 0, 1.72585996078206, 0.0, 0.15904649459318443, 
0.0, 0, 0.0, 0, 0, 2.391019853275157, 0, 1.6331837995251064, 0.0, 
0, 0, 0, 0.0, 0, 0, 0, 1.5045165988125766, 0.0, 
0, 0, 3.292698026514971, 0.0, 0, 0, 0, 1.5896273892135406, 0, 
0, 0, 12.775202818948426, 0.0, 0, 0, 0, 0.8594770523652743, 0.0, 
0, 0, 0.0, 0.5233864698408244, 0, 0.0, 0, 0.20843666622309218, 0, 
0, 0, 0.0, 0.0, 0, 0, 0.0, 1.2063675906387825, 0.38157719325672207, 
0, 0, 0.0, 0, 0, 0.0, 0, 1.7988893568163977, 0, 
0, 0.0, 0, 0, 0, 0.0, 0.15098661634539834, 0.5995465241840426, 0, 
0, 0.0, 4.014957807638805, 0.0, 0, 0, 0, 1.2855021184432012, 0.0, 
0, 0, 7.723064041168518, 0.0, 0, 0, 0, 1.1460394818875663, 0.6136569527247275, 
0, 0, 0.0, 0.0, 0, 0, 1.679751184028996, 1.4985054264457054, 0.0, 
0, 0, 0.7070069105368777, 0.0, 0, 0, 0, 0.0261434051278903, 0.0, 
0, 0, 0.2877173434618481, 0.0, 0, 1.9796270779322196, 0, 1.8121166017399335, 0, 
0, 0.0, 0, 2.159882237939513, 0.0, 0, 0, 0, 0.0, 
0, 0.0, 0, 0.0, 0, 0.0, 0.0, 0, 0.0, 
0, 0, 15.191645780698272, 0.0, 0, 0, 0, 0, 0.0, 
0, 0, 0, 0.0, 0, 0, 0, 0.02951791250267159, 0.0, 
0, 0, 0.0, 0, 0.0, 0, 0.0, 0.4541874281325515, 0.0, 
0, 0, 22.412241098477384, 0, 0, 0.0, 0, 0.0, 0.0, 
0, 0, 4.349398687797512, 0.0, 0, 3.4349658536252026, 0.0, 1.0238411411395136, 0, 
14.329515477997631, 0, 16.483588826561085, 3.816644569351513, 0, 0, 0, 3.139476999060505, 0.0, 
0.0, 0.0, 0, 0.0, 0, 0, 0, 0.6160085610931981, 0.0, 
0, 0, 0.0, 0, 0, 0.0, 0.0, 0.0, 0.2527388513729125, 
0.0, 0, 0, 0.0, 0, 0, 0, 5.573076600905474, 0, 
0, 0.0, 0.0, 1.7029812140844658, 0, 2.091597769532811, 0.0, 0.2362600731063953, 0.0, 
0, 0, 0, 0, 0, 0, 0.0, 0.7525361473130575, 0, 
0, 0, 4.78572749186311, 0, 0.0, 1.3779980653220676, 0.19822667174818065, 0.03249676367788427, 0, 
0.0, 0, 0.0, 0.0, 0, 3.328108580567232, 0.4571274483250831, 2.2824612123773917, 0.0, 
0, 0, 0.0, 0, 0, 0.0, 0, 1.3777246861859078, 0.0, 
0, 0, 0, 0, 0, 0.0, 0, 0.6889248004537029, 0.0, 
0, 0, 5.061255083883598, 0, 0, 0.0, 0, 0.32619924886675467, 0, 
0, 1.4226526863422366, 27.30112719696854, 0.0, 0, 0, 0, 0.4552225253547588, 0.0, 
0, 0, 5.154349741754839, 0.0, 0.0, 0, 0.0, 0.30000402052900244, 0, 
0, 0, 0.0, 0, 0, 0.0, 0.7001439722715412, 4.291138617444475, 0.0, 
0, 0.0, 0.0, 0, 0, 0, 0, 0.4436002903145522, 0.0, 
0, 0, 0.10974601396922878, 0, 0, 11.904827563629985, 0, 2.114428595482422, 0, 
0, 0, 1.7182314917799548, 0.0, 0, 1.2066151221085715, 0.0, 0.03759558648806897, 0.0, 
0.0, 0, 1.4352554820612404, 0.0, 0, 0, 2.2058588923953355, 0.9414650716499375, 0.0, 
0, 0, 0.0, 0.6230504471823242, 0, 1.6785235112050731, 0.0, 0.0, 0.0, 
0.0, 0, 0.0, 0, 0, 0.0, 0.0, 0.5781857363337681, 0.0, 
0, 0, 1.8242789277551825, 0, 0, 0, 0.0, 1.3372020639656546, 0, 
0, 0, 0, 0, 0, 0, 0, 0.2864104012077854, 0.0, 
0, 0.0, 0, 0, 0, 0.0, 0, 0.6167880401193248, 0.0, 
0, 0, 5.43165978978941, 4.662745644026909, 0, 3.4263420890873535, 0, 0.0, 0, 
0, 0, 0, 0.0, 1.144119010073176, 0.03033652257331454, 0.6306737182046689, 2.1363193116195127, 0, 
0, 0, 5.5233636584324515, 0.0, 0, 0, 0.5295885212716751, 1.6669616895599317, 0.0, 
0, 0.0, 0, 0, 0.0, 0.0, 0.0, 2.253676127342251, 0.0, 
0, 0, 2.340159789459608, 0.0, 0, 0, 0, 2.435367840895685, 0, 
0, 0, 0, 0, 0, 6.412163627658195, 0, 0.0, 0, 
0, 0, 0.3967989853070186, 0, 0.0, 0.0, 0, 0.0, 0.0, 
0, 0, 0.0, 0.0, 0, 0, 0, 0.0, 0.0, 
0, 0, 0, 3.76070215494917, 0, 4.8562883287062855, 0, 0.0, 0, 
0, 0, 0.0, 0, 0, 0.0, 0, 0.8613547637150641, 0.0, 
0.0, 0.0, 0.37379543659719694, 0, 0, 0.0, 0.24616371476814214, 7.773499878199127, 0, 
0, 0.0, 0, 0.0, 0, 0, 0, 0.0, 0.0, 
0.0, 0, 0.0, 0.0, 0, 0.5181104742557388, 0.9277149535387967, 0.026019453506612205, 0.0, 
14.216269662662741, 0, 0, 0, 0, 0, 0, 0.18872629873762392, 0.0, 
0.0, 0.5707473368512019, 0, 10.895734965295992, 0, 4.847097196830742, 0.0, 1.3329481631650997, 0, 
0.0, 0, 0.0, 0, 0, 0.0, 0, 1.0301367279064797, 0, 
7.145409342102116, 0, 5.379595330639123, 0, 0, 0, 0, 0.3814804030495444, 0, 
0, 0, 3.205512156024394, 0, 0, 0, 0, 0, 0, 
0, 0, 0, 0, 0.0, 1.5898084567671438, 0.0, 1.251636347417529, 0.0, 
0, 0, 0.10479658530705649, 0.0, 0, 0, 0.9328044357093187, 2.0187547985460776, 0.0, 
0.0, 0, 1.8453498365467604, 0.0, 0, 6.300578911498709, 0, 1.125406518595478, 0, 
0, 0, 0, 0.0, 0, 1.8708107759349457, 0.0, 0.15949375990101267, 0.0, 
0, 0, 0, 0, 0, 0.0, 0, 0.0, 0.0, 
0, 0, 0.27485036894851556, 0.0, 0, 0, 0, 0.0, 0.0, 
0, 0, 0.0, 0.0, 0, 0.2581177747604295, 0, 0.3160020728124498, 0.0, 
0, 0, 0, 0, 0, 0, 0, 0.5153730348727774, 0.0, 
0, 0.0, 9.008062177177344, 2.3321471945388943, 0, 1.711917544972735, 0, 0, 0, 
0, 0, 0.13095941243173748, 0.004390764618719345, 2.254980666908405, 0.8591134795439821, 0, 0.0, 0.0, 
0, 0.0, 0, 0, 0, 0, 2.2522218885673464, 1.4703913182520727, 0.0, 
0, 0.0, 0.0, 0, 0, 3.009653624430328, 0.1413045583510275, 3.3312623870149105, 0, 
0, 0.0, 8.530253721466922, 5.022359081775122, 0, 5.237506841836913, 0.0, 0.5491001886670928, 0.0, 
0, 0.0, 0.0, 0, 0, 0, 0, 0.222255805429404, 0.0, 
0, 0, 0.0, 2.5767392512722864, 0, 4.581190168346905, 0.8994472094575134, 0.01691570369591607, 0, 
0, 0.0, 2.371773513879565, 0, 0, 0, 0, 0.0, 0.0, 
2.977185477688451, 0, 0, 1.7304932072812016, 0, 0, 0, 0.47353231053087264, 0, 
0.0, 0, 6.234969100805129, 0, 3.854983664597464, 18.36595647706842, 0.0, 0.612899872614508, 0.23548932215225804, 
0, 0, 0, 0, 0, 0.0, 0.7059837601070296, 1.745940191412945, 0.0, 
0.0, 0, 0, 0.0, 0, 0.0, 0, 0.0, 0, 
0, 0, 8.080715297990452, 0.0, 0, 0, 0.11501564561598165, 3.9246488258286796, 0.0, 
6.337803281397955, 0, 32.5085748751206, 0, 0, 6.362602348656653, 1.739640620366215, 12.180041079231424, 0, 
0, 0, 0.0, 1.407504444122631, 0, 11.458506605984653, 0, 0.0, 0.0, 
0, 0, 1.915059772072678, 0.0, 0, 4.01343846097352, 0, 0, 0, 
1.041670568431659, 0, 6.264628743070345, 0.17029089931866892, 0, 0.0, 0, 1.061509888263208, 0.22100970262438924, 
0, 0, 0.0, 0, 0, 0.0, 0, 1.0091096678442388, 0, 
0, 0.0, 0, 0, 0, 2.7544366699370615, 0, 3.91032635023772, 0.0, 
0, 0, 0.0, 0, 0, 0.0, 0, 0.14382274327792466, 0, 
0, 0, 0, 0.0, 0, 0.0, 0.0, 1.9760883026437457, 0, 
0.9748102516260087, 0, 0, 0, 0, 0.6915915155190984, 0, 0.27581773276185295, 0.0, 
0, 0.0, 0, 0.0, 0, 0.0, 0, 0.1628954451158755, 0.0, 
0, 0, 2.9375048965149024, 0, 0.0, 0.0, 0, 0.1337877272761463, 0.0, 
0, 0.0, 16.10210540615818, 0.0, 0, 3.655842909066166, 0, 1.851353880807349, 0, 
0, 0, 6.325858486097281, 0, 0, 0, 0.0, 1.0545607896868745, 0.0, 
0.0, 0, 0.0, 0, 0, 0, 0.0, 0.39096724111588554, 0, 
0, 0, 2.5686900593953936, 0, 0, 0.0, 0, 1.3115712195027527, 0.0851664770307418, 
0, 0, 0, 0.0, 0, 0, 0, 3.114420274840944, 0.0, 
0, 0, 0, 2.42263493825662, 0, 0, 0.7175499419408418, 1.2506467400257304, 0.0, 
0, 0, 0.0, 0, 0, 0, 0, 2.783848702322665, 0.0, 
0, 0.0, 0.0, 0, 0, 0, 0, 0.30778891761424954, 0.0, 
0.0, 0, 3.2837407146799844, 0, 0, 2.3094594565347215, 0, 0.0, 0, 
2.9451828394782584, 0.0, 10.073944569310855, 0, 0, 0.0, 0, 0.0, 0.0, 
0, 0.0, 0.0, 0, 0, 0, 1.3306427861758507, 6.682412309665293, 0.0, 
9.389818102993722, 0, 1.1153663220840073, 2.853530851194691, 0, 0, 0, 0.0, 0.0, 
0, 0, 0.0, 0, 0, 0.0, 1.16064945722953, 0.0, 0.0, 
0, 0, 0, 0, 0, 5.111443859936363, 0, 0.0, 0, 
0, 0, 0.3114163493052571, 0, 0, 0, 0.9843857501745827, 0.8620959990311987, 0.0, 
0, 0, 0, 0, 0, 1.702183734579731, 0, 0.1746394666781891, 0, 
0.0, 0, 2.6381578072660954, 0, 0, 0, 0.0, 0.6121488487304418, 0.0, 
0, 0, 0.8447086245735047, 0, 0, 0.0, 0, 0.0, 0, 
0, 0, 0.0, 0, 0, 0, 0, 0.8297242812803116, 0.0, 
0, 0, 0, 0, 0, 0, 0, 2.074313777855481, 0.0, 
0, 0, 6.430486053864577, 0, 0, 0.0, 0, 0, 0.0, 
0, 0, 0.0, 1.1636516345203594, 0, 0.0, 0, 0.0, 0.0, 
0, 0, 25.097410735436178, 0, 0, 0, 0, 1.2326976578440274, 0.0, 
0, 0, 0, 0, 0, 0, 0.7263155376386905, 0.12981643141016144, 0, 
0, 0, 0, 0.44701539419901337, 0, 0, 0, 0.6749827663752974, 0.0, 
0, 0, 0.0, 2.451660786776907, 0, 0.0, 0, 0.34559829269064624, 0, 
0, 0, 0.9115309350646056, 0, 0, 0.0, 1.6508305000063856, 1.7111016864606539, 0, 
2.9774522998139954, 0, 17.554010457233108, 2.0269183302851275, 0.0, 4.603762505123207, 1.2858588649615914, 0.9906840872164726, 0.0, 
0, 0.0, 0.0, 0, 0.8134822404818536, 12.149947007373687, 0, 1.3164172641732081, 0.0, 
0, 0.0, 0, 0, 0, 0, 0.690382710793001, 4.82854673895555, 0.0, 
0, 0, 0, 0.0, 0, 0.0, 0.0, 0.6498275076688379, 0.0, 
0, 0, 0, 0, 0.0, 0, 0.2802624098263671, 2.309721548981779, 0.0, 
0, 0, 0.0, 0, 0, 0, 0, 0.6673320107494171, 0.0, 
0, 0, 0.0, 0.0, 0, 5.752036651513121, 0, 1.126077739569333, 0.0, 
0, 0.0, 7.791813274635415, 0, 0, 0, 0, 0.4431479908762585, 0, 
3.586731463079847, 0, 0.0, 0, 0, 0.0, 0.0, 0.0, 0.0, 
0.0, 0, 0.0, 0, 0, 0, 0, 0.0, 0.0, 
0, 0, 0.0, 0.771050561577276, 0, 0.0, 0, 0.0, 0.0, 
0, 0.0, 7.235116938725256, 0.512019272010031, 0, 0.0, 0, 0.0, 0.0, 
0, 0, 0.0, 0, 0.0, 0, 0, 2.109571367767491, 0.0, 
3.3407840862873712, 0, 3.600689742623178, 1.2458859213405322, 0.0, 0, 0, 0.6520516374522751, 0, 
0, 0, 4.968539777116829, 0.0, 0, 2.996258607010585, 0, 0.9223102793043942, 0.0, 
0, 0, 0, 0.0, 0, 0, 1.555615757382446, 0.5334067602164723, 0.15070047464107006, 
1.7777537898992826, 0.0, 0, 0, 0, 0, 0, 0.0, 0, 
7.31430664304524, 0, 24.439717145338463, 0.0, 0, 10.233971617021263, 0, 0.0, 0.0, 
0, 0, 8.275272169365053, 0, 0, 7.9918706989539, 0.0, 0.7650819881737476, 0, 
0.0, 0, 0.0, 0, 0, 0, 0, 0.22359830998159266, 0.0, 
0, 0, 0, 0, 0, 0, 0, 0.0, 0.0, 
0, 0, 0, 0, 3.414735494345445, 6.471085017733728, 1.0560625139683513, 0.0, 0.0, 
0, 0.0, 2.067549145147236, 0.0, 0, 0, 0, 0.0, 0.0, 
0, 0, 0, 0, 0, 0.9052265633608378, 0.0, 2.0201901309217067, 0, 
0, 0, 0, 0.0, 0, 0, 0, 0.0, 0, 
0.0, 0, 0.0, 0.0, 0, 0, 0, 2.0048612071298737, 0, 
7.508901134762798, 0, 0, 0, 0, 0.0, 0, 0.0, 0, 
0, 0.0, 7.249098330921362, 2.4844982579164245, 0, 0, 1.930097611012144, 1.4983270968165447, 0, 
0.0, 0, 1.2128413819939112, 3.0508896517024966, 0.0, 2.364545143821835, 0.8665542258201185, 6.647047047422762, 0.0, 
0, 0, 0, 0.0, 1.8912774709474096, 18.445868064434123, 0, 0.0, 0.0, 
0, 4.2984540844865275, 3.1513363675752935, 0.8903476804694961, 0.4764273622282733, 0, 0, 1.942617711861707, 0.0, 
3.027081868198996, 0, 0.44067638458279035, 0, 0, 0, 0.6840733510733124, 0.4237266920707638, 0.0, 
0, 0, 0.0, 0, 0, 0.0, 1.4138067218534012, 3.449242353313514, 0.0, 
0, 0, 0, 0, 0.0, 2.192251961823999, 0.9666591297571521, 0.8897459946879712, 0.13173992829661474, 
0, 0, 7.269790267281387, 0, 0, 0.0, 0.0, 0.6788740830143567, 0, 
0, 0, 0.0, 0.789506430785611, 0.0, 0, 0.5618475188328222, 1.4601906959660647, 0.0, 
0, 0, 0.0, 0, 0.0, 0.0, 0, 0.6359886427358749, 0.0, 
0, 0, 0, 3.0824379611522517, 0, 0.0, 0.17295486768371093, 7.603684822716441, 0.0, 
0.0, 0, 0.0, 2.0348209100300183, 0, 0, 0, 0.0, 0.0, 
0, 0, 15.82792972544307, 0, 0.0, 0, 0.2632161108574609, 2.3193860532254376, 0, 
0, 0, 0.0, 0.0, 0, 0, 0, 1.6343274797738443, 0.0, 
0.0, 0, 0, 0.0, 0, 0.0, 0.0, 3.3442177939722013, 0.0, 
0.0, 0, 0.0, 0, 0, 0.0, 0, 0.7289517667646666, 0.0, 
1.6627898972433783, 0, 3.8634389053401534, 4.194862825584115, 0, 0, 0, 0.8128503390541036, 0.07701188333752196, 
0, 0, 0.0, 0.9648564790388695, 0, 0, 0.7163814657392216, 0.12039027005596974, 0, 
0, 0, 7.8724124304793826, 0, 0, 0, 1.1921495766654642, 0.30648377760518697, 0.10449128293967329, 
0, 0, 0.0, 5.068223542568326, 0.22378200399554116, 3.781793237212219, 0.0, 1.5198031999136665, 0, 
0, 0, 0.07968577065049764, 0, 0, 0.0, 0.5878247700076491, 0.5047380643724879, 0.0, 
0, 0, 0, 0.0, 0, 0.0, 0, 0.10670394859841714, 0.0, 
0, 0, 0.0, 0, 0, 0.0, 0.0, 0.8767069706033634, 0, 
0, 0, 7.390885525209562, 0.0, 0, 0.7773750027152122, 0, 0.7103153176438034, 0.0, 
0, 0, 0.0, 0.0, 0, 0, 0, 1.963593500148903, 0.0, 
0, 2.7679456299644976, 17.16604377061988, 1.4500274752009528, 4.860466504203796, 0, 0, 0.0, 0.0, 
0, 0, 5.038253969472982, 0.0, 0, 0, 0, 0.9867949975132868, 0.0, 
0.0, 0, 0.0, 0, 0, 0, 0.0, 0, 0.0, 
0, 0, 8.950067337923443, 0, 0, 0, 0.8258156499970802, 0.0, 0.0, 
0, 0, 0.0, 0, 0, 0.0, 0, 0.2654293754380941, 0.0, 
0.0, 0, 2.2089737499526843, 0.0, 0.0, 0, 0, 3.058328254600095, 0.0, 
0, 0, 11.66853606257374, 0.0, 0, 0.0, 0.8938019599502582, 1.4982101015607547, 0.0, 
0, 0, 0.7076922943248132, 0.2076952478392832, 0, 2.847899625088317, 0, 0.4488545955671516, 0.0, 
0, 0, 2.2986636089337296, 0.0, 0, 0, 1.4862085271439174, 3.8764509345566758, 0, 
0, 0.0, 3.693067145684358, 0, 0, 0, 0, 0.49943180710519225, 0.0, 
0, 0.0, 0.0, 0, 0, 0, 0, 0.9875655779553538, 0, 
0, 0, 1.8946681066909266, 0, 0, 0.0, 0.0, 0.2760010980386518, 0.0, 
0, 0, 2.915099286396949, 0, 0, 0.0, 0, 1.1382364904480586, 0, 
0, 0.0, 6.683331256882587, 0, 0, 0, 0, 0.0, 0, 
5.661282817114632, 0, 2.7392575349140547, 0.24308938251197768, 0, 0, 1.912366491039295, 7.333045688972931, 0.0, 
0, 0, 0.0, 0, 0, 0.0, 0, 1.0401887970233137, 0.0, 
0, 0, 15.466468390302575, 0, 0, 0.0, 0, 0.6931018239914941, 0, 
0, 0, 3.621446505058928, 0.0, 0, 0, 0.0, 0.0, 0.0, 
0, 0, 2.4092567250853953, 0.0, 0.0, 0, 0.0, 0.5326065004371173, 0.0, 
0.0, 0, 0.9067018756795733, 0, 0, 0.7777609137890232, 0, 0.0, 0, 
0.0, 0.0, 0.5156023330493467, 0, 0, 0.0, 2.09681116829966, 0.25779100941526467, 0, 
0, 0, 0.0, 0, 0.0, 0.0, 0.0, 3.0621669263417335, 0.0, 
0, 0.0, 0.0, 0, 0, 0.0, 0.03234350047484291, 3.8530434855961033, 0.0, 
0, 0.0, 5.455962207160882, 0.0, 0, 0, 0.0, 0.0, 0.0, 
0.0, 0, 0, 0.0, 0, 0, 0, 4.6754907746742855, 0, 
0, 0.0, 0, 0, 0, 0.0, 0, 0.0, 0.0, 
0.0, 0, 7.014936867010029, 0, 0, 0, 1.2108881169168533, 6.850582711326039, 0.0, 
0, 0, 0.31643491143553604, 0, 0, 0.0, 0.0, 0.0, 0.0, 
0, 0, 0, 0.0, 0, 2.3663087841898047, 0, 0.5187005182121558, 0.0, 
0, 0, 0, 0.0, 0, 0, 0.1710705924935052, 0.717162284281358, 0, 
0, 0, 0, 0.0, 0, 0, 0.0, 0.25363217774016356, 0.0, 
0.0, 0, 5.165879931092033, 0.0, 0, 9.218154341925327, 1.5740546130662967, 1.661603343399318, 0.0, 
0.0, 0, 0, 0, 0, 0, 0, 0.8183630155017353, 0.0, 
0, 0, 24.495837613961257, 9.108172112640322, 0, 0.2524294366672635, 0.0, 1.8197878365710727, 0.0, 
0, 0, 12.695893102606531, 0.0, 2.048107282856525, 0, 0.35968666639476776, 5.748615988596147, 0, 
1.8784026905462206, 0, 17.62053627433993, 0.0, 0, 4.6064325525435175, 2.12845304957077, 2.9806956745473356, 0.0, 
0, 0.0, 4.018567442268277, 0, 0, 0.0, 0, 0.0, 0.0, 
0, 0, 0.0, 0.0, 0, 3.5107142664435003, 0, 0.4201082614142776, 0, 
0, 0, 10.164246599233293, 0, 0, 0, 0, 0.3366878093833354, 0.0, 
0.0, 0, 0, 0, 0, 0, 0, 2.1063839965937317, 0.0, 
0, 0, 0.0, 0, 0, 0, 1.466407571411099, 1.9114104832058523, 0, 
0, 0.0, 0, 0, 0, 0.0, 0, 0.0, 0, 
0, 0, 0.0, 0, 0, 0.0, 0.980756832220166, 0.591307329963664, 0, 
0.0, 0, 7.103358510778399, 0, 0.46569253816097955, 0, 0, 0.7800584193188991, 0, 
0, 0, 0, 0, 0, 0, 0, 0.0, 0, 
0, 0, 5.620809331596014, 0.0, 0, 0, 2.0146151018580163, 4.432634836965203, 0.0, 
0, 0, 0.0, 0, 0, 0.7824529324363869, 0.0, 0.2360867163146505, 0, 
0, 0, 0, 0, 0, 0.18493124981879294, 0, 0, 0.0, 
0, 0, 0.0, 3.291483989007712, 0, 3.0035932688785234, 0, 0, 0.0, 
0, 0.20413694623328382, 0.6204524431576601, 0, 0.0, 0.0, 0, 0.0, 0.0, 
0, 0, 0.0, 0, 0, 0.0, 0.27801520239992517, 2.194561572012494, 0.0, 
0.0, 0, 13.010450037933897, 0, 0, 0, 0, 0.9122284686915604, 0, 
6.473217820843903, 0.0, 0, 0, 0.0, 0, 0, 0.0, 0, 
0.0, 0, 11.374779907535387, 0, 0, 0, 0.6284463417672561, 4.5606461197529695, 0, 
0.0, 0, 0.0, 0, 0, 0.0, 0.0, 1.1617366642486218, 0, 
0, 0, 0.0, 0, 0, 0, 0, 0.3502701900484119, 0.0, 
0, 0, 37.569000311150816, 0.6267828221117941, 0, 1.8671746519331203, 0.7118675718691478, 12.552201273003625, 0.14811927724195417, 
0, 0, 6.457847787358306, 0, 0, 0, 0, 0.8690575984568015, 0, 
0, 0, 2.8290014985448777, 0.0, 0, 0.0, 0, 0.30873428391499047, 0, 
0, 0, 0, 0, 0, 0.0, 0, 1.2438819124074092, 0.0, 
0, 0, 0, 0, 0, 0, 0.0, 2.8628315963537734, 0.0, 
0, 0, 0.0, 2.2190126863448008, 0, 0.0, 0, 0.2381616869544061, 0, 
0.0, 0, 7.0988315138023985, 0, 0.0, 0, 0.0, 0.8123094447173838, 0.0, 
0, 0, 20.320427976384384, 9.221211544749979, 0, 3.4091125090593923, 0, 0.6153089589497265, 0, 
0, 0.038506611703013505, 21.951543666174377, 5.081739854699416, 0, 5.481864192856065, 0, 0.0, 0.0, 
0, 0, 0.0, 0.0, 0, 1.4133966245034433, 0.0, 1.8221558273004, 0.08948134448653455, 
10.480255996910344, 0, 0.6480547930147829, 0, 0, 0.0, 0.0, 0, 0.0, 
0, 0, 0.0, 0, 0, 0, 0.647479602714867, 2.491177606078495, 0.0, 
0, 0.0, 0.0, 0, 0.4472174864090164, 0.0, 0.5309953070762541, 8.004488298175414, 0.0, 
0, 0, 1.218366078190268, 0, 0, 0.0, 0, 0.0, 0.0, 
0, 0.0, 0, 0, 0, 0, 0.0, 0.5667869065580928, 0.0, 
0, 0, 1.2817013528700727, 2.1909188805400266, 0.0, 0, 0.9953120092119523, 2.350054115434197, 0.0, 
0, 0, 0, 0, 0, 2.9515806221888807, 2.0378964651059626, 0.21650225987540478, 0.0, 
0, 0, 0.0, 0, 0, 0.0, 1.169234924651982, 1.7824334210128303, 0, 
0, 0, 0, 0, 0, 0, 0, 0.0, 0, 
5.052431689080949, 0, 18.791428157204706, 0, 0, 0.0, 0.5287043502992645, 0.5682081152567096, 0, 
12.04856479687784, 0, 1.8060413240703408, 0, 0, 1.6792325884247816, 0, 0.7226504220302973, 0, 
0, 0, 0.0, 0.7222628501696313, 0, 2.2284086105247938, 2.0376007979502724, 1.0830815119905832, 0, 
0.0, 0, 0, 0, 0, 0, 0, 0.4090058384427569, 0.0, 
0, 0, 0, 0, 0, 9.391834401928296, 0, 0.12416996231178601, 0, 
0.0, 0, 0, 0.07254855784692005, 0, 3.7049386767081494, 1.257075541493439, 2.1454374167407457, 0.0, 
0, 0, 0, 0, 0, 0, 0, 0, 0.0, 
9.70336894250652, 0, 12.165176371181554, 3.3054406032024697, 0, 0.0, 0, 4.034651324603985, 0.0, 
0, 0, 1.674549674705704, 4.72521829522241, 0.0, 6.816502106724939, 0, 0.3724444501928013, 0, 
0.0, 0, 0.0, 0, 0, 0, 0, 0, 0.0, 
0, 0, 0, 0, 0.0, 0, 0, 0.0, 0.0, 
0, 0, 0.45798735944548713, 0, 0, 0, 0, 0.0, 0.0, 
0.2788495463680789, 0.666666166450792, 6.381786090426347, 22.444157346291814, 0, 0.0, 0, 0.0, 0.0, 
0, 0, 0.0, 0.9309917953737075, 0, 0, 0, 2.4516880057406425, 0, 
0.0, 0, 0, 0, 0, 0.0, 0, 0.0, 0.0, 
0, 0.0, 0, 0, 0, 0.0, 1.1748664995885338, 1.0675483392070069, 0.0, 
0, 1.6965735705244356, 3.9478211609071847, 0, 0, 0, 0, 0.5286089484713843, 0.0, 
0, 0, 0.0, 0, 0, 0, 0, 0.0, 0, 
0, 0, 8.468987560792081, 0, 0, 0.0, 0, 4.695832199190644, 0.0, 
0, 0, 0.0, 0, 0, 0.0, 0.8455924515465769, 3.263887449118795, 0.0, 
0.0, 0, 40.438542962786045, 0, 0, 2.6735105660423724, 0.0, 0.0, 0.0, 
0, 0.0, 5.647125979191581, 0.0, 0, 2.034906442680253, 0, 0.0, 0, 
7.287373548338445, 0, 0.0, 10.017072264806417, 0, 5.87929787460944, 0, 0.34313226185429474, 0.0, 
1.5512537198486278, 0, 0, 3.514235436750732, 0, 0.0, 2.0619607062544327, 1.3528355146907223, 0.0, 
0, 0, 0, 0.0, 4.8267774490976105, 0, 0, 0.8278781783672731, 0.0, 
0, 0, 0, 0, 0, 0.0, 0.2572055327419527, 3.6723167822750153, 0, 
0.0, 0, 0.0, 3.592891283390311, 0, 0.0, 0, 1.0196891381769937, 0, 
0, 0, 0.0, 0.0, 0, 0, 0.0, 2.0945723617492398, 0.0, 
0, 0, 0.0, 0.0, 0, 0.0, 0, 0.3345917912119871, 0, 
0.0, 0, 1.7584753969396747, 0, 0, 0.0, 0, 0.0, 0, 
0, 0.0, 5.956475758628658, 0, 0, 5.078687028488721, 1.6557722022558288, 2.7927460363649033, 0.0, 
0.5390753594920383, 0, 0.4085402807188876, 0, 0, 0.0, 0.0, 0.0, 0, 
0.0, 0, 0, 0, 0.697671026013122, 0, 0, 0.9350387770608402, 0.0, 
1.1320114915234392, 0, 6.855048367504131, 0.5214744396011501, 0, 10.833858653196703, 0.7216238478649615, 3.351553710204996, 0.0, 
0, 0, 0.0, 0, 0.0, 0, 0, 0.8654036729844751, 0.0, 
0, 0, 0, 1.1662937691807, 0, 0.0, 0, 0.0, 0.21661047210828732, 
7.749693000576185, 0.0, 0, 0.0, 0, 0.48006366635988584, 0, 0.0, 0, 
0, 0.0, 3.190214763228358, 0.0, 0, 0, 0, 0.8628168285879289, 0.0, 
0, 0, 0, 0, 0, 0, 0.10514341247438708, 1.888685129214548, 0.0, 
0, 0, 0, 3.3372118674446556, 0, 0.0, 0.12867074073851192, 4.375022709880343, 0.0, 
0, 0, 0.0, 0, 0, 0, 0.9782677059231535, 0.2964306553697682, 0.0, 
0, 0, 1.6490392004589136, 3.0126925519838554, 0, 4.4230920976120185, 0.0, 0.0, 0.0, 
0, 4.84625445217571, 3.823784178012785, 0.0, 0, 0, 0.6802253314075948, 8.74563418450096, 0, 
0, 0, 20.438934194138632, 2.6657577698573833, 0, 0.0, 0.0, 0.4915097499055895, 0, 
0, 0.0, 0.0, 0, 0, 0, 0.778274642286136, 12.88690127133414, 0.0, 
0, 0, 0.0, 0, 0, 0, 0.0, 1.046793483160909, 0.0, 
0, 0, 0, 0.0, 0, 0.0, 0, 0.18338539328003023, 0.0, 
0, 0, 0.16505058151140872, 0, 0, 2.016673342353151, 0, 1.3698636447481036, 0, 
0, 0, 0, 2.2996844841420208, 0, 0.0, 0, 0.0, 0.44274447422917707, 
0, 0, 0, 0, 0, 4.960480703468896, 0, 0.0, 0.0, 
0, 0, 9.570660113051787, 0, 0, 6.6887930706078045, 0, 0.0, 0.0, 
0, 0, 0.0, 0.0, 0, 0, 0.6607287067754104, 0.9458085989724847, 0.0, 
0.0, 0, 0, 0.0, 2.420648640925907, 0.0, 0, 0.510505928134233, 0.03251262139127886, 
0, 0, 0.0, 1.5799061733392934, 0, 0.0, 0, 0.0, 0.0, 
0, 0, 0.0, 3.91681341815144, 0, 14.040699050442282, 0.4114470418662748, 0.5300612165885733, 0.0, 
0, 0, 4.926041094006357, 0, 0, 2.1180935235992386, 0, 4.212870354639723, 0, 
0, 0, 0, 0, 0, 0, 0, 1.769892507862556, 0.0, 
0, 0, 0, 0, 0, 0.0, 0, 2.757670066520257, 0.0, 
0, 0.0, 13.413270349799951, 0, 0, 0.9926259893327162, 0.0, 0.0, 0.0, 
0, 0, 2.7084327009922182, 0, 0, 0, 0, 0.16913716604181772, 0.0, 
0.0, 0, 12.15771377916173, 3.471432608415151, 0, 0.0, 0, 0.9633273435735882, 0.0, 
0, 0, 0.0, 0, 0, 0, 0, 1.194726226446868, 0, 
0, 0, 0.0, 0.0, 0, 0, 0.0, 0.21261854443450368, 0.0, 
0, 0, 0, 0, 0, 0.0, 0, 1.2026147031517935, 0.0, 
0, 0, 4.022064559247962, 0, 0, 4.9479818677480285, 0.5291613009487239, 3.8215375834129914, 0, 
0, 0, 0, 0, 0, 0, 0, 0.0, 0, 
0, 0, 14.454092696223393, 0, 0, 0.0, 0.0, 0.0, 0.0, 
0, 0, 3.239021880651884, 0, 0, 1.4816817755831364, 0, 0.0, 0.0, 
0, 0, 0.029000064529398628, 2.9072966246988625, 0, 0, 0, 0.0, 0, 
0, 0, 0, 1.6115933530101483, 0, 1.13218558450368, 0, 0.0, 0.0, 
0, 0, 8.832164656568883, 0, 0, 0.0, 0.0, 2.666331830701183, 0.0, 
0, 0, 6.817595113949781, 2.5373186378850714, 0, 0.0, 1.3573677177837422, 7.5105508029327135, 0.0, 
0, 0, 0.0, 0.0, 0, 0, 0, 0.5118494637063229, 0, 
0, 0, 11.527694226519431, 0.0, 0, 0.0, 0, 0.0, 0, 
0, 0.0, 1.6795364530291979, 0, 0.0, 0, 0, 1.3908409996447846, 0.0, 
0, 0, 3.0608693873661945, 0, 0, 0.0, 1.1340466403637066, 2.1004885556130164, 0.0, 
0, 0, 0, 0, 0, 0.20738646728579013, 0, 0.7447896736814315, 0, 
0, 0, 6.790871645781385, 4.427025313459485, 0, 0, 0.7812909963488828, 1.104596678755023, 0.0, 
0, 0, 14.182195770914316, 0.0, 0, 0, 0.0, 0, 0.0, 
0, 0.0, 0.0, 0, 0, 0, 0, 0.36991819025949946, 0.0, 
0, 0, 0.0, 0.0, 0, 0, 0, 1.4664066503376953, 0.0, 
0, 19.153731172118697, 36.43037900213924, 0, 0, 0, 0.0, 1.5096609706345006, 0.0, 
0.0, 0, 0, 3.475387934325642, 0, 0.0, 0, 1.407658896523058, 0, 
0, 0, 0.0, 2.8820357134557444, 0, 1.909299294089866, 0, 0.8830356064844024, 0.0, 
0, 0, 0, 0, 1.2658391360935344, 14.5649756133258, 0, 0.0, 0.0, 
0, 0, 0.0, 0.0, 3.357612997632577, 0, 1.9144531576382384, 0.33187368355795765, 0.0, 
