0.8009636231959639, 0.8476696726425486, 0, 0.6992211132640149, 0, 0.6686477464738424, 0.23680722031071832, 0.047366289811896424, 
0.691755245658922, 0, 0.5271732560804476, 0, 0, 0.5110520888245557, 0.36068694617577557, 0.11354718044738829, 
0.6134133603601413, 0.7783627193064386, 0.7320563932457361, 0, 0, 0, 0.644947234831623, 0.045999657161261955, 
0.7994782740812691, 0.7787525409190587, 0, 0, 0, 0.7796421730287137, 0.5087952736141029, 0.16045282825006585, 
0.7445914518590517, 0.7553772792032836, 0, 0, 0, 0.5273619038381391, 0.35022581198682584, 0.10107191656973531, 
0.8152532882636617, 0, 0.6207236426869468, 0, 0, 0.4717662871881826, 0.12498784468516055, 0, 
0, 0, 0, 0, 0, 0, 0.28870665630392783, 0.059314044989225045, 
0.6374165064935899, 0.7749659353809963, 0.7881044112058173, 0, 0, 0, 0.2448204918323474, 0.09941909986651491, 
0.7083023616903458, 0.643171213811834, 0, 0, 0, 0.4222131354710402, 0.8738712167486422, 0.14995409766272833, 
0.7102519102088347, 0.8594362241228316, 0.8493242112234014, 0.6368183401675236, 0.7268370280657912, 0.48443112739484945, 0.6123330297990072, 0.056018613808776055, 
0, 0, 0, 0, 0, 0.21832443745128707, 0.7417689439864772, 0, 
0.8027199392807292, 0.7142618398318028, 0, 0, 0, 0.4707117908381571, 0.7671952462891214, 0.044167200527811826, 
0.8282892186071763, 0.672176819612797, 0.700569842682795, 0, 0, 0.48845159882892714, 0.25290262698073723, 0, 
0.721191326474335, 0.7329317694695298, 0.7797813871711653, 0, 0, 0.4665278087452438, 0.4809452900530939, 0.1000912094354379, 
0, 0.7463287272119735, 0.7260386366466711, 0, 0, 0.21066693521301122, 0.3110931883511938, 0.1062831901043084, 
0.8780034612233765, 0, 0, 0, 0, 0.478360451853607, 0, 0.03659402161682197, 
0.7960963728099195, 0.7795096266412662, 0, 0, 0, 0.22706340863046112, 0.5962766883877846, 0, 
0.6909668112798824, 0.7743319048608174, 0, 0, 0, 0.2593823811006787, 0.4740305279220231, 0.07677701305501952, 
0.6767946982995711, 0.6207246079109522, 0, 0, 0, 0.3072012345052245, 0.757684806964398, 0, 
0.6282565542374976, 0, 0, 0, 0, 0.23233843793114914, 0.5984316934227915, 0.11204629951184608, 
0.6863751607085093, 0.7096066069110194, 0.6233233334127465, 0, 0, 0.5374988915269829, 0.7837471032194986, 0.06319195226142652, 
0.6202257385425718, 0, 0, 0, 0, 0, 0.5916780617462047, 0, 
0.655116286856427, 0, 0, 0, 0, 0, 0.621459248110617, 0.11256574495816803, 
0, 0, 0, 0, 0, 0.4145908537577954, 0.5027980489773409, 0, 
0.795069252373609, 0.697448938522807, 0, 0, 0, 0.20177333673529224, 0.5012149895635893, 0.10072819365689971, 
0.8414813654947254, 0.8369336172888431, 0.7009274188192578, 0.6322662141342644, 0, 0, 0.1310585041536421, 0, 
0.9068004235718667, 0, 0, 0, 0, 0.7243380265627544, 0.5856892757603865, 0.034806839705457886, 
0.856661635457588, 0, 0, 0, 0, 0.5153090408481404, 0.2459936134656031, 0.13047603643842806, 
0, 0, 0, 0, 0, 0.4822337771112991, 0.5790523977785359, 0, 
0.7598094842177933, 0.6565033416110322, 0, 0, 0, 0.6730147425822853, 0.23269931465372387, 0, 
0.7174166048427841, 0.7290927359862809, 0.7038662663238879, 0, 0, 0.6739840105511394, 0.4854610066791428, 0.09728506459384863, 
0, 0, 0, 0, 0, 0.4432745525767853, 0.33876931853809955, 0.048943086509542655, 
0, 0, 0, 0, 0, 0.738191014617307, 0.37417568112061, 0.10312284627769812, 
0.7875366116634184, 0.6644263268245607, 0, 0, 0, 0, 0.767262583814958, 0.051866227269005014, 
0.6749283438952388, 0.8001132019136452, 0.7221673293509799, 0, 0, 0.2022495218592979, 0.3779306543812691, 0.04132255793893226, 
0, 0, 0, 0, 0, 0.6243436780523796, 0.5400307467190428, 0.05488966874350517, 
0.7696168798556308, 0.6815869978272205, 0.8535796804813465, 0, 0, 0.1858700268233894, 0.2394642625579777, 0.1537797243446039, 
0.7848658757415149, 0, 0, 0, 0, 0.8252553702583288, 0.37444243895528595, 0.1283674893341989, 
0.6776255592459852, 0.6700299555302804, 0.7208792002997515, 0, 0.6698900825581424, 0.6894651411909566, 0.566259241570405, 0.15552807567342186, 
0.65590174387927, 0, 0, 0, 0, 0, 0.6109265012563939, 0, 
0.7671557877380354, 0, 0, 0, 0, 0.41598941826416935, 0.23487426927512853, 0, 
0.6957639912613623, 0, 0, 0, 0, 0.4577664794222449, 0.12395227717407856, 0.05071024445523462, 
0.6216033684736975, 0.799765767549482, 0.7009043487960916, 0, 0, 0.1993801675857232, 0.49616990086237517, 0.09592294221121142, 
0.6381852476566564, 0, 0, 0, 0, 0.7283252564004721, 0.6225745730379529, 0.05097555400276136, 
0, 0, 0, 0, 0, 0, 0.49784952340175687, 0, 
0, 0, 0.7281898639013783, 0, 0, 0.37514927390490627, 0.6681665195402455, 0, 
0.8268762118303279, 0.7459814234833546, 0.6840989648951818, 0, 0, 0.2231816195716636, 0.12001247331407094, 0.08580863411048399, 
0.7557525752430062, 0.8191667777014684, 0.5003599288738295, 0.6387464373028682, 0.7153672065836524, 0.20902966337793635, 0.3131838370939981, 0, 
0.664963823404062, 0.6834260305685638, 0.5977722708976456, 0, 0, 0.38583408961829624, 0.3540783528591828, 0.0619273993614816, 
0, 0, 0, 0, 0, 0.22477635170402768, 0.2610989306228436, 0.04292133069739551, 
0.6242248948033577, 0.6450995306028433, 0.7734311603163062, 0, 0, 0.48586201193904044, 0.44788385015886456, 0.19419787977867128, 
0.6960650872523461, 0, 0, 0, 0, 0.4536202776643526, 0.21925202660113285, 0, 
0.7123225782020379, 0.7413277221079937, 0.6138282594495431, 0, 0, 0.26831013291620753, 0.4468745163164722, 0, 
0, 0.6614406891277648, 0, 0, 0, 0.45784479858011834, 0.3665777387815747, 0.12955098218197128, 
0, 0, 0, 0, 0, 0, 0.21807043569066256, 0, 
0.7337454950759391, 0, 0, 0, 0, 0.5178143094556364, 0.097134182409205, 0.053806167279024084, 
0, 0.8258865678206408, 0, 0, 0, 0, 0.29451272962692804, 0.03674573683644186, 
0.6373877283207221, 0.8858206577694471, 0, 0.641838726895906, 0, 0, 0.2545205167284205, 0, 
0.5872172447732801, 0, 0, 0, 0, 0.20277418278221812, 0.12499919218255058, 0, 
0.7980477415319276, 0.6299371352695466, 0, 0, 0, 0.2067128469848817, 0.21029950763545197, 0.045083289993417375, 
0.7633340037168523, 0, 0, 0, 0, 0.5466744691853007, 0.2316610422569984, 0, 
0.7117096097225801, 0.8158059593333759, 0.7503770759965956, 0, 0, 0.4653598505337039, 0.7157892274607751, 0, 
0.78673824745766, 0.6434033872868381, 0, 0, 0, 0.7916044953566577, 0.24062257411162208, 0.10291774247364358, 
0.7991177957361558, 0, 0, 0, 0, 0.20629025094891967, 0.10601773815120319, 0.04658659749734466, 
0.705602567489708, 0.6650241404663447, 0.7493040597891992, 0, 0, 0.7339359706132752, 0.9586063940384317, 0, 
0.604765444760511, 0.8228371646471869, 0, 0, 0, 0.29031020211327385, 0.5900863554680364, 0, 
0.8432644043685416, 0, 0.6652835541838662, 0, 0, 0.22358176276761185, 0.8414807151323529, 0, 
0.7292112060111903, 0.8273875037826837, 0.7432032328419584, 0.7684375052690209, 0, 0.2169360634664062, 0.26344972865137084, 0.1094991820737734, 
0, 0, 0, 0, 0, 0.4041837080135392, 0.48286655867784417, 0.16054005503170493, 
0.82293781071344, 0, 0, 0, 0, 0.6284629763220988, 0.5317356181925282, 0.06107511518967203, 
0.764769178128823, 0, 0, 0, 0, 0.22983662019376988, 0.3870412372224271, 0.06073881282054779, 
0.7696256625052195, 0.6736927149754182, 0.7931829755915457, 0.7273512071256756, 0, 0.9138716179523305, 0.37353431487372607, 0.055076482432378525, 
0.6693308150663482, 0.8289013592332314, 0, 0.6456499328176771, 0.7380862841360605, 0.6769332029429981, 0.3510026800613725, 0.04067250970986681, 
0.6916563166220272, 0, 0, 0, 0, 0.47376387370973755, 0.7653166280295889, 0, 
0.7847161877898474, 0.8418218628636243, 0.8288332780268073, 0, 0.6712417042543413, 0.3496268141126436, 0.5169112177405972, 0, 
0.6785492693545555, 0.6980590586648397, 0.7434998165020169, 0, 0, 0.17455528579471685, 0.4062481652816272, 0.05705194042265975, 
0.7967289877839399, 0, 0, 0, 0, 0, 0.3734198172380574, 0, 
0.7903508107894611, 0.6753248199797987, 0, 0, 0, 0.22758372026595838, 0.47386364464713093, 0, 
0.7308948538452845, 0, 0, 0, 0, 0, 0.09459403143324877, 0.09769135101415319, 
0.7058919766744359, 0.6905371027203433, 0, 0, 0, 0.4730203925904292, 0.8304292047054161, 0, 
0.8765024502314012, 0.718311557841943, 0.7274288061884541, 0, 0, 0, 0.4115249860757041, 0, 
0, 0, 0, 0, 0, 0.6861770112438105, 0.6193133792220279, 0.15998669695448484, 
0, 0.7491146428398832, 0, 0.6557446558237686, 0, 0.42594944544181057, 0.4755551114234656, 0.23186979325335, 
0.8441745644988563, 0.7522738178408301, 0, 0.714756533497174, 0.7631940237081302, 0.2573069732814811, 0.5227198824527544, 0.10380566546714218, 
0.6371154027537527, 0, 0, 0, 0, 0.2116270533525265, 0.29722127574111223, 0.06051299426180059, 
0.7232898175225795, 0.671097301149368, 0, 0, 0, 0.5203313193637096, 0.28638561172622246, 0.04579519833367961, 
0, 0, 0, 0, 0, 0.5213575875469874, 0.7020444886673711, 0.1658476473934282, 
0.7278355239955095, 0.7079857330337549, 0.7715220510190266, 0, 0, 0.6687183570341689, 0.5024465813601559, 0.06641344410813997, 
0, 0, 0, 0, 0, 0.23493562459985928, 0.6164567453373572, 0, 
0.6929321497121188, 0, 0.7511212055898769, 0, 0, 0.2170246900786159, 0.36987676720711915, 0.08937658791973062, 
0.6059646666566805, 0.6973516638349442, 0.6843272113839884, 0.6071535893550714, 0, 0, 0.8643033852880606, 0.047442069359104215, 
0.8572184432008327, 0.7958497080200299, 0, 0, 0, 0.22933830622514031, 0.09360131802480467, 0, 
0.6699934558449802, 0.6062502646462761, 0, 0, 0, 0.4270254931601129, 0.8122105494665695, 0, 
0.6893731025243174, 0.5307681640692069, 0, 0, 0, 0.18570340345345107, 0.39938099392162296, 0.053463761428795345, 
0.6775768423808695, 0.7394639722811045, 0.6857462215894714, 0.5973784934628548, 0, 0, 0.4850693800254284, 0.06607390360736722, 
0, 0, 0, 0, 0, 0, 0.3345539545552052, 0, 
0.8679295940821772, 0.6708032146145602, 0.7751584340313525, 0, 0, 0.4617452244928499, 0.7275650098935993, 0.09649777472684981, 
0.7056865625993526, 0, 0, 0, 0, 0.639385638057409, 0.14138460035931152, 0.10493822757371518, 
0.6776283263136531, 0.7726609490865912, 0.7170917449836691, 0.8604656392009424, 0.7508797667409018, 0.24467489341126675, 0.2591100205811686, 0.04157406994972013, 
0.65912577668585, 0.696185100029762, 0.7265359831437891, 0, 0, 0.3631411480033838, 0, 0.13784357552545823, 
0.6897983409484714, 0.7630743949414047, 0.7474294752758639, 0, 0, 0.4590362249061778, 0.2447203386666991, 0.04982314930644899, 
0.7824214885011546, 0, 0, 0, 0, 0.3999853397574181, 0.482883776027667, 0.11263089852770525, 
0.6245478014309994, 0.6223815957926921, 0, 0, 0, 0.9954329192166238, 0.6541542614938566, 0.05517197267038652, 
0.6559196358061723, 0, 0, 0, 0, 0.5903049199568339, 0.21698853258690223, 0, 
0, 0, 0, 0, 0, 0.6730314049209796, 0.6768577244303084, 0.09432784596217833, 
0.8259859191057849, 0, 0, 0, 0, 0.36865181581235007, 0.4818544637748916, 0, 
0.5570427909712244, 0.8404683053725934, 0.8341432648162568, 0, 0, 0, 0.393784391160463, 0, 
0, 0, 0, 0, 0, 0, 0.8715744089338326, 0.05512404668298108, 
0.6533533618737979, 0, 0.7230094082535456, 0, 0, 0.6843173642553082, 0.6406127224495312, 0.10476838201328502, 
0, 0, 0, 0, 0, 0.4024855063492545, 0.4767014417549561, 0, 
0.6645628421863637, 0, 0, 0, 0, 0.1936523736932167, 0.37035594062085214, 0, 
0.7744954529281853, 0.7792677887646339, 0, 0, 0, 0.6919607301994402, 0.3417381935649658, 0.09900643202581896, 
0, 0, 0, 0, 0, 0.21756815707896462, 0.6067519991747803, 0.043186879874466115, 
0.6281463323836953, 0, 0, 0, 0, 0.5731265065261935, 0.5924806906986919, 0.11165319645788982, 
0, 0, 0, 0, 0, 0.8521194324384572, 0.4634940072238776, 0, 
0.8503936601827528, 0.7768746307485032, 0, 0, 0, 0, 0.4776905180927611, 0.06556897177762133, 
0.7663684722234988, 0.8465560001355454, 0, 0, 0, 0.2643475028708981, 0.46953230805735685, 0, 
0.6546170861353738, 0.6923581675799506, 0.6974911277460679, 0, 0, 0.24221937825688244, 0.2632247184307063, 0.09529821194646491, 
0.6347680705465225, 0, 0, 0, 0, 0.21258700890583143, 0.46427829393210257, 0, 
0.703365458136163, 0.8298288295359594, 0.5914101800551641, 0.740991294320023, 0, 0.2249972537380766, 0.5524293254141287, 0.15774430778045667, 
0.8130077509821068, 0, 0, 0, 0, 0, 0.48104128377719296, 0.06037473465719334, 
0.7347319533431887, 0, 0, 0, 0, 0.7079402841956425, 0.6712018497809618, 0.07862331557642735, 
0.6991284281046705, 0, 0, 0, 0, 0.19205330714820917, 0.7621626323967197, 0.12905037383531184, 
0.7735134107908868, 0, 0, 0, 0, 0.4374524766087607, 0.5270085051959926, 0.04583510025911373, 
0.7475743893958782, 0, 0, 0, 0, 0, 0.3353597495428316, 0.19031013131313673, 
0.8735434814604662, 0.7368640283062785, 0.7411107283017362, 0.6749958185736004, 0.6528469093296272, 0.694573617885254, 0.3776238149478261, 0.09903550754706172, 
0.7149647223610949, 0.766892496663908, 0.7678438256511272, 0, 0, 0.7402805344468517, 0.5016855021271462, 0, 
0, 0.5133790289752629, 0, 0, 0, 0.4505641256793111, 0.22156128597370106, 0.14129154777795447, 
0.7128407197698581, 0, 0, 0.6561905681591587, 0, 0, 0.5195732112161706, 0.061463242703301425, 
0, 0, 0, 0, 0, 0.6718574564062675, 0.1252312897448846, 0, 
0.7706425279149263, 0.7298744337574513, 0.7579321729496363, 0, 0, 0.23540977106998368, 0.252060405867096, 0, 
0.8839980497994274, 0, 0, 0, 0, 0, 0.9252143993389964, 0.0461936002962711, 
0.8573940729419721, 0, 0, 0, 0, 0.4460208038630228, 0.27901507857397395, 0.23708208129919547, 
0.6684910523012367, 0, 0, 0, 0, 0.23243890482908552, 0, 0.04227961522199779, 
0.7035753049956104, 0.7121032145582384, 0, 0, 0, 0, 0.12834729955605279, 0.09902874105400121, 
0.5861971573270912, 0.8427200294061853, 0.697777715965268, 0, 0, 0.4063118512722931, 0.5829097060616013, 0, 
0, 0, 0, 0, 0, 0.39439368142319514, 0.4695993742695956, 0.10774971065968389, 
0.6496715571452588, 0.786946784600122, 0, 0, 0, 0.20560334149235482, 0.4911566403242425, 0, 
0.7839706256487025, 0.7715045566691273, 0, 0, 0, 0.23136392075816659, 0.47134629460424826, 0.03492564759753271, 
0, 0, 0, 0, 0, 0.16232691909062888, 0.1094749441039253, 0, 
0.8888647672067602, 0.7989723280297516, 0.7363281266060847, 0.6824759722321668, 0, 0.29961689349127396, 0.9487889358224804, 0, 
0.7789450435112396, 0.6959420237605152, 0, 0, 0, 0.42650881427702936, 0.771409634080146, 0, 
0.8605026352311281, 0.6162803108133715, 0.7468133444321372, 0.7017283851294785, 0.6626279193163276, 0.4006561530367304, 0.6339105853873713, 0.08136716577615417, 
0.6572198335165763, 0.694882314861065, 0, 0, 0, 0.5149237307322043, 0.36666991996059395, 0, 
0.711413952221878, 0, 0, 0, 0, 0.4469429409118579, 0.21629757892451554, 0, 
0.8769987134904962, 0.7332653722154967, 0.6677414465526319, 0, 0, 0.715583695165556, 0.5214504361219728, 0.047429723539556795, 
0.6058729176061771, 0, 0, 0, 0, 0.46066474019201387, 0, 0.0934522548847464, 
0.6524084184281074, 0.6625896204708397, 0, 0, 0, 0.271493759957726, 0.2596166923632667, 0, 
0.7496507621577424, 0.8188110203430826, 0, 0, 0, 0.19974922403828851, 0.5703087173132801, 0.08978839701798022, 
0.5885835827406047, 0.6078877706055397, 0, 0, 0, 0.4513095395624573, 0.39275124046747595, 0.047869839979862064, 
0.7443562393464458, 0, 0, 0, 0, 0.18337559943795034, 0.2423269244906777, 0.05566041580085479, 
0.6955203529056684, 0.5494100968009208, 0, 0, 0, 0, 0.31849268558059923, 0, 
0.5287622428816772, 0.7496220984646216, 0, 0, 0, 0.2179191490562737, 0.3510712253112194, 0.09420061355892449, 
0, 0, 0, 0, 0, 0.2003438140363901, 0.3516670494124036, 0.1066207189250403, 
0.6952745171109955, 0.6715454834088922, 0, 0, 0, 0.19931883399893285, 0.4176048522915871, 0, 
0.9448196080842728, 0.8449847833341361, 0, 0, 0, 0.44181797788988303, 0.573916705893228, 0.03963793370652231, 
0.8357743763174483, 0.7897659794542022, 0, 0, 0, 0.2515426951907166, 0.6428648423311591, 0.09335353675042501, 
0, 0, 0, 0, 0, 0.7014925004592477, 0.9934992291402635, 0, 
0.7178995216864099, 0, 0, 0, 0, 0.20314962146975768, 0.4678757192981127, 0, 
0.6154823722436309, 0, 0.6457533570154095, 0, 0, 0, 0.1025207255891201, 0.05688584060459443, 
0.7531316874326792, 0.587285456136646, 0, 0, 0, 0.3978956317413612, 0.5830748481674439, 0, 
0, 0, 0, 0, 0, 0, 0.36136986072702004, 0, 
0.7840131340953375, 0.780065448444022, 0.7370770097366088, 0, 0, 0.26199227920901486, 0.831316647845078, 0.10022786350751778, 
0.8965859558772191, 0, 0, 0, 0, 0.717469714986272, 0.8792246828190802, 0.04554015329443762, 
0, 0, 0, 0, 0, 0, 0.3937048631363849, 0.0524740847648136, 
0, 0, 0, 0, 0, 0.16612020845887748, 0.7951542968940114, 0, 
0.7638779396829648, 0.8100506283773997, 0.7572621517612562, 0.7658070946715569, 0, 0.23140082543383672, 0.3524325727163834, 0, 
0.7720277109127193, 0.6736721243377728, 0, 0, 0, 0.5262927635722738, 0.6290969567439301, 0.1038587565465412, 
0.7613781621154727, 0.7963917074219433, 0.6626659714638203, 0.6662087757098138, 0.7385081990773458, 0.5637892410604136, 0, 0.098725232736125, 
0.6981444410971193, 0, 0, 0, 0, 0, 0.2391665975150036, 0, 
0.651372542520701, 0, 0, 0, 0, 0.47431078878282096, 0, 0, 
0.7285241449086384, 0.6306645624650788, 0.8534586049255413, 0, 0, 0.4472268920244309, 0.4911267482950742, 0.08778586399107549, 
0.7276622735502987, 0, 0, 0, 0, 0.6562805682981466, 0.6589440748016919, 0, 
0.50545121455492, 0, 0, 0, 0, 0.6716198610988158, 0.23798620800676754, 0.2025402927047697, 
0.8004822925346634, 0, 0, 0, 0, 0.2740994427556582, 0.48990051978265525, 0.10705939738827457, 
0.6335039348945322, 0.582434016923415, 0, 0, 0, 0.4190178643529013, 0.4441055321917702, 0, 
0.6757190699268492, 0, 0, 0, 0, 0.2549980112578847, 0.3541379147309811, 0.04883715188611519, 
0.7466145670376007, 0.7249421183223139, 0.5615639882833047, 0.6406329003480241, 0, 0.7460282576279746, 0.37497849649184933, 0, 
0.6619181191446375, 0, 0, 0, 0, 0.25785724413992683, 0.5085188519871833, 0.04855806788207921, 
0.7534729311343457, 0.8265509830513844, 0.7020976738307979, 0, 0, 0.3900015083682877, 0.9105800891334017, 0.15768093710020806, 
0.7041207070338606, 0.7375677225475461, 0.67052390422174, 0, 0, 0.22364372649985373, 0.3997225959596724, 0, 
0.6741237777189388, 0, 0, 0, 0, 0.6582374887640748, 0.39286993853755753, 0, 
0, 0, 0, 0, 0, 0.8833432285798374, 0.8506428971614073, 0, 
0.7296936689733257, 0, 0.658967363566507, 0.633189431155301, 0, 0.7180367989264662, 0.2878015315859563, 0.06470229270334629, 
0.8516055317432327, 0, 0, 0, 0, 0.481808296637079, 0.6767530515343025, 0.1335838897537393, 
0, 0, 0, 0, 0, 0, 0.7130469549759286, 0.05550882565666845, 
0.7625108864748963, 0.8181299425127104, 0.7163374728800322, 0, 0, 0.21492735939162508, 0.3442318599337703, 0.0482468101478024, 
0, 0, 0, 0, 0, 0.14395244665929802, 0.21251708670950348, 0.10289973524609804, 
0, 0, 0, 0, 0, 0.4158158998996103, 0.31410125524993954, 0, 
0, 0, 0, 0, 0, 0, 0.9208462895730793, 0.033655448046610574, 
0.9018003284843223, 0.7187310688130888, 0, 0, 0, 0.2792315018505388, 0.395510688840941, 0.19301612585528366, 
0.7637843321919667, 0.7350368264643783, 0, 0, 0, 0.18535686751302846, 0.5228088499314929, 0, 
0.7278553136986989, 0.798928283418514, 0, 0.6350828152428575, 0.6729440629399154, 0.23801237032942915, 0.4010255989361367, 0.1359293215205527, 
0.7637347442384874, 0.6540192998252372, 0, 0, 0, 0, 0.91153395782915, 0, 
0.7320909373780988, 0, 0, 0, 0, 0.5228153229963274, 0.11681516462361252, 0.04172088346412674, 
0.7286235127882317, 0, 0, 0, 0, 0.4212972057906101, 0.3234638018995618, 0, 
0.7372184040881177, 0.7213070567476916, 0.7749100682216339, 0.7136510622911258, 0, 0.415253552939554, 0.8705476376181199, 0.0543162660667766, 
0, 0.5845487706983284, 0, 0, 0, 0, 0.8854281518043745, 0.10510834881440316, 
0.6337110521032644, 0.6259332953124402, 0, 0, 0, 0.269130306954037, 0.40173755062865035, 0.05489935369355982, 
0, 0, 0, 0, 0, 0, 0.5168102999635285, 0.09862604422995636, 
0.8427315845721006, 0, 0, 0, 0, 0, 0.6739716458783732, 0.038933547339330424, 
0.6282375819818597, 0, 0, 0, 0, 0.46054281964097277, 0.2890058440714394, 0.09264820651110872, 
0.8185626190082772, 0.8122024226199487, 0.7487179672406739, 0, 0, 0.2355568273159417, 0.45246484916190655, 0, 
0.7515050510563597, 0.7015543055823164, 0.6648217478858125, 0, 0, 0.5090220049099525, 0.3633893685921937, 0.08988631042739441, 
0, 0, 0, 0, 0, 0.26791416814843727, 0.8017982210952519, 0, 
0.8111680911393133, 0.8067791870618256, 0, 0, 0, 0.7213280658345871, 0.13364793056990648, 0.04184320295733583, 
0.7709444589806832, 0.6027585036132923, 0, 0, 0, 0.4895664007582047, 0.6819423725586928, 0.04816946986727276, 
0.7763796069800647, 0, 0, 0, 0, 0.920513617665209, 0.6435342483985431, 0.09523558197322567, 
0, 0, 0, 0, 0, 0, 0.7477376727099297, 0, 
0.6889923860717946, 0, 0, 0, 0, 0.2253554976784678, 0.38963356393801046, 0.049529149528384796, 
0.8549052670776746, 0, 0.7234393653714803, 0.5550392485231989, 0, 0.23130208861281903, 0.8973248877648838, 0.04445317800015093, 
0.7078924228873873, 0.7749998067369497, 0.6669793477507309, 0.7192352724166378, 0.7244179012136028, 0, 0.350114299045882, 0.0602230341192335, 
0.7997889947160316, 0, 0, 0, 0, 0.20006961744832252, 0.4967464936664726, 0, 
0.7976261869382846, 0.7409329470704697, 0, 0, 0, 0.40061207423160194, 0.3590349013597133, 0.05410127091826855, 
0, 0, 0, 0, 0, 0.46380378870145655, 0.69726213742841, 0.08479819115800813, 
0.7415507978692102, 0.7133339007251297, 0.5945636939109071, 0, 0, 0.1760985854157955, 0.6665356611443063, 0.1024215203570817, 
0, 0, 0, 0, 0, 0.4861670271917961, 0.25368247942318634, 0, 
0.7878737947071949, 0.747899981871121, 0.6969341210343262, 0.7082577646659877, 0.5491253410737744, 0.4749464436332591, 0.22351926357717034, 0.055865627522233764, 
0.5518957360955179, 0, 0.5721537158655712, 0, 0, 0.4949121370354824, 0.49261282974162607, 0.10807744384767326, 
0.785181404385433, 0.7110587596163127, 0, 0, 0, 0, 0.5109462539761397, 0.1044560621909204, 
0.7312555280740801, 0.6546720715165429, 0.835306531052827, 0, 0, 0.27192705765564706, 0.6607527939738972, 0.06624184109438198, 
0.8570649111141408, 0.6750036038210159, 0.7114393669753681, 0, 0.6247445262747767, 0.23356031172512987, 0.3369390464332054, 0.05155137312516918, 
0, 0.6247025318051019, 0.7696159090303629, 0, 0, 0.4359109927365953, 0.2579077459374999, 0, 
0.7905542988473405, 0, 0, 0, 0, 0.1902281486053066, 0.8727705502989025, 0.03679137443917117, 
0.6391507430093764, 0, 0, 0, 0, 0.21399544316037286, 0.15746263118333034, 0.056470375737815534, 
0.6860685295638911, 0, 0, 0, 0, 0.672312204946875, 0.6041584507628018, 0.17711803521852412, 
0, 0.5203442285046778, 0, 0, 0, 0.49394505397158106, 0.39266417910100754, 0.10433177181298588, 
0.8069935861175894, 0, 0, 0, 0, 0, 0.5999373428896121, 0, 
0, 0.6811891867485576, 0, 0, 0, 0, 0.6421955547662745, 0.05654911667993463, 
0.5955959959340655, 0.7197712422797027, 0.6837320661715207, 0, 0, 0.4579978181758831, 0.7233796090862042, 0.1076509205943891, 
0.62891478842745, 0.5960902597276232, 0, 0, 0, 0.5225394488991054, 0.25647104041389324, 0.10435093158698236, 
0.7714516792262246, 0.7540642614055376, 0.7134096199430819, 0, 0, 0.2230143746436915, 0.7919358262777997, 0, 
0, 0, 0, 0, 0, 0.44409020100672797, 0.3435878520321334, 0, 
0.77812143119445, 0.8109902450494632, 0.7144902157943037, 0, 0, 0.4331484255572843, 0.5841003480973953, 0.0461479617259796, 
0, 0.6887836561415673, 0, 0, 0, 0.18601081477467213, 0.34319302335893875, 0, 
0.7149747960891226, 0, 0, 0, 0, 0.7596386989886914, 0.4977204181756548, 0.09175530677296657, 
0.6893564492427023, 0.6136735008361562, 0.720939220367909, 0, 0, 0.22037561032031214, 0.09031025230288536, 0, 
0.8016491994878233, 0, 0, 0, 0, 0.21920368568721355, 0.7576734374667378, 0.048915300323408226, 
0.7311610040119292, 0.8299472715095446, 0.7099807399302389, 0.5829289408557013, 0, 0.5803945602241332, 0.2913100625745092, 0.12295462912096793, 
0.6601389622052225, 0.7086863331901327, 0, 0, 0, 0.17685495331748116, 0.6704727482105826, 0.1307114860088383, 
0, 0, 0, 0, 0, 0.4615562939095675, 0.6145538546747121, 0.05307285266856097, 
0.7356657215386947, 0.7017464993429084, 0.7905855440746546, 0.727980267972786, 0, 0.2363017324572144, 0.4308489298620236, 0.12866054074876518, 
0.7433474513196197, 0.8220555339811859, 0.6815005867915105, 0, 0, 0.4350849591022259, 0.42867224288093536, 0.042257367257221026, 
0.7974991594798422, 0, 0, 0, 0, 0.24907524400561304, 0.2539421062687611, 0.09457274251456069, 
0.7483560020739631, 0, 0, 0, 0, 0.20082836726692466, 0.2347496536594771, 0.05814953624250696, 
0.6318285478006758, 0.7150734634697423, 0, 0, 0, 0.2826877921946319, 0.6441911947854447, 0, 
0, 0, 0, 0, 0, 0.4267999933562291, 0.7952104273466926, 0, 
0.7971774925403314, 0.6955597321609266, 0.7197551275228318, 0.8002026539311764, 0, 0.2523381604462849, 0.37326620943821154, 0.045107838058354395, 
0.7036148769567593, 0.6656995691660873, 0, 0, 0, 0, 0.6103477911132201, 0.056782076634608235, 
0, 0, 0.5909140802766174, 0, 0, 0.21440254855799584, 0.9213302860544141, 0.04929492675291576, 
0.8645864768417043, 0.682875797940433, 0.8416306443471111, 0, 0.6181439777163925, 0.3559937277335744, 0.2997241811293822, 0.056457249882103766, 
0.797232642620577, 0.6487536335555131, 0, 0, 0, 0.4396624747756057, 0.8097199527107117, 0.047110272649980675, 
0.7109333584473452, 0, 0, 0, 0, 0.21101570136675077, 0.5383916377320581, 0.030117458835247808, 
0.7039042043677912, 0.7450012531986283, 0.605444253675785, 0, 0, 0, 0.37441014370732423, 0, 
0.7711934738491963, 0, 0, 0, 0, 0, 0.22293852319084037, 0, 
0, 0, 0, 0, 0, 0, 0.37008287310934296, 0, 
0.6688669080677252, 0, 0, 0, 0, 0.30275885663018054, 0.34574036159890814, 0.034109947476978965, 
0.8174543386284029, 0.6805930211511833, 0, 0, 0, 0, 0.38051812550525216, 0.046858909990541195, 
0.7537135836528819, 0.7247825130583496, 0, 0, 0, 0.21162093117473896, 0.22040856094485414, 0, 
0.7473172725122847, 0, 0, 0, 0, 0, 0.2655363822552888, 0.1988775291127491, 
0.5888865491857964, 0, 0, 0, 0, 0.21910041176108158, 0.6405966832838461, 0.05588528717920518, 
0.8628944423798611, 0, 0, 0, 0, 0.20751371954079972, 0.6855703790047143, 0.09629813149111466, 
0.7902355457758437, 0.7473436740390749, 0.8084785673049225, 0.7343509467228633, 0.7139015309251953, 0.5519365551948505, 0.40345375922368654, 0.10572744286259232, 
0.8050068362106149, 0.6720374984799653, 0, 0, 0, 0.4800883375785732, 0.766473796592228, 0, 
0.6725176648568925, 0.7066688845687176, 0, 0, 0, 0.2333110069162101, 0.351492848620238, 0, 
0.759847849328499, 0, 0, 0, 0, 0.4556642003899409, 0.6274447409497659, 0.03284677372014307, 
0.7571723939105434, 0, 0, 0, 0, 0.4296670045470883, 0.44673554154172157, 0.09698120503732507, 
0.7557959728064618, 0.8205364508414196, 0.8072685170064675, 0, 0, 0.2316606121585633, 0.5883643626737098, 0, 
0, 0, 0, 0, 0, 0, 0.4706315785256714, 0.054335058931533044, 
0.7161469214589686, 0.7296063581859377, 0, 0, 0, 0.5192044741930392, 0.3650768035485365, 0, 
0, 0, 0, 0, 0, 0, 0.24466272165523856, 0.06807236724510392, 
0, 0, 0, 0, 0, 0.46670809045549877, 0.44341252127170794, 0, 
0, 0.5017927332777236, 0, 0, 0, 0.2017300822309271, 0, 0.05582939298744731, 
0.6482663685631129, 0, 0.5970008399986344, 0, 0, 0.21405247971099112, 0.4772243942032458, 0.027572414121214046, 
0.6626130450822861, 0.641899126057704, 0, 0, 0, 0.2287263155708068, 0.8020955608792363, 0.09254509884191534, 
0.7242974762052381, 0, 0, 0, 0, 0, 0.8712482208880497, 0.06043949276784899, 
0.9049179618870384, 0.8406555713541429, 0, 0, 0, 0.1727348008882282, 0.46194514325813285, 0.0456955460212005, 
0.8739886527454956, 0.7672532258638782, 0, 0, 0, 0.7346972128011829, 0.4502048357814658, 0, 
0.8178173705324451, 0.7610076052576284, 0, 0.6541988440974135, 0.675814039821946, 0.1799164958442387, 0.4610990311865543, 0, 
0.8381819419681047, 0.7253408941333809, 0, 0, 0, 0.21589308521194456, 0.6273189130231405, 0.04600272052817865, 
0.7124292653286185, 0, 0, 0, 0, 0.6230248330464172, 0.5180189302327486, 0.05642714391243725, 
0.756960569850478, 0.6586752654278405, 0, 0, 0, 0.24909516360388656, 0.3616652392616989, 0.10606974774268252, 
0.7382197859782751, 0.6994682088997661, 0.5827012821600721, 0, 0, 0.8521319454392602, 0.3472958400011917, 0.14185382925939405, 
0.6827171506469127, 0, 0, 0, 0, 0.6216727782236364, 0.5057493968097813, 0, 
0.6809074021712815, 0.6636870328995308, 0, 0, 0, 0.20171295777250134, 0.38900797738148685, 0.1293628211942759, 
0.7083816710639665, 0.7001102128274362, 0, 0, 0, 0.34596763159746874, 0.722483126743434, 0.038790849975820926, 
0.804150241708733, 0, 0, 0, 0, 0.5875999893291162, 0.25912219940662257, 0.23725893596567169, 
0, 0, 0, 0, 0, 0.5146794554404408, 0.5524955032948657, 0.12223590404276426, 
0.9251129332480452, 0.7583128444098656, 0.710638623494534, 0.806112913643591, 0, 0.22960710367319068, 0.7602092802368554, 0.08679051140992507, 
0.7357045164274509, 0, 0, 0, 0, 0.7142749883896877, 0.7422576719779027, 0.11378635300006748, 
0, 0, 0, 0, 0, 0.47922611268552384, 0.2652565524749616, 0, 
0.7048175328453846, 0, 0, 0, 0, 0.40360671873316034, 0.5631132977211419, 0, 
0, 0, 0, 0, 0, 0.4548455224719663, 0.7903421166696727, 0.052184804766314506, 
0, 0, 0, 0, 0, 0.4177750259967784, 0.10516124129561162, 0.2158581515611661, 
0.7246265207185927, 0.7166589825325691, 0, 0, 0, 0.48104341086418057, 0.4720308904390797, 0.059859556403126145, 
0.7268117109001441, 0.7102473744772986, 0, 0, 0, 0, 0.7137078262660428, 0.049660805868344385, 
0.6209523016639489, 0.6384502945183976, 0, 0, 0, 0.20723637381531362, 0.13980849072713095, 0.10200301278266528, 
0.7328005317378514, 0, 0, 0, 0, 0, 0.5210033356809751, 0.05238493967072162, 
0.8246688776699369, 0.6461920636472189, 0, 0, 0, 0, 0.8127473633276299, 0.09851395196104247, 
0.7741355271848657, 0, 0.6966062794149681, 0, 0, 0.46293756143758624, 0.5919862589257938, 0.046886245480513435, 
0.7115825495997921, 0.7232004819526576, 0.7635357245219611, 0, 0, 0.5995460884581867, 0.4858500571684046, 0.0509295802358245, 
0.6759008262530178, 0.7028855248871297, 0.6643980774033726, 0, 0, 0, 0.34447674354642344, 0.05518672336812156, 
0, 0, 0, 0, 0, 0.6775100302593431, 0.3438399174178208, 0.03433417416900323, 
0.7215497136837742, 0, 0, 0, 0, 0.37364877911666844, 0.12426881305177959, 0, 
0.7786553633384166, 0.6790900579509705, 0.6017815243638476, 0, 0, 0.4641621933494232, 0.3735019806357247, 0, 
0.7610684719774301, 0, 0, 0, 0, 0.48772591859865744, 0.9217084941625664, 0.058277683080263834, 
0, 0, 0, 0, 0, 0.3578287424776334, 0.7576366031240027, 0.04809335297538395, 
0.7446899814505608, 0.6931888897859192, 0, 0, 0, 0.2563351727979712, 0.36756785480069587, 0.10109334280480173, 
0.6444390352199909, 0, 0, 0, 0, 0.4525088867953331, 0.5544889617364992, 0.05966962639093918, 
0, 0, 0, 0, 0, 0.17392957190065397, 0.5700510791546548, 0, 
0.6621219029614781, 0.8219786421250921, 0, 0, 0, 0, 0.6803352155827901, 0.11169696114902647, 
0.812315386917515, 0, 0, 0, 0, 0.7997526579907449, 0.8325417188740426, 0.029590564201435576, 
0.713621813963196, 0.7441173793611398, 0.6869008934945698, 0.7077887622872414, 0, 0.46702694699568903, 0.38513365966274693, 0.05924231119705695, 
0.7808933665062525, 0.7248266985269552, 0, 0, 0, 0.18084507412274958, 0.22554675119439951, 0, 
0.689532064993473, 0, 0, 0, 0, 0.1899933558426715, 0.6967453594375929, 0.18530824825910602, 
0, 0, 0, 0, 0, 0.7122299169983684, 0.6506170886071976, 0, 
0.8705198087373317, 0.7009397613406808, 0.7452222262470466, 0.574976539841888, 0, 0.19198491042462967, 0.2685805539014897, 0.05152820291832606, 
0, 0, 0, 0, 0, 0.23033350229391597, 0.22866872943940786, 0, 
0.7369549227803318, 0.6812225772482885, 0, 0, 0, 0, 0.344190197973046, 0.04907505154553712, 
0.6290862556573895, 0, 0, 0, 0, 0.6198802394323898, 0.5992302572436639, 0, 
0.8047068340351794, 0, 0, 0, 0, 0.4139690108081508, 0.38473969910967565, 0.05588292155009966, 
0.8654761106809179, 0.7505157175838842, 0, 0, 0, 0.5218306523479835, 0.2856107213191822, 0.11468551543139593, 
0.827579193592776, 0.6851093162852764, 0.5819804206838046, 0.7586813894039982, 0.6069775316872568, 0.23148040614163698, 0.45225067152833986, 0.04804011326054045, 
0.941091678294403, 0, 0.6729562624039085, 0.6928000888123615, 0, 0.21410937378552913, 0.36480792567968096, 0, 
0.71619640897226, 0, 0, 0, 0, 0, 0.6653824034433399, 0.045290832112969574, 
0.8531526947436682, 0.6353266377062168, 0, 0.6508681191174109, 0, 0, 0.3535640457810757, 0.05345328820151729, 
0.6703599283571985, 0.7647041071569263, 0, 0, 0, 0, 0.5360481423254305, 0.0513730610140772, 
0.7813249381785459, 0.7288020704052818, 0.6884880789124062, 0, 0, 0, 0.5817517047649107, 0, 
0.8869915409548655, 0, 0, 0, 0, 0.4418671791901046, 0.7869028313325261, 0.0659451952294671, 
0.6524534477178192, 0.726795568932251, 0, 0, 0, 0.5018446048639704, 0.6010317246396195, 0.053659542009820184, 
0.7214614218087747, 0.6930235990391426, 0, 0, 0, 0.21772866120556406, 0.8472976239440511, 0, 
0, 0, 0, 0, 0, 0.28916848268589995, 0.3089065226997982, 0.08324211952787974, 
0.6767109549033238, 0.8613450394951304, 0.7123210483185474, 0.6597376280151728, 0.7690360864202941, 0.23158764288045686, 0.7277732523782804, 0.10804052780479893, 
0.4306431131558604, 0.6233211997989725, 0, 0, 0, 0.22173689177402287, 0.2049172267132242, 0, 
0.7996268257985956, 0, 0, 0, 0, 0.4981558594272351, 0.2509430369168096, 0.09038784652634982, 
0, 0, 0, 0, 0, 0.20195627887215012, 0.2356296807488393, 0.049066834775786, 
0.7311699806938704, 0, 0, 0, 0, 0.46846899246379536, 0.8904885810361179, 0.04813893513514861, 
0.8247800413596336, 0.704155186634284, 0.7035942372268189, 0.6276580303704012, 0.6312560770996664, 0.48176185568790214, 0.27009374743511466, 0.168424798435231, 
0.8527302484138339, 0, 0, 0, 0, 0.4506853874151634, 0.567267020098211, 0.15470647996064235, 
0.8025983334734859, 0.7106477989420131, 0, 0, 0, 0.6804380938078678, 0.24541544607095966, 0, 
0.7716471351554657, 0.6803892597284807, 0, 0, 0, 0, 0.7603167983465975, 0.0979190608078881, 
0.7629296370277963, 0.7375390365413403, 0, 0, 0, 0.48231644220103204, 0.37788487909561547, 0.050810428195732296, 
0.7412998400611431, 0.7805007505118089, 0, 0, 0, 0.4637193934612395, 0.601726530813308, 0.10572573080322498, 
0.8116271075632954, 0.7736448765848165, 0.6480892074417025, 0.7595231121285602, 0, 0.17344748975272806, 0.2486565221432099, 0.11183505107107387, 
0.7680721717015264, 0.6959125319710313, 0, 0, 0, 0.17207040581694652, 0.5663149638111421, 0, 
0.7352176885955608, 0.7096823323417369, 0.7770617485713971, 0, 0.6425919365857347, 0, 0.23582618805498493, 0.10337469823949941, 
0, 0, 0, 0, 0, 0.45476901938859776, 0.660713630701067, 0, 
0.7917467428471374, 0, 0, 0.6546929056208287, 0, 0.23648162514031285, 0.25591028866099375, 0.09968426411673623, 
0.7177112208520594, 0.7534193883405076, 0, 0, 0, 0.7282934476211211, 0.6114309692980076, 0.048235096326934936, 
0.870082485040761, 0.7775392948816232, 0, 0, 0, 0, 0.47583255508803485, 0.05550850336142552, 
0.5874983399347995, 0.6450377173890074, 0.6620941732843441, 0, 0, 0.8126447050161552, 0.6022851079077696, 0.05368288623498128, 
0.697409640874991, 0.6773374649958512, 0, 0, 0, 0.26415966124212736, 0.6353714738878826, 0, 
0.7560914599104633, 0.8624534304474578, 0, 0, 0, 0.5877176952333618, 0.22044620147732963, 0, 
0, 0, 0, 0, 0, 0.6894680012066685, 0.7881724959989869, 0.049267410563251186, 
0.7332057959843472, 0.7867110454834988, 0.7280415910719358, 0, 0, 0.65414986028763, 0.47726903197765014, 0, 
0.7068748788471437, 0, 0, 0, 0, 0.22124101705789317, 0.39279025715566473, 0, 
0, 0, 0, 0, 0, 0.42908515399414887, 0.770481274482996, 0.11270633799394894, 
0.791939958030209, 0, 0, 0, 0, 0, 0.5535397909440511, 0.13844192852828696, 
0, 0, 0, 0, 0, 0.18612392193395738, 0.3687894597959974, 0, 
0, 0, 0, 0, 0, 0.4498888327259877, 0.1255622153717619, 0.182634582525389, 
0.5436821500947723, 0.8328059858535253, 0, 0, 0, 0.14191212877031828, 0.5355580616148611, 0.0528938243699557, 
0.8280947237210572, 0, 0, 0, 0, 0.2505939380365131, 0.7717501804038323, 0, 
0.6938662890434222, 0.713977017461757, 0, 0, 0, 0.6761814617817097, 0.6293574184424422, 0.04819031457271659, 
0.7145416934120301, 0.6762104263848313, 0, 0, 0, 0.5551544629190315, 0.6456634690440304, 0, 
0, 0, 0, 0, 0, 0, 0.7781674219921874, 0.048919813482691504, 
0.6787390485082041, 0.7849140554929561, 0.8111138186039476, 0.670467561463137, 0, 0.32012392369587805, 0.3515195303252277, 0.10139055206458605, 
0.7936284722272107, 0.7020078431657376, 0, 0, 0, 0.2165602337691764, 0.3776133793927584, 0.1752973529414824, 
0.7431608058742973, 0, 0, 0, 0, 0.2611656270002653, 0.6068037002543905, 0.052571869197556555, 
0.6247978700300021, 0, 0, 0, 0, 0.5666956598610039, 0.6192447523191925, 0, 
0.8338449884088102, 0.6101824398007323, 0, 0, 0, 0.4990097737043424, 0.45287988313723826, 0, 
0.7206706759435111, 0.681263291573224, 0.7654851924231548, 0.7408396280696758, 0, 0.22552464797472985, 0.731538449128592, 0, 
0, 0.6812471675944851, 0, 0, 0, 0, 0.8628029005951443, 0.04456329278835947, 
0, 0, 0, 0, 0, 0, 0.3733690055546516, 0, 
0, 0, 0, 0, 0, 0.23392660139048668, 0.22051599960853618, 0.041430846931033036, 
0.6737434454976549, 0, 0, 0, 0, 0.45146255877104924, 0.7075307984480426, 0.04502767865147336, 
0.5797542398576565, 0, 0, 0, 0, 0.6329900589791926, 0.12873762087188786, 0.10536609465909894, 
0.6877019694570643, 0, 0, 0, 0, 0.4240110436462429, 0.6289211235193097, 0, 
0, 0, 0, 0, 0, 0, 0.4084311851542849, 0.11046240356963768, 
0, 0, 0, 0, 0, 0.7772492107360105, 0.26732161497392404, 0.042035827712514885, 
0.778568346997192, 0, 0, 0, 0, 0.5803848111001736, 0.2734005703697665, 0.08867154178061963, 
0.6192148829249591, 0, 0, 0, 0, 0.16722593697498123, 0.6544776337468384, 0.11585744397698501, 
0.7123869306280233, 0, 0, 0, 0, 0, 0.5022945294482136, 0, 
0.5628747315161108, 0.5619122186615633, 0.7215487342671709, 0, 0, 0.7026939310670084, 0.4693419314183608, 0, 
0.6549870178484891, 0.8090459121873291, 0.7873041095617459, 0.7660972959342331, 0.7264687699783379, 0.49855356613354374, 0.27760668300670466, 0, 
0.7955451613379905, 0.6564366957284224, 0.7264361751456865, 0, 0, 0.3646610087616664, 0.3817887830143759, 0.04203309077589974, 
0.7648498534894952, 0.6122474850827937, 0, 0, 0, 0, 0.47501585321956385, 0.10966532354928753, 
0.646024806972555, 0.6465404997406369, 0.5996936854009649, 0, 0, 0, 0.5864484146507651, 0, 
0, 0, 0, 0, 0, 0.43972381917333675, 0.48513923776755624, 0, 
0.7935168938834763, 0.8178654157084381, 0, 0, 0, 0.19847988312055373, 0.33573401356827937, 0.0793294306028662, 
0.8030959501903631, 0.7212268935772761, 0.6677458122082628, 0, 0, 0.44088417806134944, 0.7817725215474038, 0.05274300051229634, 
0.741703227359251, 0.723941635385116, 0, 0, 0, 0.21838436074870599, 0.8412110860869673, 0.0439740477926404, 
0.8196963522566089, 0.748106781123459, 0.6013753651895619, 0.6888059511826639, 0, 0.2306820575672981, 0.2520395388861218, 0, 
0.7973915767033283, 0.7230114918247702, 0.6465874971392566, 0.6221984318690534, 0, 0.5194954491651287, 0.47896855493036694, 0, 
0, 0.7631688615220479, 0.6119885276093779, 0, 0, 0.3806671944926193, 0.33964963147771343, 0.052104683487858704, 
0.820514292661547, 0.6720672472208502, 0, 0, 0, 0, 0.3968347805537261, 0.11458581043030036, 
0.756587743625012, 0.6976953019806741, 0.7164645276935717, 0, 0, 0.24578648277639853, 0.7686399167342293, 0.013690642114652207, 
0.6822520937032783, 0, 0, 0, 0, 0.2429154166615531, 0.5372189550517965, 0.0618132840584766, 
0.6414159181514288, 0.8244398626835439, 0, 0, 0, 0.2149296163381341, 0.14788980966539908, 0.3119249820676103, 
0.6994204997490115, 0, 0, 0, 0, 0.6583262708700424, 0.29019527351313534, 0.05380442019499655, 
0, 0.7578628321862035, 0, 0, 0, 0.493202681247893, 0.36582600055227776, 0.08838271165872084, 
0.6226264299608675, 0.7606885443221196, 0, 0, 0, 0.45854696403106576, 0.7562756207458132, 0.08665135897279097, 
0.8842020665093043, 0.6586666738913507, 0, 0, 0, 0.21328183304545628, 0.15508762537821916, 0.03705694749067562, 
0.7826533823900574, 0.7667353906297991, 0.5590474324821095, 0, 0, 0.24659573199914533, 0.5119395686019494, 0, 
0.7500552553343054, 0.6986421155810919, 0, 0, 0, 0.23903860382272635, 0.7088904062760708, 0.03182819106049911, 
0.8988205755914164, 0, 0.7604053470089942, 0, 0, 0, 0.33978974206012696, 0.11025914709970908, 
0.7026885046226974, 0, 0, 0, 0, 0.2545330473925889, 0.7834411746353693, 0.17218542080482252, 
0.8592775905519812, 0.7260936996720716, 0, 0.64650194175541, 0, 0.22924537762153055, 0.5639457437535838, 0, 
0, 0.6369925374109574, 0, 0, 0, 0.6771589800347677, 0.6062687482326583, 0, 
0.7486899444560028, 0.8127304777052217, 0, 0, 0, 0.7104785664305784, 0.9025763748482699, 0.10024020401742643, 
0.7390420148988183, 0.7538905351339036, 0.6884107729039277, 0.6119766281396887, 0, 0, 0.3966894715595646, 0.044933210673086955, 
0.516413653998286, 0.6748374482273577, 0, 0, 0, 0.5234472887706174, 0.358881096896089, 0, 
0.6154082151649088, 0.7137400883789964, 0.7127260349264228, 0, 0, 0.4455176908968074, 0.1013371879245489, 0.050613761145244004, 
0.7982472521487806, 0.6392913637518199, 0.6846329999625975, 0, 0, 0.7716814500734925, 0, 0.16820526228325317, 
0, 0, 0, 0, 0, 0, 0.7347267177155279, 0, 
0.7427233407722877, 0.6356530039339602, 0, 0, 0, 0.2329655342531344, 0.2827974326853021, 0, 
0.7912977436703834, 0.6977273581948299, 0, 0, 0, 0.44985293685744543, 0.27504859879150856, 0.041811576091020104, 
0.8051642811338559, 0, 0, 0, 0, 0.3551743979577575, 0.41954081626758166, 0, 
0.7507015178674682, 0.7733908738593601, 0, 0, 0, 0.40297623178998937, 0.2316595145036609, 0.09604437337592746, 
0.5946814050134123, 0.8102170849246239, 0.6748179610775726, 0, 0, 0.4434285812200945, 0.511237392641948, 0, 
0, 0, 0, 0, 0, 0, 0.8882178426572492, 0.10229723024735268, 
0.6085691749966988, 0.6425368940849352, 0, 0, 0, 0.22051563745432667, 0.706114139163619, 0.14793638187037178, 
0, 0, 0, 0, 0, 0.6483482279912909, 0.5421442579809431, 0.09338227357268594, 
0, 0, 0, 0, 0, 0.2540240821254575, 0.4788783300771442, 0, 
0.5752914867492115, 0, 0, 0, 0, 0.48976915264685905, 0.7860179110422252, 0, 
0.7531017805160778, 0.6517228075000163, 0, 0, 0, 0.6841572924623245, 0.6751541053477358, 0, 
0.7288496235973974, 0, 0, 0, 0, 0.4660815428532882, 0.3787362378827595, 0, 
0, 0, 0, 0, 0, 0.45138107694122914, 0.4843073182707431, 0.054078440512242476, 
0.6859884465009002, 0, 0, 0.6658102599138194, 0, 0.1988830351562128, 0.6347650010293908, 0.0954911712465943, 
0, 0, 0, 0, 0, 0.2705193845506359, 0.44572294524306455, 0.09920872812603235, 
0.8679791376832782, 0.7235384096009403, 0.8110732008380073, 0, 0, 0.26008384252873135, 0.24326821908956392, 0, 
0.7542064683828845, 0.6644131051190493, 0, 0, 0, 0.6255205900747491, 0.5659553664431102, 0.1611185252754251, 
0.5808705810315746, 0.727443239891371, 0, 0, 0, 0.7044591586000127, 0.4483212353497262, 0, 
0.7043212951669738, 0.7067775586630531, 0, 0, 0, 0.7537524788201037, 0.26221931577845414, 0, 
0, 0, 0, 0, 0, 0.48498282720334795, 0.28485566517343486, 0.043777712786901, 
0.745006771018436, 0.7096713449017265, 0, 0, 0, 0.24179861894978144, 0.6636081098755011, 0, 
0.745609312845891, 0.7141760016815637, 0.6252286711980599, 0.6054637116266062, 0, 0.608004684778267, 0.2315482742854445, 0.10589196902419233, 
0.7690216078321458, 0.7046658069897862, 0.8508206665335578, 0.6905830130116534, 0, 0.19082979526219152, 0.14149350755600648, 0.12077982771315003, 
0.8431502087216062, 0.7804970489868245, 0, 0, 0.6386154892675205, 0.19124980693467714, 0.2471279288782779, 0.04817054772467808, 
0.7568301920083268, 0.6481252300642785, 0, 0, 0, 0.20422921219631535, 0.24157983448225423, 0.0992926707177347, 
0.6635261584600649, 0.7626133581636049, 0.6815331782383046, 0, 0, 0.47642343556455957, 0.8014652866536321, 0.15385638244701802, 
0.8070709036558734, 0.776773680282271, 0, 0, 0, 0, 0.4785150736010368, 0.043986629784906514, 
0.753379114354866, 0.6668620983538528, 0, 0, 0, 0.5174742565564824, 0.3500359160703862, 0.049873028433513, 
0.5642544214782823, 0.6506997182398161, 0.7779069356830939, 0, 0, 0.701105894599133, 0.2164160976515975, 0.172726314808122, 
0.7050439547741304, 0.7168976835494913, 0.7385132660404823, 0, 0, 0.48963512398268855, 0.35578062253456355, 0.08797620120743928, 
0, 0, 0, 0, 0, 0.46891384314055584, 0.6350743959440726, 0.20735248933402625, 
0.8657393977122465, 0.8049885652458583, 0, 0, 0, 0.26000368102499927, 0.36646555649470436, 0.0458041260114366, 
0.7293937823151994, 0.8018756292978587, 0.6430979318346681, 0.7115987823409498, 0, 0.4838918875865801, 0.5664370149063469, 0.052083418678503225, 
0.5866778669401935, 0.6149863720496763, 0, 0, 0, 0, 0.2592120286673418, 0.059855646131480436, 
0.7276911222414001, 0.6453813222324667, 0.6669602988902692, 0, 0, 0.1983557202223141, 0.650374405812466, 0.06152215062945808, 
0, 0, 0, 0, 0, 0.2726107012468244, 0.40482434583399945, 0.05322603661650106, 
0.6242819092098753, 0, 0, 0, 0, 0.5409679550066497, 0.39354160724555926, 0.050544596975428145, 
0.6827683428874117, 0.8678961355862074, 0.7132372011083103, 0, 0, 0.21229761679349907, 0.38866320853605596, 0, 
0.6256202715133597, 0.781113160477829, 0.8134554663908011, 0.7329965766255473, 0.7077473356864181, 0.2652013845831747, 0.4793605699401122, 0, 
0.8464140562994409, 0.7818980512846754, 0.7809633257724633, 0.7441637298178602, 0, 0.6652419929233121, 0.6596176322326107, 0.05872811784869977, 
0, 0, 0, 0, 0, 0.809028073737195, 0.6630726891781462, 0.047021000557292664, 
0.7339317178082048, 0.6775135357641794, 0.7342321512360043, 0, 0, 0.22526880708098546, 0.8065714477209877, 0.05165349353114472, 
0, 0, 0, 0, 0, 0, 0.461887671369612, 0.039522548485853466, 
0.6717616383170064, 0.725880484107164, 0, 0, 0, 0.2763576624154846, 0.3305150590975123, 0, 
0, 0, 0, 0, 0, 0.46094008387403107, 0, 0, 
0.6487994262948725, 0, 0, 0, 0, 0.17544602167002393, 0.9012649797413979, 0.04159171785847237, 
0.8907791752882848, 0, 0.8034452889044148, 0, 0, 0.6960880912186299, 0.5929747310400376, 0.046649217334355716, 
0, 0, 0, 0, 0, 0.37115581587274155, 0.5361411806523757, 0.053101117208094586, 
0.7912352398728837, 0.7475060449752533, 0, 0, 0, 0.46476770499031106, 0, 0.14754392452052895, 
0.5821337602034015, 0.6774170018151734, 0.6641159859130281, 0.7309677527543397, 0, 0.23594208865583957, 0.8217247061844499, 0.05276919502577028, 
0.6374776438597205, 0.7045386951223637, 0, 0, 0, 0, 0.2516864374035175, 0, 
0, 0.5096388538991239, 0, 0, 0, 0.5176684627534552, 0.7359938191702775, 0.0535271989259911, 
0.7463393024188112, 0.8289530587082858, 0, 0, 0, 0.4216525762828119, 0.4972043949820101, 0.04031952615548038, 
0.82990467245529, 0.6435659700314296, 0, 0, 0, 0.3413241671344278, 0.25260989675564016, 0.06553119890113185, 
0.6531519705034807, 0.6642718587856214, 0.7730684209877352, 0, 0, 0.20632056846812935, 0.38214573383352896, 0, 
0.7277768839618818, 0.6879387686830398, 0.6845948118180987, 0, 0, 0.43563712650785325, 0.5243629198236464, 0.04358144397219932, 
0.8533910978574305, 0.7813815871840435, 0.770249737902735, 0.7126314977096655, 0, 0, 0.14097091098905212, 0, 
0.7086827961230676, 0.8082238225980369, 0.7191960167301648, 0, 0, 0.41710467978241433, 0.2451743350761814, 0.11443828861807781, 
0.773254979492567, 0, 0, 0, 0, 0, 0.45610548266585554, 0.05530039260063794, 
0.763935724858287, 0.8750276066438534, 0.6857111026481489, 0.5397116025306203, 0.7435292161541076, 0.21470813542886985, 0.924891176764976, 0.09696946181616897, 
0, 0, 0, 0, 0, 0.6085611449460844, 0.5968451517104439, 0.05000682994423544, 
0, 0, 0, 0, 0, 0.2157199894285406, 0.47651038144337254, 0.04695984757588929, 
0.5945239809284925, 0.7226476653986181, 0.7253257231131262, 0, 0, 0.37754161001700226, 0.6683341682436459, 0.09917435844627046, 
0.6330274249113123, 0, 0.6356677823454338, 0, 0, 0.6630485058290323, 0.2298089558926506, 0.26070859617220743, 
0.7053715062178249, 0, 0.6971855774542071, 0, 0, 0.22281033459815008, 0.5223419883795826, 0, 
0.7499586284012468, 0.879226716294841, 0, 0, 0, 0.47811393665144897, 0.4871288025761043, 0.08643693564764679, 
0.6224571064706538, 0.7295215616861334, 0.7240654619854519, 0.7915922597235092, 0.7303806027664466, 0, 0.5115742241308455, 0.052028721106812115, 
0.7819509245460634, 0, 0, 0, 0, 0.7369301171970382, 0.640024674442865, 0.050739286472381594, 
0.7280037261152541, 0, 0, 0, 0, 0.4660845916636539, 0.2870971943166487, 0, 
0.5776358861407073, 0, 0.6137955256798119, 0, 0, 0.45761513793886505, 0.23594124495251528, 0.04432574943532101, 
0, 0, 0, 0, 0, 0.45449685191107747, 0.3707850722959515, 0.05901275880866484, 
0.6540681297970655, 0.7713349151776185, 0.7313221588572321, 0.6602051590183989, 0.8425535651686555, 0.23010612296097732, 0.900298478746779, 0, 
0.7617658755752659, 0, 0, 0, 0, 0.45604959133113887, 0.3556548833756339, 0.1022149960587421, 
0, 0, 0.6453452400101896, 0, 0, 0.2325291756077374, 0.3041639159381271, 0, 
0.7425189361382367, 0.5982987241919896, 0.5454995231821722, 0, 0, 0.4892009767319833, 0.5551164706358639, 0, 
0.8281321840002736, 0, 0.650732102004789, 0.7090014834652416, 0, 0.4852456814019395, 0.19390471664605424, 0.050379247721040146, 
0.740490023863863, 0, 0, 0, 0, 0.4559241862587863, 0.37293080087748176, 0.10729210042811854, 
0.7080224352761426, 0, 0, 0, 0, 0.4447040918778377, 0.2520029806437335, 0.05332694536229158, 
0.7948035964728652, 0.6740776885661783, 0, 0, 0, 0, 0.37565541386851387, 0.05287122947651681, 
0.7502824689127119, 0, 0, 0, 0, 0.2699761443148503, 0.3660282412917811, 0.05124143161962569, 
0.8065954303796847, 0, 0, 0, 0, 0, 0.2738146602413446, 0.050070255616915235, 
0.7264251531178834, 0, 0, 0, 0, 0, 0.702538753102784, 0.04164849590376743, 
0.8281562021892682, 0.7265946499095026, 0, 0, 0, 0.6824464488808852, 0.4865579253525377, 0.053690157671237304, 
0.661863787429065, 0.7832639926310162, 0, 0, 0, 0.1946034619087728, 0.7379864737727309, 0, 
0.7484608645266154, 0, 0, 0, 0, 0.7828421412117699, 0.22776533856060294, 0.054069791202609685, 
0.6978323817722033, 0.7225661431209505, 0, 0, 0, 0.4146418185038245, 0.5691994936581576, 0, 
0.7765542018240834, 0.7662716856975212, 0.8763841391174868, 0, 0, 0.2067798068514885, 0.3257821520855451, 0, 
0.7986629117323865, 0.6817724900488963, 0.7548539913372021, 0, 0, 0.2645829756562354, 0.3933909388100028, 0.08652294988369802, 
0, 0, 0, 0, 0, 0.23154859441820771, 0.2372044354586711, 0.10609940533187698, 
0.7663445850349828, 0.7420445451856706, 0, 0, 0, 0.4821473158097776, 0.8793536716203715, 0.05619267064895032, 
0.7719791163997842, 0.7144746992533471, 0.6118852386564868, 0.8334158198616887, 0.6468946084296503, 0.5305523958976887, 0.378319990011711, 0, 
0, 0, 0, 0, 0, 0.42664846904320386, 0, 0.127281653161221, 
0.6942812799464384, 0, 0, 0, 0, 0.28617107175487033, 0.5044881965145953, 0.05633754267056875, 
0.8362145729490177, 0.7316024255658803, 0.711972206639916, 0.7349330298661858, 0, 0.716939056478591, 0.25586819925221294, 0, 
0.7271616215904745, 0, 0, 0, 0, 0, 0.34181822953319585, 0.06296216132136309, 
0, 0, 0, 0, 0, 0.8778143170993461, 0.36915495471577203, 0, 
0.7143328689527054, 0.6566036006557525, 0, 0, 0, 0.18923450458504537, 0.3983807683379001, 0.046159765410683236, 
0.6195670364732315, 0.8249416775745695, 0, 0, 0, 0.43563296706978205, 0.5466016395964124, 0, 
0.7718705338664342, 0.6414718600455768, 0, 0, 0, 0, 0.6640931727559891, 0.04875104396742292, 
0.7368523088363347, 0, 0, 0, 0, 0.24886761122684636, 0.3123081910849398, 0.10726797221444487, 
0.7473653080542988, 0.8076385523522968, 0.659585192522316, 0.5725356498677041, 0, 0.675283264713828, 0.12270639166358151, 0.0591524983661464, 
0.7507060004224924, 0.7812913679417494, 0, 0, 0, 0.2296354650216413, 0.7221465945231433, 0, 
0.7805691199948285, 0, 0, 0, 0, 0, 0, 0.1039309694521392, 
0.7131209006532215, 0, 0, 0, 0, 0.6732264539770157, 0.4949681049010664, 0, 
0.6631004420826383, 0.7040577291964031, 0, 0, 0, 0.4697786512036804, 0.08612749709368278, 0.09850439116029555, 
0.6927009413147457, 0, 0, 0.6545313108200206, 0, 0.23236028780831366, 0.36990299654336517, 0.04958265324688745, 
0.6959986087528734, 0.7352285265165067, 0, 0.6915243885244899, 0.6471054633322788, 0, 0.5223242111966024, 0, 
0.8615769959288555, 0.6908627575621777, 0, 0, 0, 0.5346974183781079, 0.42677907074157223, 0.09474077633026398, 
0, 0, 0, 0, 0, 0.26505360229016917, 0, 0.04799869011775675, 
0.6766194879173937, 0.7622501820901187, 0.6824362223148557, 0.7672579692659369, 0, 0.23912742337457688, 0, 0.08414080169450558, 
0.7124775385994004, 0, 0.7358640230967244, 0, 0.6009604445365472, 0.7282365939797163, 0.42686230994281615, 0.21232293607369485, 
0.8062191520123223, 0.7285743750129081, 0.7075874125556554, 0, 0, 0.5463884473154427, 0.21650513234030483, 0.14518273662344103, 
0.8142730922126701, 0.7018469567557101, 0.7122278292265444, 0, 0, 0.28094147363068045, 0.5854079179322172, 0.08460965514418536, 
0.7303963028601569, 0, 0, 0, 0, 0.24382484584348316, 0.3991241817498453, 0, 
0, 0, 0, 0, 0, 0.4449951798751606, 0.2814838109117317, 0.10312560031076198, 
0.7656927097984199, 0.7666644755260601, 0.8863593128557724, 0.7765531100058376, 0, 0, 0, 0.045310965073880397, 
0.7788519733341268, 0.5404672963837353, 0.8160719233848596, 0.7380335482769531, 0, 0.29191703422306947, 0.11469047379049883, 0, 
0.8226363004797264, 0, 0, 0, 0, 0.6941798090829192, 0.24936064028023308, 0, 
0.8009913336160333, 0.6769112595814359, 0, 0, 0, 0, 0.5007688480336251, 0, 
0.5938047770781264, 0.7388318273222572, 0, 0, 0, 0.2045554526907977, 0.27848434890504975, 0.06723097619292058, 
0.8030066569942462, 0, 0, 0, 0, 0, 0.7857564271931909, 0, 
0.8006041008390093, 0.8469534354121369, 0, 0, 0, 0.20103491255099257, 0.6636287626827763, 0.07332559097427327, 
0.7141923479923853, 0.7523701447302982, 0.6593872567520795, 0.7839703065490264, 0.7571016672723274, 0.24298309263464818, 0.665156525891899, 0.04633233904930623, 
0.7702565629439854, 0, 0, 0, 0, 0.21204822045481472, 0.21217993257473283, 0.09581894860568904, 
0.79581131005721, 0.6171883846532623, 0, 0, 0, 0.216673664694425, 0.5027705618081432, 0.05312466199143169, 
0.7095297657111803, 0, 0, 0, 0, 0.4838063699428976, 0.6229186895540402, 0.09075685976397643, 
0.661302584311772, 0, 0, 0, 0, 0.5127687628600144, 0.6119629210825073, 0, 
0.7480965008130877, 0.784875553334109, 0, 0, 0, 0.3947374188932853, 0.22005257046189491, 0.16702687667153157, 
0.5438614805040439, 0, 0.6114889627749633, 0, 0, 0.46578478598370376, 0.2859217313208614, 0.038763852686912674, 
0.7026640727900836, 0.7644551777158268, 0, 0, 0, 0, 0.2476082121233317, 0.035832429708514656, 
0, 0, 0, 0, 0, 0.49860124235808934, 0.34665358516179473, 0, 
0.7781823348492272, 0.6213898115945209, 0, 0, 0, 0, 0.5048671597211063, 0.0482131684520533, 
0.5989696117949262, 0, 0, 0, 0, 0.4181605900764886, 0.1334497794911116, 0.12632445811643606, 
0.7861048041376687, 0.615625557799109, 0, 0, 0, 0, 0.664232462650611, 0, 
0.7602669403424123, 0.6325165007525198, 0.8349019052762653, 0.7150445055029955, 0.7418738447701968, 0, 0.8728665951288711, 0.09268878699719262, 
0.643658733562123, 0, 0, 0, 0, 0.18468051424368587, 0.6447219738714245, 0.042657460042974146, 
0.688022049919111, 0.8219643490305156, 0.7935196940432053, 0, 0, 0, 0.47932584828219527, 0, 
0, 0, 0, 0, 0, 0.37753948502813117, 0.2280607709028434, 0, 
0, 0, 0, 0, 0, 0.18591817228929214, 0.2798001333209946, 0.06989181736290315, 
0.7688565950463268, 0, 0, 0, 0, 0.2240185881547006, 0.7837633181820104, 0, 
0.76425107250143, 0, 0, 0, 0, 0.18722169772993116, 0.45162898258317413, 0, 
0.8541621245419515, 0.793509105688975, 0, 0, 0, 0, 0.5504526187175485, 0.10540251682170823, 
0.7417654389470805, 0, 0, 0, 0, 0, 0.34171961511070603, 0, 
0.6518310376046152, 0, 0, 0, 0, 0.198356673017633, 0.6748628818964041, 0, 
0.6619238850120786, 0.770378083868761, 0.6512045981747427, 0.6803631403435839, 0.6806041230613322, 0, 0.7565421104836951, 0.0453135193777051, 
0.7950398681150912, 0.7282645055570592, 0.6201506594014369, 0, 0, 0.42280629898953953, 0.3951885499892963, 0.04687623577930118, 
0.6839266845959535, 0.7115309642493499, 0.7835599458092231, 0.6730171366106678, 0.7340932110720093, 0.21133859088862011, 0.4873244955238218, 0.05420563552060879, 
0.7569637106486915, 0, 0.6281262268740411, 0, 0, 0.22109582591039595, 0.3205853744627258, 0.11347137856630411, 
0.8346141455843773, 0.7922526544690893, 0.8465970336931914, 0.6999368339925752, 0, 0.4776407004477991, 0.13328021482744218, 0.0958143215487425, 
0.6728600055875581, 0.8051938410382711, 0, 0, 0, 0, 0.61640049943714, 0.04033588219980909, 
0.7338093087582993, 0.7352709999302705, 0, 0, 0, 0.23224501989422444, 0.12310762926528473, 0, 
0.7429613547928213, 0, 0, 0, 0, 0.7020661518858097, 0.3272241221419394, 0, 
0.7035324183269587, 0, 0, 0, 0, 0.26933082737790587, 0.24012220283265542, 0.05800395964444348, 
0.7285649409290293, 0.6787268298803493, 0.7945672126541978, 0.8441220564946652, 0.643776424253622, 0.4856519801905961, 0.5469738604297245, 0, 
0.7549688371181182, 0.6198571288989011, 0, 0, 0, 0, 0.4462798253329199, 0, 
0, 0, 0, 0, 0, 0.6869471341330996, 0.682085928711951, 0.09715780391442592, 
0.7437022260248152, 0, 0, 0, 0, 0, 0.6761676453302022, 0, 
0.7315240839299375, 0.7839052916273602, 0, 0, 0.6607778196884055, 0.30440037867229086, 0.2141905916743438, 0, 
0.7848639203626426, 0.665348436934633, 0.661211660302589, 0, 0, 0.22953991677235291, 0.6159794849209902, 0, 
0.818970664134494, 0.8386130507484374, 0.6604055132051888, 0, 0, 0.23606319601782313, 0.3567879955334304, 0.041116759535687906, 
0, 0, 0, 0, 0, 0.23726570907033945, 0.5106014880974362, 0, 
0.6550462076353958, 0, 0, 0, 0, 0.6666372381020064, 0.6384179896391262, 0.0721641950032185, 
0.7525103843251663, 0, 0, 0, 0, 0.16179212758864478, 0.45365668479197757, 0.09799247977310159, 
0.7192830988605344, 0, 0, 0, 0, 0.6534405279086268, 0.75020304050656, 0.04801482361196824, 
0.6831985300365484, 0, 0, 0, 0, 0.39950011417799114, 0.7015977587580323, 0.09622305185897129, 
0.7737942622886891, 0, 0, 0, 0, 0, 0.380060424893255, 0.06174683270684941, 
0.7007823080127148, 0, 0, 0, 0, 0.6668626413394337, 0.591320213681277, 0.046081054567852255, 
0, 0, 0, 0, 0, 0.3955035665246039, 0.39316993052886157, 0.06325379444347749, 
0, 0, 0, 0, 0, 0.5144021021384784, 0.3453585680589924, 0.05251041720045927, 
0.7908854033320776, 0.850553814171293, 0.753812774450921, 0, 0, 0.46956182594272156, 0.3223503332077883, 0.04257163688995832, 
0.7940325625681366, 0, 0, 0, 0, 0, 0.663768377950435, 0, 
0.7108897180776536, 0.7905451918214388, 0.6489958888017421, 0.7285169823478631, 0, 0.20385812226682928, 0.3458173532703218, 0.21863975707876243, 
0.73839150385906, 0, 0, 0, 0, 0.3914973303649391, 0.14275123047975213, 0, 
0.7498847615440571, 0, 0, 0.5948123569379404, 0, 0, 0.4183013158430656, 0.07717709669624788, 
0.7609952754305208, 0, 0, 0, 0, 0.19733792943773798, 0.5004156162026336, 0.04806580009537294, 
0.7502086662576963, 0, 0, 0, 0, 0.606504438522512, 0.12578749916753268, 0.14667088407565948, 
0.6911663194327089, 0, 0, 0, 0, 0.21884814039841421, 0.6209440809490644, 0, 
0.6529694361694429, 0.7959096355216255, 0.7677721988497229, 0.7547612419280351, 0.6698555519280676, 0.711518046424841, 0.10777946513405805, 0.10232192163363858, 
0.8008142315384829, 0.6882313099189404, 0, 0, 0, 0.19662330195109082, 0.3240928629222835, 0.16119475664506847, 
0.7499568911591962, 0.7579622321044196, 0, 0, 0, 0.24475795040063736, 0.23963995814331351, 0, 
0.8121895029439147, 0.6895398365274189, 0, 0, 0, 0.2646913885212888, 0.46669120675276315, 0.1743887534604942, 
0.7831756106952106, 0.6812204985196925, 0, 0, 0, 0.43937299632892346, 0.2192508784724553, 0.09143065091118466, 
0, 0, 0, 0, 0, 0.2180038785979817, 0.22692532647909197, 0, 
0.7866502171443832, 0, 0, 0, 0, 0, 0.6337181367257894, 0, 
0.7355722596148481, 0.5167679620815487, 0, 0, 0, 0.27047935357273106, 0.3550994542811523, 0.03842123079008121, 
0.552922836738836, 0.6942593866282621, 0, 0, 0, 0.47873093099557273, 0.430304884552018, 0, 
0.6600218763642862, 0.6778921517730141, 0.7454362190875086, 0, 0, 0.22283764984931773, 0.49293383929045664, 0.060895302709391655, 
0, 0, 0, 0, 0, 0.6549596590803496, 0.23275094812864983, 0, 
0.5763200219270932, 0, 0, 0, 0, 0.4345987566925659, 0.7439743070055761, 0.042194812467406514, 
0.7533978954910696, 0.7491089253748293, 0, 0, 0, 0.42543176780370723, 0.36391609893729643, 0, 
0.6303985487423642, 0.854311837804509, 0, 0, 0, 0.19516831400799867, 0.5339525267701655, 0, 
0.6288584895573545, 0, 0, 0, 0, 0.23051915968583062, 0.8379494174975415, 0.04671895738964034, 
0.643908306428089, 0, 0, 0, 0, 0.4468700197378661, 0.6469146599454814, 0, 
0.7042611181353252, 0.7151628695165152, 0, 0.7075895274078812, 0, 0.36566745559600256, 0.8670328967574426, 0, 
0.712113413699486, 0, 0, 0, 0, 0.24831854636908351, 0.34833644590015744, 0.054398109265095376, 
0.7228818828722406, 0, 0, 0, 0, 0.21698691732283248, 0.6082375598413875, 0, 
0, 0, 0, 0, 0, 0.43843216018980413, 0.336240539879776, 0.040312459783362974, 
0.7365552025576605, 0, 0, 0, 0, 0.6951448699288157, 0.33225289726283275, 0, 
0.7442178489131341, 0.7256336222454759, 0, 0, 0, 0.4775234060077448, 0.47117569612492394, 0.11405826694275985, 
0.6864498430174344, 0, 0, 0, 0, 0.2115491809545406, 0.6545612957916441, 0, 
0.8052950840724566, 0.7900666167815669, 0.8005338051100657, 0.7212187325921305, 0, 0, 0.3690728826996649, 0, 
0, 0, 0, 0, 0, 0, 0.27454696096546505, 0, 
0.8217304991823291, 0.736197351290425, 0.728047264502834, 0, 0, 0, 0.5063161058610417, 0.05242159177359076, 
0.803682483203611, 0, 0.6766537256037488, 0, 0, 0.40785259569035565, 0.7608081487675619, 0, 
0.8143543863966244, 0.6882348198257608, 0.656109259337901, 0, 0, 0.5947712685796972, 0.12893199765264313, 0.06276055158741546, 
0.7301882084793527, 0, 0.6948304901441509, 0, 0, 0.7141098200452142, 0.46668415229541954, 0, 
0.7559907247151352, 0.7922172961915834, 0, 0, 0, 0.5380434804376424, 0.5068167812057085, 0, 
0, 0.8422037019089672, 0, 0, 0, 0.22701393801714956, 0.6348468112415914, 0.0472398383163567, 
0.7932708950757401, 0.6645300838410705, 0, 0, 0, 0.32340412130542756, 0.2623037524737307, 0, 
0.6847985205934192, 0.6213428374429378, 0.7283705551265774, 0, 0, 0.7252530280790066, 0.3109551521924808, 0, 
0.6526603303947703, 0, 0, 0, 0, 0.21849526066367644, 0.4688373348012118, 0.041085659814936136, 
0.7579974474429243, 0, 0, 0, 0, 0.3882269702840405, 0.40230630532845024, 0.1539688198243177, 
0.7490894747170291, 0.639598791608541, 0, 0, 0, 0.45262638151535806, 0.28578159698193406, 0, 
0.82441056519331, 0.6407038742711954, 0, 0, 0, 0.29077270958522117, 0.3460606233512092, 0.04374925633239943, 
0.7532024925395882, 0, 0.6819566048357573, 0, 0, 0.5231270421959919, 0.2958366428246028, 0, 
0.7472665748014182, 0, 0, 0, 0, 0.4221037389326622, 0.23514976060817805, 0.04596191063359671, 
0.8513597496866667, 0, 0, 0, 0, 0.4852165111312511, 0.34363351156653865, 0.04656323759355746, 
0.6403663270563571, 0.849072369300748, 0.7356724508179061, 0.8242425397437325, 0.5522025796664911, 0, 0.6837720539689841, 0, 
0.8144746214451499, 0, 0.6365430872457392, 0, 0, 0, 0.7436620431214818, 0.11323769150932024, 
0.7221452109162375, 0, 0, 0, 0, 0.4923288552040491, 0.6159415659978157, 0.05451028930544729, 
0.7349110937935774, 0.7695493137451928, 0.5739878068703067, 0, 0, 0.44266259122722323, 0.3727288570840767, 0, 
0, 0, 0, 0, 0, 0.23248310871165132, 0.37649022896892587, 0.05037805226515899, 
0.7447360705586553, 0.8466501764983947, 0.7592749964380239, 0.7341277270582262, 0, 0, 0.24042165298747237, 0.04968842648700038, 
0.8696887463974614, 0, 0, 0, 0, 0.6568893615578555, 0.5920514743850541, 0.09300591232101357, 
0.7661590444253246, 0.7274639867440772, 0, 0, 0, 0, 0.6225275009454522, 0.09518179219843463, 
0.745245958437609, 0.7485622952663216, 0.7014312836365713, 0.6653244003001074, 0, 0.7234115671816688, 0.5572344799220845, 0, 
0.6662869740063428, 0, 0, 0, 0, 0.2241019780999652, 0.5326147111184449, 0.11815733576771674, 
0.779445754055772, 0.632227694391738, 0.6800360188507393, 0, 0.8316084411617893, 0.17889301287374554, 0.7604165875836972, 0.05721418077413846, 
0.7686318461709225, 0.7486421858780763, 0, 0, 0, 0.24901144833005623, 0.39178971175019967, 0.042638928533322434, 
0.6427292528090947, 0.558027334075189, 0, 0, 0, 0.493277484243705, 0.5561963426366449, 0.062107091545997785, 
0.8981749849730079, 0, 0, 0, 0, 0.46161821439490486, 0.36322964999979207, 0.05226164641587781, 
0, 0, 0, 0, 0, 0, 0.4894925747811854, 0, 
0.7026357713922653, 0.5266476224981563, 0.7645897785668921, 0, 0, 0.6571995261256781, 0.7086343405807468, 0.04407372132200653, 
0, 0, 0, 0, 0, 0.4720101267007766, 0.47460023000681006, 0, 
0.6127760984614161, 0, 0, 0, 0, 0.5204802884748948, 0.29838743438770443, 0.14368607711580136, 
0.6730036982187974, 0.7283812267326298, 0.658142759531062, 0, 0, 0.4666793266900261, 0.3511704855926029, 0.059603988724871215, 
0.8190210850470588, 0.6548311819452282, 0, 0, 0, 0.46225469235353245, 0.5266190900400478, 0, 
0.7494533628713618, 0.673580659177869, 0, 0, 0, 0.4013806583777404, 0.13924186647012493, 0, 
0.5622125978435841, 0, 0, 0, 0, 0.24302340688409646, 0.4667521367625816, 0.10669073815697853, 
0, 0, 0, 0, 0, 0.3474409078209656, 0.25506905729456364, 0.0412818528545568, 
0.6887856717948455, 0, 0, 0, 0, 0.23485258462202868, 0.40048296152981033, 0, 
0.7355958202865758, 0.7215264346950993, 0.7325377272586653, 0.7530741698664667, 0.8043904201790678, 0.20030917487730188, 0.5835678583896804, 0.07771436532903317, 
0.7158808812834334, 0, 0, 0, 0, 0.4301544339695639, 0.4327082221472313, 0.04217739548928986, 
0, 0, 0, 0, 0, 0, 0.7060606084181802, 0.05087086626512825, 
0.6306562795766559, 0, 0, 0, 0, 0.4230524199874388, 0.38910788312438377, 0, 
0.7749280969402718, 0.7099516042688809, 0.5842876305405985, 0, 0, 0.6240162853367938, 0.31181372509554295, 0.17559774582955212, 
0.6650695801368938, 0, 0, 0, 0, 0.19365424384818475, 0.6629505051724471, 0.06050559106098722, 
0.8441305683644533, 0.6601857687753898, 0, 0, 0, 0.22395130305054817, 0.3670856094886402, 0, 
0, 0, 0, 0, 0, 0.8620077297771005, 0.49005301933891643, 0.08793535265600586, 
0.7828277870125006, 0.8516996146809419, 0, 0, 0, 0.5037387586002057, 0.3558746294681951, 0.059254640343636755, 
0.6799423495742472, 0, 0, 0, 0, 0.22212236787008272, 0.5772310093447991, 0.15264485825206345, 
0.7518862562522932, 0, 0, 0, 0, 0.18968280069341453, 0.797918081211126, 0.05441629093297547, 
0.5012724012928187, 0.7506722670127625, 0.836810600856969, 0, 0, 0.14888614926939317, 0.25113312582205555, 0.07627251938346477, 
0.7149969303118529, 0.7276322552892396, 0, 0, 0, 0.4729587598402173, 0.5859877427707364, 0.05672885727416581, 
0, 0, 0, 0, 0, 0.2467645332643821, 0.44667779676540686, 0.09521438459023926, 
0.618717075303629, 0.7650180306343304, 0.7048116184996792, 0, 0, 0.22769933002335194, 0.2637813250953247, 0, 
0.7457715414681176, 0, 0, 0, 0, 0.4545473124974542, 0.3660590870207332, 0.11621897339930147, 
0.7160320995247094, 0, 0, 0, 0, 0.5170988172816011, 0.6063869852365714, 0, 
0.8366637996397588, 0, 0, 0, 0, 0.4333289162295225, 0.3767395286218257, 0.15405304572852457, 
0.6844757589224543, 0.6870583083182425, 0, 0, 0, 0.28307578727343596, 0.3910947861141172, 0, 
0.8243173137054332, 0, 0, 0, 0, 0.20631764924433363, 0.47943787220797274, 0, 
0.7386782436463663, 0.6808208382360633, 0, 0, 0, 0.13207663571915756, 0.48354478193985545, 0.04641829537033319, 
0.7519129452162955, 0.7541964611817878, 0, 0, 0, 0.23184879988370688, 0.8501678099446582, 0.12305526392977946, 
0.7676294301022036, 0.6980626799487063, 0, 0, 0, 0.2631568270098017, 0.6515895912203217, 0.037834092316225074, 
0.7103861917682205, 0.7733739635065472, 0, 0, 0, 0.4262438014235119, 0.38983230780721145, 0.056903792268939456, 
0.7881306237796355, 0, 0.5518091686192355, 0, 0, 0.4915280079441999, 0.5096313561000414, 0, 
0.7422272125526772, 0, 0, 0, 0, 0.39675955183885603, 0, 0.08540606978482804, 
0.8082222528529854, 0, 0, 0, 0, 0.4107477898192167, 0.11823739270624274, 0.04599136490782951, 
0, 0.6924573687154151, 0, 0, 0.598600177503568, 0.23351059808352895, 0, 0.046245701602414424, 
0, 0, 0, 0, 0, 0.16635609742365148, 0.4018724595791726, 0.04900591990995029, 
0.7351593716933813, 0.6122029537983288, 0, 0, 0, 0.26463376253815085, 0.4927777754793832, 0.0495482964792895, 
0.8695629158282949, 0, 0, 0, 0, 0.46044333674992843, 0.260399381342931, 0.04093408723831869, 
0.8160424896451863, 0.7447635854966815, 0.6864088984860566, 0.6599961870119502, 0, 0.45084584380800086, 0.658932082412617, 0, 
0.695926641541717, 0, 0, 0.6074968304663381, 0.5997915871838437, 0.7462486698736578, 0.8666802582957198, 0.04535856387339039, 
0.698057027267928, 0.6342191398889562, 0, 0, 0, 0.2551312290080703, 0.37980717383488366, 0.0400257425687892, 
0.691258474373072, 0.653293256972952, 0, 0, 0, 0.2520575991089642, 0.3682336635454206, 0.1267216202853414, 
0.6055488303397112, 0, 0, 0, 0, 0.33703630521750194, 0.6044636560979648, 0, 
0.7382930492375559, 0.5991355392967247, 0.687434251086108, 0, 0, 0.6528240070595042, 0.39441478677597236, 0.047855635066830694, 
0, 0, 0, 0, 0, 0, 0.5048581248061883, 0, 
0.7731124289239026, 0, 0, 0, 0, 0.4516995526220633, 0.5373181953747814, 0, 
0.7353905689102703, 0.7817553842085372, 0, 0, 0, 0.6719307123140309, 0.8362196878535679, 0.05584245987395642, 
0.7571977978113367, 0.8087660465598706, 0, 0, 0, 0.22758640316832707, 0.5015282636483334, 0.08384301402777879, 
0, 0, 0, 0, 0, 0.1828696138613682, 0.37970304963268636, 0.14662930182698306, 
0.6663542744708166, 0, 0, 0, 0, 0.23429798379715372, 0.3654326189366378, 0, 
0.6899577265172171, 0, 0.6937127577855386, 0.6285740325298731, 0, 0.21865117271854348, 0.6051547101929704, 0.08955650018597691, 
0.8528848420368618, 0.69540160883693, 0.8391943925429087, 0, 0, 0.3819258500319112, 0.5852608567031756, 0, 
0.6629547595169518, 0, 0, 0, 0, 0.3923721978721597, 0.7403692556814334, 0.05700692997282274, 
0.7131822395497427, 0.6884752408151811, 0, 0, 0, 0, 0.374002554764363, 0.1316557282252362, 
0.7520528662664507, 0, 0, 0, 0, 0.22798291788763905, 0.7207657207261018, 0, 
0.7485998110240626, 0, 0.7070614640180998, 0, 0, 0.7088610118495968, 0.5027099816320497, 0.05428036640679525, 
0.7026200479383831, 0, 0.6181192489676778, 0, 0, 0.2554211272627925, 0.6109534116413606, 0.037171334471261384, 
0.7408784936123997, 0, 0, 0, 0, 0.5941474947468641, 0.4328158046943818, 0.0627574812989445, 
0.8144149595775287, 0.7743590318894219, 0, 0, 0, 0.507796371263673, 0.5811997757288817, 0.05982941671847436, 
0.7959599311971854, 0.7644915006473412, 0, 0, 0, 0, 0.23236094974017368, 0, 
0, 0, 0, 0, 0, 0, 0.5570596117117456, 0.10621226133701941, 
0.7858703061087278, 0.7909317550725043, 0, 0, 0, 0.17326774596879313, 0.6959930819601566, 0.04540610514016783, 
0.7082918700869756, 0, 0.763878744687123, 0, 0, 0.6591070868363149, 0.2570623890183731, 0, 
0, 0, 0, 0, 0, 0.8831169519199669, 0.9190953602200604, 0, 
0.6846917529726108, 0, 0.6687555562782883, 0, 0, 0.45016035705854324, 0.7409669944255274, 0.12225635231237861, 
0, 0.7651176128598159, 0, 0, 0, 0.5162544467920849, 0.6316719266507158, 0.1167871097141195, 
0.769648992192651, 0.7339212265810151, 0, 0, 0, 0.2704386413537273, 0.7113641501541308, 0, 
0, 0, 0, 0, 0, 0.2504447786199311, 0.1349680181824921, 0, 
0.6313056780630386, 0.7121296500844573, 0.687878554681255, 0, 0, 0.42637885616570054, 0.25055574923396706, 0.052603623729441926, 
0.6216113176198453, 0, 0, 0, 0, 0.21898634769569517, 0.2611063730827866, 0.048515183735395984, 
0, 0, 0, 0, 0, 0.7278706187341265, 0.35609366029350464, 0, 
0.7692612389292275, 0.6877029124259783, 0, 0, 0, 0.21722788029460122, 0.26444755225467037, 0.048952010305610645, 
0.6900767838093995, 0.6763572609748918, 0.7485187405250352, 0, 0, 0.17813216961703757, 0.8896460204242794, 0, 
0.632561492695236, 0, 0, 0, 0, 0.2578552541255014, 0.6384081150324914, 0.04724654712275219, 
0.8392221570181313, 0.8207849134609996, 0, 0, 0, 0.5440000831560503, 0.6162880374184759, 0.048946117147800644, 
0, 0.7469576278910114, 0, 0, 0, 0, 0.3395957291458518, 0.16584570176033858, 
0.7023074117254191, 0.7528797210885668, 0, 0, 0, 0.7107844736459675, 0.7538504800127008, 0, 
0.6892095448936397, 0.5736917164293107, 0, 0, 0, 0.14579814396075283, 0.21428183212811888, 0, 
0.7945924811036001, 0.8738434781140676, 0, 0, 0, 0, 0.327649152677142, 0, 
0.8522773398237163, 0.7389779676585488, 0, 0, 0, 0, 0, 0, 
0, 0, 0, 0, 0, 0.6634524685971084, 0.3900018207810743, 0.05897996739709231, 
0.7058422927125161, 0.6960461434575217, 0, 0, 0, 0.2533714135512032, 0.7518435859558223, 0.04789111292988841, 
0.7540965224876702, 0.8133746997919824, 0.7389127227488961, 0, 0, 0.47527011691122584, 0.6119147977295557, 0, 
0, 0, 0, 0, 0, 0.7159268936628365, 0.40018834417689747, 0.05369877310464074, 
0, 0, 0, 0, 0, 0.2385127533979044, 0.12061350126654205, 0.0398007161428176, 
0.7846307028856809, 0.8057532210761655, 0.7458177546859868, 0.7370762612462898, 0, 0.1780016426629135, 0.24666754206664843, 0.10761410709955221, 
0.6950835359624055, 0.7769954234086558, 0, 0, 0, 0.6734267336878762, 0.3742516161148871, 0.040131850725817174, 
0, 0, 0, 0, 0, 0, 0.5465917685223826, 0.1465882778204972, 
0.7337183092650993, 0.8190462055801033, 0.6926573072361683, 0, 0, 0.3825403956046247, 0, 0, 
0.7263067725251775, 0.6663459529585225, 0, 0, 0, 0.617488650901201, 0.2553012840094159, 0.09045012257224375, 
0, 0, 0.6210270911948944, 0, 0, 0, 0.9162022964440967, 0.056273501096337455, 
0.8469010980514557, 0.6371800117515651, 0, 0, 0, 0.6273645982597922, 0.37045740482566875, 0, 
0.8782083123271457, 0, 0.6973142119458468, 0.6551223395110953, 0.6437672855134265, 0.8072161762893758, 0.6234353291733583, 0.1134712312496581, 
0.7867808877507625, 0.6046575068379179, 0, 0, 0, 0, 0.3637558535987044, 0.13080447670762604, 
0.7374001547353876, 0, 0, 0, 0, 0.8972062522187633, 0.5926223253167421, 0, 
0.7688123403948486, 0.668517265038094, 0.7964154804210408, 0, 0, 0, 0.11334330141011015, 0.06825811890041775, 
0.6951826429582988, 0, 0, 0, 0, 0.8465718398783799, 0.2437558256641746, 0, 
0.893604034380749, 0.6956135304644832, 0, 0, 0, 0.6388707031779085, 0.4929124013390783, 0.1083317837282736, 
0, 0, 0, 0, 0, 0.23886509549299123, 0.5177287862017901, 0.0445938970486504, 
0.7126692400098629, 0, 0, 0, 0, 0.4795398218391543, 0.11288344900978012, 0, 
0.6726004582983707, 0, 0, 0.6685847273162034, 0, 0.14268564761162725, 0.8741165916891477, 0.042675061563025626, 
0.734008606799829, 0.7786769757282541, 0, 0, 0, 0.23296322445759682, 0.6083350721236098, 0, 
0.7047956413833556, 0, 0.6649963746289675, 0, 0, 0.7988470213446802, 0.26721015229359607, 0.06822903280375806, 
0.891482092158655, 0.7952244434170173, 0, 0, 0, 0.4549297863170299, 0, 0, 
0.6279741154184684, 0.5549882858058625, 0, 0, 0, 0.6703732968932122, 0.5030787185285476, 0.17682258029850478, 
0.7356562781191609, 0, 0, 0, 0, 0.1846556294576293, 0.49359120329388145, 0, 
0.7759627144328254, 0, 0, 0, 0, 0.40709611370441134, 0.5947606717257317, 0.052010698759617446, 
0.7109468950625002, 0.754939841779159, 0, 0, 0, 0.2539229895519412, 0.2693495687403981, 0, 
0, 0, 0, 0, 0, 0.46560610052823853, 0.6214193556009742, 0, 
0.6322054272773435, 0.7075927333482046, 0, 0, 0, 0.42915443734304404, 0.5514327567369101, 0.034073524858660484, 
0.7791721369882512, 0, 0, 0, 0, 0.6496148634237019, 0.11791156216389562, 0.08977710489764132, 
0.8308575375663855, 0.725778416394961, 0.5282264095951348, 0, 0, 0.4512099126432093, 0.5382607890642934, 0.045753386489162516, 
0.7253768452022468, 0.6462042446543672, 0, 0, 0, 0.39354684479480756, 0.7468045302061628, 0, 
0.6743633946791711, 0.9277793582280717, 0.6064921428107628, 0, 0, 0, 0.6418846592489744, 0.10795445065987533, 
0.8002155745740451, 0.6459267112081009, 0.7952680417818059, 0, 0, 0, 0.6467592978743852, 0, 
0, 0.638322661322524, 0, 0, 0, 0.273076687136555, 0.6197226673595615, 0.15519343931647217, 
0, 0, 0, 0, 0, 0.1832240840091449, 0.6838654305803166, 0.05236703356752437, 
0, 0, 0, 0, 0, 0.6602580638484414, 0.5129573592440423, 0.1091449420173491, 
0.5467229916402532, 0, 0, 0, 0, 0, 0.7552763679618846, 0.06013600436342766, 
0.8233759124114792, 0.7986260108753684, 0.5689922246139977, 0, 0, 0, 0.6415800720772218, 0.09065260418851319, 
0.8464619098636945, 0.7086503710420439, 0.6568591150972245, 0.752267386686529, 0.7292047244111695, 0.2927947965649592, 0.1043489346045408, 0, 
0.8556868998429676, 0.6772840114234085, 0.6580212095871086, 0.7353536488432135, 0.6930214828694341, 0.2131542091843645, 0.2540932945842056, 0.12882612535672103, 
0.7867326389912689, 0.869594101862101, 0, 0, 0, 0, 0.8443804755245994, 0.04918038885391725, 
0.8923462658760677, 0.7600435680938538, 0, 0, 0, 0.514080852242343, 0.24794765878498676, 0.1448160194156865, 
0.8145395100179249, 0, 0, 0, 0, 0.18214221226280009, 0.6380590239280599, 0.15304167867121773, 
0, 0, 0, 0, 0, 0.5006396569220918, 0.22893003873793152, 0, 
0.7702939346690201, 0.6918107447563446, 0, 0, 0, 0, 0.6778054326843288, 0.04503340785400214, 
0, 0, 0, 0, 0, 0.4619078728278042, 0.3759338692600198, 0, 
0.7025086098882892, 0.5617591015758013, 0, 0, 0, 0, 0.5280682818917665, 0.07553486571017096, 
0.5434242407178973, 0.626645699266181, 0.6653703237033841, 0.668118444874654, 0, 0.23174662820367056, 0.5046086165288787, 0, 
0.8600623545856483, 0.7866705086958967, 0, 0, 0, 0, 0.6017039757607118, 0.05970110320698986, 
0, 0, 0, 0, 0, 0, 0.7517788954396653, 0.08751338598206831, 
0.6852379573324021, 0, 0, 0, 0, 0.246287427234631, 0, 0.0400449675682004, 
0.7549182141296958, 0, 0, 0, 0, 0.8404302507218976, 0.24171375241674858, 0.03904605838602066, 
0, 0, 0.5328662092982702, 0, 0, 0, 0.6126363821812019, 0.0484804527356927, 
0, 0, 0, 0, 0, 0, 0.5014540588410845, 0, 
0, 0, 0, 0, 0, 0.3740081305139554, 0.3808249894930643, 0.18211151106486817, 
0.814586917630813, 0.6248377280655841, 0, 0, 0, 0.4185980678774238, 0.24955053417010298, 0, 
0.7502806853601929, 0.7207796877148247, 0, 0.5662996890731603, 0, 0.24365458284347388, 0.5799994828058427, 0, 
0.7632109344074961, 0.7821921217629304, 0.8082966806114884, 0.758791382314998, 0, 0.6112814072559501, 0.6682067861605823, 0.11389098957623611, 
0.6493169062905477, 0.6266268622628707, 0, 0, 0, 0.5340813016026287, 0.6270427540992461, 0.06175563311906089, 
0.6781339353399363, 0, 0, 0, 0, 0, 0.3857850989343479, 0.040396600313989846, 
0, 0, 0, 0, 0, 0.6544821712392868, 0.6056997376343431, 0.05776048551851357, 
0, 0, 0, 0, 0, 0.23701927602768574, 0.47279021615455524, 0.10596141751096926, 
0.6744193767480572, 0, 0, 0, 0, 0, 0.6151344641359617, 0.1746629016595496, 
0.8037861701431673, 0.6858469992166858, 0, 0, 0, 0.4665632847231219, 0.7496434694301458, 0.10388901033278711, 
0.7300778824459035, 0.6841294319655916, 0.7648137508238377, 0, 0, 0, 0.36547830438006196, 0, 
0.7441381750156671, 0.5755940234693592, 0, 0, 0, 0.22381444885034077, 0.20432584009527083, 0.05645671458714947, 
0.7293416958517712, 0.6204034714205879, 0.6115258821043954, 0, 0, 0, 0.2687729742426407, 0.09844772560447335, 
0.7327221457195352, 0.6844628051471868, 0.5903611185716359, 0, 0, 0.3735081478802088, 0.48080849573832773, 0.03489391734697429, 
0.8538603075337777, 0.7919148360112932, 0.6661066623557594, 0.6856940762098922, 0, 0.7520214372145577, 0.3226375585952787, 0.10284685505094841, 
0.6808931600170758, 0, 0, 0, 0, 0.15676346637373167, 0.6077169649261032, 0.05117390700092511, 
0.7911178950213814, 0.7473542668459733, 0.6814048373342296, 0, 0, 0.4594428440256035, 0.5319367554401635, 0, 
0.818935877136644, 0.6627937034220965, 0.6843310887983575, 0, 0, 0.452663278178948, 0.3974284456822551, 0.06253614095949978, 
0, 0, 0, 0, 0, 0.1926314555566973, 0.5093358488433399, 0.2089336861595891, 
0.7581793129906986, 0.7736084578517044, 0.5884652351515962, 0, 0, 0, 0.45299102686320236, 0, 
0.8531622038219127, 0.6458691777008821, 0.7740536162508798, 0, 0, 0.3912265443118776, 0.26010177374706767, 0.04646773205025985, 
0.7145531653667312, 0, 0, 0, 0, 0.22875391954439914, 0.3344583473827087, 0, 
0.8149154672057515, 0.6819136378360545, 0, 0, 0, 0, 0.3506724335285293, 0.03591741174592965, 
0, 0, 0, 0, 0, 0, 0.3771744687174355, 0.049191805898358774, 
0, 0, 0, 0, 0, 0.7045285265333039, 0.37437915668641636, 0.0935984642469834, 
0.661467042949659, 0.7245433095602077, 0, 0, 0, 0.4258537610441273, 0.25131582273091235, 0.08192482423276623, 
0, 0, 0, 0, 0, 0.22539094765049938, 0.5256093403239388, 0, 
0, 0, 0, 0, 0, 0.24392750199215857, 0.36389129480773524, 0, 
0.5328757336058485, 0.7343309825699267, 0.8200453044558978, 0, 0, 0.22067316937199238, 0.7492515512996941, 0, 
0.8018119381105008, 0, 0, 0, 0, 0.2248705596540163, 0.11734443037503381, 0, 
0.8430584148657612, 0.7010969233628558, 0.597548540826047, 0.6840199525450018, 0.6263522827517406, 0.2329833835233852, 0.8921636164814981, 0, 
0.8023613459553957, 0.7297939828620618, 0, 0, 0, 0.8757402953207869, 0.8175567771804889, 0.05174668759287924, 
0, 0, 0, 0, 0, 0.6795808594868988, 0.23601920422538836, 0.05642162133494642, 
0.8053280219561827, 0.8176098976106067, 0.6375287052559353, 0.6007648794540172, 0, 0.7033095210120205, 0.6566433689572213, 0.11162916969804608, 
0.7159666127974328, 0.6154080359436268, 0.7111413618326995, 0, 0.6125394270034041, 0, 0.7004401123979999, 0.048202542611991375, 
0.7638099579892854, 0, 0, 0, 0, 0.24641183991553225, 0.7672576186944663, 0.04165577292289981, 
0, 0, 0, 0, 0, 0.4923213827457145, 0.6655479946429093, 0.08891529078427585, 
0.7472159649359104, 0.6969635931553956, 0, 0, 0, 0.22313204384303065, 0.20795782658707235, 0, 
0.7473054950630738, 0, 0, 0, 0, 0.5080571597137932, 0.7354142440348093, 0.049970397439741535, 
0.6776022400916505, 0.7444259747322793, 0, 0, 0, 0.4784040732929157, 0.6120466269035011, 0.053971125895238524, 
0, 0, 0, 0, 0, 0.4547517377574035, 0.7388731277164622, 0.08895928071131895, 
0.8263198290811056, 0.6822502866013863, 0, 0, 0, 0.41350076012994796, 0.26956467487851676, 0.03347317871599548, 
0.678434505127478, 0, 0, 0, 0, 0.24688682858567482, 0.7235402606804529, 0, 
0.6714439447479511, 0, 0, 0, 0, 0.44863138247234574, 0.7980199717108878, 0.10757691299847842, 
0.6778551716563493, 0, 0, 0, 0, 0.4801843980993265, 0.7875918139132496, 0.04625940631052856, 
0.6836847264676436, 0.757667683528971, 0, 0, 0, 0.38841892662310773, 0.6204905600700563, 0.039504621646984504, 
0.6710095421675476, 0.5490726811812163, 0, 0, 0, 0.22799164799424343, 0.3640191739598927, 0.10839185096388337, 
0.7261435392461615, 0, 0, 0, 0, 0.6473564392767595, 0.4735427350889162, 0, 
0.7214849180212548, 0.7218541244783253, 0, 0, 0, 0, 0.749006814514067, 0.3250116841444987, 
0.7018858751743448, 0.8774867610472217, 0, 0, 0, 0.7908566270389443, 0.38868161150072433, 0, 
0.6520587171035281, 0.7585007234211152, 0, 0, 0, 0.4771511057741469, 0.7336874435862646, 0.08722970657145271, 
0, 0, 0, 0, 0, 0.47570474641399246, 0.4799323496708367, 0.05684418021402451, 
0.9004602237458545, 0.7605061024930345, 0, 0, 0, 0.17061438868857082, 0.35047897960459834, 0, 
0.7456300254150168, 0, 0, 0, 0, 0.6312560155005987, 0.4533671316800952, 0.11986850193179252, 
0.7593263503151918, 0.6851032026538366, 0, 0, 0, 0.21270947206407814, 0.2664798347744801, 0.04390533766182514, 
0.8178381342223012, 0, 0.648873518378981, 0, 0.5658348939734987, 0.6810353447939523, 0.25514793259225793, 0.10560769217660584, 
0.6815918800111065, 0.7933486746972687, 0.8384769223472424, 0.6945392970685973, 0.776674539594358, 0.15755436429923142, 0.52099084474779, 0.045976362428494386, 
0.7174873829784868, 0.7616893281350496, 0, 0, 0, 0, 0.10785684000243016, 0.13942277824610877, 
0.6657924443724414, 0, 0, 0, 0, 0, 0.5735772441696407, 0.12104859989623487, 
0.7385130745534715, 0.7268039854243201, 0, 0, 0, 0.17372573766271468, 0.2649022972782292, 0.11887897012127557, 
0.7213654391849996, 0.7142662156101608, 0.6323102342444453, 0, 0, 0.39406891615413964, 0.11441219065770747, 0.1345468564143853, 
0.6431059471883893, 0, 0, 0, 0, 0.43409264760282457, 0.3483758508191773, 0.10883864338874612, 
0.8085824273959098, 0.6737011941640003, 0, 0, 0, 0.8279862596573151, 0.36435939097841935, 0.09021763018846948, 
0.8552896645923932, 0, 0, 0, 0, 0.19010242075565958, 0.4432783001206251, 0, 
0.6103813590214204, 0.661450350293155, 0.6757162407188473, 0, 0.6318562925788754, 0, 0.38641846576607275, 0.11596052174852414, 
0.875808061100486, 0.7141035160487712, 0, 0.7318269689713508, 0, 0, 0.24408286381615224, 0, 
0.824216999628255, 0.603708591477423, 0, 0, 0, 0.2544658385850574, 0.3619067546133545, 0.05742582396505478, 
0.6880300203702422, 0.6807479480192294, 0.6048760829799903, 0, 0, 0.22178915465222687, 0.4922471917276957, 0, 
0.7501405094209129, 0.9067838595133999, 0.8484361278059861, 0.766458547955116, 0.7044357293800504, 0, 0.2678043418206551, 0, 
0.6093386711867537, 0.7609983721167738, 0.8020046781462614, 0.7836272061067899, 0, 0.6993518527617374, 0.5575000353623363, 0.047269797072760765, 
0.6866580769333759, 0.687330665701569, 0.5662010151316373, 0, 0, 0.22018097601127257, 0.3478625169805215, 0.08801540436746136, 
0.6653188282463114, 0.6202251299263385, 0, 0, 0, 0.22945319124002736, 0.18901270024643482, 0, 
0.8714998005873509, 0.6753421371931548, 0.7705641551067912, 0, 0, 0.1973690660070472, 0.5634722586028932, 0.08733598955564197, 
0.6703951135565543, 0, 0, 0, 0, 0.4814922196535017, 0.6928883546078619, 0.11163094409823386, 
0.670708735982068, 0.8003199028794613, 0.6812023571228446, 0, 0, 0.6694873206856004, 0.40875378638690263, 0, 
0.7295438545426558, 0.7237481271764414, 0.8427162401551852, 0.8183346629744082, 0, 0.43850130873721704, 0.5816911814410195, 0, 
0.8077774919985957, 0.7291316753076631, 0.5563251643904219, 0, 0, 0.41835063880040374, 0.9223777714420311, 0.05580147188285993, 
0, 0.604507857147609, 0, 0.5419556544602615, 0, 0.17386422057059422, 0.8426063561360868, 0.0549911713132071, 
0.8285395822744697, 0.7146185341220743, 0, 0, 0, 0.2903646942730762, 0.2577078040495625, 0.08933403857631378, 
0.7842260959937948, 0.8553878503997356, 0, 0, 0, 0.17976064701605948, 0.565545934014453, 0, 
0.5193217824670665, 0.6269232876664173, 0, 0, 0, 0.18786370935569155, 0.2557986337188985, 0.0516875770051779, 
0.8827619193167594, 0.8429096293972561, 0.8292486903078382, 0.5692209232133945, 0.7334962894754782, 0, 0.756152124848221, 0.158455425712144, 
0.6550514563145912, 0, 0, 0, 0, 0.2158766297817593, 0.4537307826311191, 0.05805098085111624, 
0, 0, 0, 0, 0, 0.4588472821930555, 0.5141660396368191, 0.08885271081627728, 
0, 0, 0, 0, 0, 0.2127490795901193, 0.6003803124530368, 0, 
0, 0, 0, 0, 0, 0.24827244722861602, 0.3867681037040945, 0.10617766823758552, 
0.5975916925349509, 0.6361645005502654, 0.7789694759867096, 0.765448471679451, 0.6501477631729798, 0.39380269357751063, 0.5931896393258602, 0.10277133294275989, 
0.8173338640952557, 0, 0, 0, 0, 0, 0.3730239232951921, 0.0749682187750517, 
0.6853946231035531, 0, 0, 0, 0, 0.4790137676104777, 0.9214860073325546, 0.060982865147980056, 
0.6576377333442346, 0, 0, 0, 0, 0.33956468982953913, 0.6648523509884856, 0, 
0.7087203470718546, 0.7358163336832795, 0, 0, 0, 0.4650165607250948, 0.6436282954459628, 0.05530684456608934, 
0.7946615571015456, 0.8092945482037305, 0.7126991492610463, 0.6453974994468127, 0, 0.49032813244470363, 0.15013257360743887, 0.20852718378584517, 
0.8189745553228193, 0.7488736973888783, 0, 0, 0, 0.48993328316952595, 0.5009643743003207, 0, 
0.6987745134258352, 0, 0, 0, 0, 0, 0.46868822256026965, 0.08341339265673471, 
0.6942504407145088, 0, 0, 0, 0, 0, 0.8017440427996071, 0.08361320101305307, 
0.8205330223715741, 0.6799496014563674, 0, 0, 0, 0, 0.8505651747024178, 0, 
0.7262829249040064, 0, 0, 0, 0, 0.21003876177482655, 0.25306882018158117, 0, 
0.706881944013204, 0, 0, 0, 0, 0.26771930012304024, 0.5420238821444789, 0, 
0.7642735011516523, 0, 0.7166210783637499, 0.7317281630331042, 0, 0.24605580432763982, 0.5875207901451345, 0, 
0, 0, 0, 0, 0, 0, 0.3990203582255811, 0, 
0.6363859238249976, 0.8202488024580047, 0.6878558830885474, 0.7952741101562315, 0, 0.22048636292024057, 0.8243739288118158, 0.04520636916703933, 
0.8771603488163049, 0, 0, 0, 0, 0.4641075186198396, 0.5650521473025764, 0, 
0, 0, 0, 0, 0, 0.4031182847595516, 0, 0.17398499601216116, 
0.5848956166617632, 0.891862143294339, 0, 0, 0, 0.6884873140537227, 0, 0.048008064173312825, 
0.7618462791345402, 0.8335941495355721, 0.6141721509187228, 0, 0, 0.38153408239190956, 0.24663401416439118, 0.12731212850663515, 
0.6407438537668867, 0.796279096776834, 0, 0, 0, 0.4020034375012525, 0.7213567369760099, 0.04933116251381503, 
0.7705290725524166, 0.9123168190315081, 0.7503635135094937, 0, 0, 0, 0.4080390005954686, 0, 
0.8040079400416082, 0.8192631885240791, 0, 0, 0, 0.18518857786504409, 0.40203586464047286, 0, 
0.574579001343227, 0.7853196698955631, 0, 0, 0.618961754793205, 0, 0.7714165777991673, 0, 
0.6940075930824101, 0.7230881363817523, 0, 0, 0, 0.24189975569110186, 0.28027138843178634, 0, 
0.708447550873739, 0.7976840877129356, 0, 0, 0, 0, 0.5870598850984715, 0.10978054585155825, 
0.6758317564820319, 0, 0, 0, 0, 0.6287636879783465, 0.9196996396020969, 0.08883483921264505, 
0, 0.663086705093083, 0, 0, 0, 0, 0.3633162569209037, 0, 
0.7177388116610322, 0.7356348732215202, 0.6957465387040473, 0, 0, 0.4755648197513345, 0.38167231050774114, 0, 
0, 0, 0, 0, 0, 0.18999899634322254, 0.579794758322256, 0.1499517292098246, 
0, 0, 0, 0, 0, 0, 0.2732574139257836, 0.05824938445749257, 
0.5929118179028995, 0.6734849306004154, 0.6674252136554477, 0, 0, 0.48436221953760494, 0.48601559330561583, 0, 
0.7358404721607993, 0.6318909637105776, 0, 0, 0, 0.2699618241209321, 0.4059046239818759, 0.055394313547000605, 
0.7037791625366288, 0, 0, 0, 0, 0.4565867457071646, 0.24886042548059145, 0, 
0.7000131599388704, 0.5632473838554731, 0, 0.747434076287691, 0, 0.4501103334120692, 0.39202130150883086, 0.028087517178554632, 
0.7124021119695583, 0, 0, 0, 0, 0.37032171503171973, 0.7661797774588965, 0.10030876064991448, 
0.7610555562026002, 0.8305345094718287, 0.7882718538641391, 0.7201848793358974, 0, 0.4318735022569836, 0.1325590948285476, 0.0974533568765725, 
0.7557473954596166, 0.771671532763512, 0, 0, 0, 0, 0.590025946893887, 0.06392905558749518, 
0.9422193866657746, 0.7149208194216399, 0, 0, 0, 0.49443720248783246, 0.7193389259203334, 0.043498495848320794, 
0.9166730303357109, 0.5899422620194583, 0, 0, 0, 0.21328446541155027, 0.1261670575952341, 0.05484557069748134, 
0.6869889717014841, 0, 0, 0, 0, 0, 0.6223392805762529, 0.045694971424289285, 
0.7233968438255393, 0, 0, 0, 0, 0.7059946553095714, 0.5216250034372536, 0.06135867018196052, 
0, 0, 0, 0, 0, 0.4779620323854415, 0.7054789662307591, 0.048229873941548033, 
0.7355519176112708, 0, 0, 0, 0, 0.2390494522091699, 0.7917260534959378, 0, 
0, 0, 0, 0, 0, 0, 0.12161053146490172, 0, 
0.7793730380351147, 0.7037627205478728, 0, 0, 0, 0.2060675684686041, 0.6519899958683792, 0, 
0.8157416995342641, 0.7768897738478684, 0.6905876373250995, 0, 0, 0.46934874990788333, 0.3565719102552908, 0, 
0.7509774204875652, 0.7212568595286306, 0.7904437730484078, 0, 0, 0.8033577240963634, 0.3646101685279606, 0, 
0.6031436890709028, 0, 0, 0, 0, 0, 0.38871448684870064, 0.03541536695232535, 
0, 0, 0, 0, 0, 0.5160552409735581, 0.6172172539470162, 0, 
0.6786281511576995, 0, 0, 0, 0, 0.8798078350748412, 0.44624585474885, 0.09545681253605603, 
0, 0, 0, 0, 0, 0, 0, 0.04491545573179133, 
0.7800603021670648, 0.7119686057078289, 0.7886069514843042, 0, 0.7405408810319589, 0.4703682525883763, 0.6662082482571805, 0.08897190819716143, 
0.8418049444800502, 0.7930081900514252, 0.61871377066878, 0.7180542166616248, 0.6455838662976513, 0.8404467312896603, 0.38291117399461705, 0, 
0.8201517925869348, 0.7513223037510574, 0.617455620232422, 0, 0, 0, 0, 0.08803335083755195, 
0, 0, 0, 0, 0, 0.21827677309435942, 0.21249827731520804, 0.039578383424480904, 
0.7963547717062383, 0.831598950423387, 0.871805236324317, 0, 0, 0, 0.25364497360493016, 0.04572012048347957, 
0.7430507355552097, 0.7430779351409293, 0.8012364883663168, 0.6553598062195907, 0, 0.5512522298934429, 0.2187463248262536, 0.03942000355143392, 
0.5391237151783594, 0, 0, 0, 0, 0.4071640175775893, 0.8786221103795835, 0, 
0.6399023370110901, 0, 0, 0, 0, 0.2796140072845552, 0.36273944008399184, 0.09594929920994764, 
0.5196244775015659, 0, 0, 0, 0, 0.25199203054547087, 0.716705045984145, 0.06379526788676486, 
0.870675159276089, 0.8464822877657854, 0.7984051358342902, 0, 0, 0, 0.2705939949733424, 0.053732715892353164, 
0.6982132238291985, 0.826923608667974, 0, 0, 0, 0, 0.26396591056148655, 0, 
0.628068750244293, 0.7502829341576993, 0, 0.8072080774632274, 0, 0.27511541481893464, 0.815821266739247, 0.10233358556653163, 
0.6905581812410322, 0.698426299926442, 0.7389718183607942, 0, 0, 0.21783703861901604, 0.7370869031954858, 0.05160322781670168, 
0.5678895396471527, 0.7868663551500975, 0, 0.7358153096834948, 0.7171980625178244, 0.3808051088608644, 0.4874939616120602, 0.056273998174491004, 
0.7577518849809628, 0.7034737517921783, 0.6903124294252609, 0, 0, 0.5236204264560907, 0.3480946533658383, 0, 
0.756371545774856, 0.7406173700578534, 0, 0, 0, 0.7672248248013442, 0.65538529061729, 0.10485168944747972, 
0.7137988597630458, 0, 0, 0, 0, 0.46219079416140263, 0.6219021898987775, 0.05416881754928339, 
0, 0, 0, 0, 0, 0.45621227319957125, 0.4967025871524003, 0.043908449103877215, 
0, 0, 0, 0, 0, 0.24210658268541335, 0.8749113899251393, 0, 
0.8027023727320961, 0.5579827607539292, 0, 0, 0, 0.5930735444501843, 0.35860969397153086, 0, 
0.6186974978319641, 0, 0, 0, 0, 0.2609667327777355, 0.2344449901593459, 0.12702014424979086, 
0.7594916010836437, 0.6681181395538622, 0, 0, 0, 0.35831750851719574, 0.22392917067169096, 0, 
0.6330721736055152, 0.7719730279706487, 0, 0, 0, 0.2828342661388561, 0.10755648850267523, 0, 
0.6582510166712698, 0.7188829598500449, 0.7260733487999116, 0, 0, 0.7408539997406705, 0.7958895598361515, 0.1577561104717278, 
0.8135726280112701, 0.7864331982164143, 0.634978294334523, 0, 0, 0.14502899586530757, 0.32811982638375803, 0, 
0.7868198789245594, 0.6839090214932468, 0, 0, 0, 0.4250140692085001, 0.19856741296677852, 0.10843774017422787, 
0.6399366990842005, 0.6907478413883066, 0.7012215107859399, 0.7016439435002694, 0, 0.627581863470367, 0.7047972383470831, 0.046809755117327614, 
0.517119204487804, 0.7351844787303616, 0, 0.6392218112112105, 0, 0.23788440752615236, 0.6754051483356608, 0.1037377786800533, 
0, 0, 0, 0, 0, 0.37949377462386036, 0.12205415133630322, 0.19141304271127435, 
0.8375769994748031, 0.6841604865590245, 0, 0, 0, 0.6819806255028404, 0.5381085329888948, 0, 
0.7930229200953706, 0.6010522079046362, 0, 0, 0, 0.2599938118965103, 0.807482478169131, 0.04677021050273859, 
0, 0, 0, 0, 0, 0, 0.7062023165431459, 0.10440009666273173, 
0, 0, 0, 0, 0, 0.4728776202528383, 0.7389877973134273, 0.20341939038090126, 
0.8023351164757185, 0.7349246731501584, 0, 0, 0, 0, 0.549786513328242, 0.10663803590059558, 
0.7581006616181712, 0, 0, 0, 0, 0.4996386071015599, 0.2349965415685511, 0.04611896159124934, 
0.7531448513614823, 0.6240256724275846, 0.7271610416917196, 0.5828246931820756, 0.720354163135912, 0.18181760973178412, 0.9525045124646268, 0, 
0.7390652520283045, 0, 0, 0, 0, 0.5666745305719998, 0.6606902627663477, 0, 
0.786804971179121, 0.6378142772562446, 0.7800357508111835, 0.547793464193665, 0, 0, 0.730073042476453, 0.05477730197110546, 
0.7353716832954733, 0, 0, 0, 0, 0, 0.2570563415760413, 0.07360446439431344, 
0, 0, 0, 0, 0, 0.4062625502246771, 0.4619718583463473, 0.09162185710457751, 
0.5828492132080487, 0.6515691604288173, 0, 0, 0, 0.2532103177507712, 0.6474375374521746, 0, 
0, 0, 0, 0, 0, 0.4732769363250295, 0.21973870543137988, 0.09879023363437871, 
0, 0, 0, 0, 0, 0.4682691128194666, 0.34025436124745, 0.11430969149915478, 
0.8320298598449464, 0.7344448345175407, 0, 0, 0, 0.18759305885746452, 0.1394907231922886, 0.045141148429744586, 
0.7898873464369853, 0, 0, 0, 0, 0.1832895353399593, 0.7683665933482654, 0.056606051760063135, 
0.6903723609068529, 0, 0, 0, 0, 0.6224353654553545, 0.629707600043274, 0.09841827937275097, 
0.8539438483023296, 0.7638954590241541, 0, 0, 0, 0.512744581269237, 0.2671369396748083, 0.06435609391335369, 
0.8118211082299285, 0.7907904816049628, 0, 0, 0, 0.6481674855095466, 0.48965507424504795, 0.043941222932748915, 
0.6447119949267041, 0.6732424685690999, 0, 0, 0, 0.2719262547058672, 0.746496273591789, 0, 
0, 0, 0, 0, 0, 0, 0.4679069309108283, 0.05638729763894964, 
0, 0, 0, 0, 0, 0.21186780588042914, 0.6705935821966291, 0.13857993662273255, 
0.7667133084829931, 0.5554617108281928, 0.7228272060885439, 0, 0.6441493674153824, 0.6913268919970862, 0.5133918281568337, 0.05819594993596912, 
0.8197943032185124, 0.7369915389361279, 0, 0, 0, 0, 0.25845449207073556, 0.047861615622481854, 
0.7321744173703575, 0.7329761574385263, 0.7900875882203334, 0, 0, 0.5010732442687515, 0.6257658854098039, 0.036668275922611106, 
0.7057575363475094, 0.6918195411051175, 0, 0, 0, 0, 0.19277120970072167, 0, 
0.7969090359205466, 0, 0, 0, 0, 0.28005867989731004, 0.3836308056571459, 0.04332295439387492, 
0, 0, 0, 0, 0, 0.22520269964952216, 0.5022708028125711, 0.056769820499621634, 
0.760115875396425, 0, 0, 0, 0, 0.22481322869886808, 0.843891319971742, 0, 
0, 0, 0, 0, 0, 0, 0.10837926257242887, 0, 
0.7172433898825866, 0.7142284774931268, 0.6540937141651508, 0.7819649116333817, 0.5085955212940061, 0.24136846138807014, 0.23523889652301994, 0.056659546867902574, 
0.7285279228114643, 0.8674191554625595, 0.7814219651084288, 0.7032404667908188, 0.6613740478200574, 0.41933775452763494, 0.10582592869816891, 0.1653977656609949, 
0.7333380610970072, 0.7766561893176003, 0, 0, 0, 0.6772041915696473, 0.1195209046860826, 0, 
0, 0, 0, 0, 0, 0.6693527808190379, 0.39368325029722345, 0.11086426214233991, 
0.6956215325984445, 0, 0, 0, 0, 0.27097798800634976, 0.7471576653603588, 0.05515306342747069, 
0.758339034304341, 0.7157155381455096, 0.7956430723970531, 0.7736118580413309, 0, 0.7675374011713192, 0.7505894339373949, 0.03678425687004256, 
0.7363370741689526, 0.6935141699016206, 0, 0, 0, 0.4583249244032873, 0.29914421943547004, 0, 
0.7914333830154066, 0, 0, 0, 0, 0.37954073986223985, 0.38400254983063764, 0, 
0.8424041639720006, 0.8465078148586223, 0.8027565605420955, 0.6966314482928577, 0, 0.18418592327508346, 0.4039408878492445, 0.10554634366022535, 
0.8665818002974586, 0, 0, 0, 0, 0.48349893295529683, 0.7669468757001184, 0.04253723255454071, 
0, 0, 0, 0, 0, 0.3769985801956599, 0.475941792431157, 0, 
0.7300501404870661, 0, 0, 0, 0, 0.21562381304235573, 0.59605110157498, 0.14100739552203087, 
0, 0.6107062918399393, 0.7834035070676161, 0, 0, 0.19689527843153182, 0.11839647188715947, 0.06327741645818694, 
0.8531434864259992, 0.6409005026865873, 0.6177262953556035, 0, 0, 0, 0.5125718259213163, 0.0420932013991747, 
0.7761942110571447, 0.739876362631711, 0, 0, 0, 0.1939271512608157, 0.4797413229691611, 0.07820935693858595, 
0.6555393047042882, 0.7801316761749376, 0, 0, 0, 0, 0.6342229259133815, 0.13034851050719348, 
0.7247275960667516, 0, 0, 0, 0, 0.7155120846889371, 0.4206989782817011, 0, 
0, 0.5737898318648542, 0, 0, 0, 0.4282013832457614, 0.3594344581010359, 0.0974641591932027, 
0, 0, 0, 0, 0, 0.8017117520736482, 0.25074918886625436, 0.06965364763551149, 
0.6730160586262725, 0, 0, 0, 0, 0.47600707672206094, 0.3302200620355194, 0.048450218932253555, 
