17.379304591723898, 0, 0, 0, 0, 5.428436196438485, 0, 
12.76922188232973, 13.513824872226797, 0, 0, 0, 3.9884741015127885, 0, 
6.528114814754718, 6.90878435392094, 7.157373173764902, 0, 0, 2.039060571606317, 0, 
4.052877289970043, 4.289209979276169, 4.443542433755816, 3.5380600173922816, 3.851917386952893, 1.2659186484983849, 0, 
4.00481811597982, 4.238348363212743, 4.390850737541547, 3.4961055663200744, 3.8062412031824975, 1.2509073367233614, 0, 
2.97316924826717, 3.146541653581333, 3.2597591222680973, 2.5955020321654234, 2.825746131050177, 1.746675883860123, 0, 
2.6698787439865463, 2.825565575475162, 2.9272338250276984, 2.330737044213383, 2.5374941354549985, 1.5684989402032858, 0, 
2.1146413020849053, 2.237950948561576, 2.318475908767616, 1.846028711638654, 2.0097878657287844, 1.2423083440402805, 0.2664688339511603, 
1.8804243562963514, 1.9900762685958087, 2.061682311810769, 1.6415632042962534, 1.7871844506106813, 1.1047106976773382, 0.23695483723959307, 
1.6468974033378803, 1.7429318165448475, 1.8056452175062598, 1.4377000433536427, 1.56523681537164, 1.3748367660213676, 0.4869099980661251, 
1.5995962062112736, 1.6928723767366785, 1.753784561098111, 1.3964072870339281, 1.5202810245593776, 1.3353495309606531, 0.4729252618252627, 
1.3774287764000333, 1.457749848014978, 1.5102019576455377, 1.2024607043117639, 1.3091296561667563, 1.1498832413800755, 0.4072408162729774, 
1.2700772583894537, 1.3441384136197296, 1.392502606917937, 1.1087455270426279, 1.2071011097402262, 1.060265749998999, 0.3755020283430271, 
1.1567611104501654, 1.2242145378692444, 1.2682636833650105, 1.009823377748572, 1.0994036865909806, 1.2127904094556563, 0.4813569853126042, 
1.1430257424188977, 1.2096782286218504, 1.2532043350740478, 0.9978327466540006, 1.0863493799464712, 1.1983897501767644, 0.4756413580426683, 
1.015275196681378, 1.074478251807503, 1.113139652552084, 0.8863097308468029, 0.9649332814287908, 1.0644514328582513, 0.5806126027009223, 
2.006784952555021, 1.000593290962188, 1.0365961957572856, 0.8253639093280537, 0.8985810238593374, 0.9912559518830242, 0.5406876071556989, 
1.9295001728448204, 0.9620587026033004, 0.9966750729007808, 1.770578684626621, 0.8639751053764841, 1.1823346413124287, 0.5198647867743417, 
1.824146632162135, 1.8206435988114822, 0.9422551514527013, 1.6739024903935413, 0.8168007968720664, 1.117777435002152, 0.643919747659816, 
1.7144963044502763, 1.711203840112066, 0.8856157430173643, 1.5732834100009765, 1.319940156344758, 1.0505872980384188, 0.6052134232305414, 
1.6497701233863538, 1.6466019571538602, 1.592927957358442, 1.5138883406757966, 1.2701093778640153, 1.0109252098205646, 0.5823652237257331, 
1.6075634936751255, 1.604476379716002, 1.5521755400974913, 1.4751580207886268, 1.2376157380263453, 1.2563727374617872, 0.5674663763008351, 
1.5455291822283017, 1.5425611969938386, 1.4922785959000209, 1.418233107741693, 1.189857350599483, 1.2078905356727774, 0.5455684008482022, 
1.424343467417113, 1.4216082033867028, 1.3752682861491257, 1.3070287416858064, 1.0965600416817365, 1.1131792357100487, 0.5027901101530607, 
1.3855777701471736, 1.3829169505325818, 1.337838245386217, 1.2714559450378309, 1.06671547428169, 1.0828823513939565, 0.5913402970309294, 
1.3600656803609055, 1.357453853354578, 1.3132051643920184, 1.2480451348126897, 1.047074468527545, 1.0629436713920442, 0.5804521844492091, 
1.2644933373957699, 1.262065044486375, 1.220925728062475, 1.1603445190390194, 0.9734961394356758, 1.1562964819422714, 0.539663584274899, 
1.2570627257654086, 1.254648702366972, 1.2137511351670844, 1.1535259228286554, 0.9677755306179968, 1.149501673434572, 0.6403326905210929, 
1.2143443574650943, 1.2120123690665874, 1.172504611064302, 1.1143260132256159, 0.9348879183281652, 1.1104385186363845, 0.6185724655555839, 
1.1368118045933064, 1.1346287072508598, 1.0976434111164355, 1.0431793570026862, 0.875197891762486, 1.0395400682686766, 0.5790783121089994, 
1.110956537514783, 1.108823091807391, 1.0726789768655527, 1.0194536349639747, 1.3099411710881246, 1.0158971169944957, 0.646008864970252, 
1.0632728783903878, 1.06123100286998, 1.0266382390368856, 0.975697396100219, 1.253716839923103, 1.096538224071688, 0.6182813477646845, 
1.0425647845053057, 1.0405626761517632, 1.006643634197369, 0.9566949051192959, 1.2292996968226992, 1.0751822608432902, 0.6062398215891194, 
1.0285673504560813, 1.026592122331043, 0.9931284761082386, 0.9438503567145744, 1.2127951671390382, 1.0607469058315717, 0.5981004694387072, 
1.4115760800417896, 0.9717369951562848, 0.9400614520460533, 1.3247402572526348, 1.1479904295191143, 1.0040667451777978, 0.6267218354233373, 
1.3933048496448792, 1.3944940976455833, 1.2944628154787927, 1.3075930168037824, 1.1331310124974183, 1.1237396379609847, 0.618609641393062, 
1.3360642612881093, 1.337204651886731, 1.241282915055097, 1.2538736935471892, 1.0865790422970805, 1.077573489861303, 0.593195547811507, 
1.332351798549364, 1.3334890203950092, 1.2378338170559182, 1.2503896101080447, 1.0835598131146904, 1.0745792840096227, 0.5915472615487515, 
1.2891537015772883, 1.2902540519152577, 1.1977002237191468, 1.2098489273175586, 1.0484281594981788, 1.0397388010640731, 0.5723678556322577, 
1.250646631206267, 1.2517141140375574, 1.1619248722294733, 1.1737106935867618, 1.0171115702758373, 1.0086817633104912, 0.5552712058937699, 
1.230107276184667, 1.231157227757883, 1.1428425936196231, 1.1544348565703737, 1.0004075588331143, 1.1281187915819715, 0.5461519933627899, 
1.1750295315718828, 1.176032471826879, 1.0916721032708254, 1.1027453255568738, 0.9556145614247832, 1.0776075557746752, 0.5216981749092496, 
1.1737384891982492, 1.1747403274908415, 1.0904726483587852, 1.1015337041428013, 0.9545645972677035, 1.076423554028956, 0.5211249685072334, 
1.1464422452634062, 1.1474207849910545, 1.0651128193271855, 1.0759166412557593, 0.9323654205870593, 1.0513904481213059, 0.5090057831931117, 
1.1192603330778266, 1.120215671827792, 1.0398592112694724, 1.050406876780098, 1.2008186214810694, 1.0264621946906027, 0.4969373597222648, 
1.0828384365780968, 1.0837626876105355, 1.0060211099378549, 1.0162255434315954, 1.1617427333664043, 1.0692021189069543, 0.4807665006756637, 
1.071051675403169, 1.0719658659078162, 0.9950705099598516, 1.0051638675844197, 1.1490970941996144, 1.0575637898658203, 0.47553332854864055, 
1.0300227348875677, 1.030901905356584, 0.9569521915821657, 0.9666589014108419, 1.1050784558768467, 1.0170515318465934, 0.5140457667049576, 
1.006222564907763, 1.0070814208673076, 1.2102474757845836, 0.9443228447522667, 1.079544014548462, 1.0926164757912733, 0.5021679933213318, 
0.9933791794910342, 0.9942270730467424, 1.194799924394649, 1.2151836626926953, 1.0657647570196473, 1.0786703618790479, 0.4957583407185178, 
1.2256351541843205, 1.3138300232947913, 1.1719391156761543, 1.1919328399369669, 1.0453728539472702, 1.0580315282887962, 0.5370665424202479, 
1.2158689079277032, 1.3033610125920316, 1.1626007363367719, 1.1824351443165109, 1.037042994374642, 1.0496008004190411, 0.5327870273528487, 
1.1777651548678307, 1.262515370559523, 1.1261663386185958, 1.1453791620024782, 1.0045434132829016, 1.016707673989173, 0.5580514527825922, 
1.1516136676562667, 1.234482061515586, 1.101160568596657, 1.1199467840927573, 0.9822381989391502, 1.0941801377819895, 0.5456602936703356, 
1.1303348583215107, 1.211672060946882, 1.080814000607579, 1.0992530959635747, 0.9640890053827059, 1.0739625499019112, 0.5355779182377929, 
1.1107183338655218, 1.1906439607859274, 1.062056891491456, 1.0801759834764735, 0.9473576134304809, 1.0553243450638765, 0.5262831705319666, 
1.0909112190290058, 1.1694115556462583, 1.0431175419090342, 1.0609135214318384, 1.1994653034779728, 1.0365050550106505, 0.516898116844256, 
1.0878827070932082, 1.1661651165297124, 1.040221711459217, 1.057968287020036, 1.1961354312346648, 1.0336275816875617, 0.5154631402034919, 
1.0691261086950494, 1.1460588214171312, 1.0222868543650925, 1.0397274544852078, 1.175512406558205, 1.015806416486052, 0.5065758446827421, 
1.0376474780382379, 1.112315035668222, 0.992187327235266, 1.0091144180460965, 1.1409014092421716, 1.0531346123526237, 0.5244751698094129, 
1.0168129032458832, 1.0899812360939163, 0.9722655315244614, 0.9888527489708021, 1.1179936334853238, 1.031989076598072, 0.5139444092347465, 
1.0024141778509625, 1.0745463999957185, 1.197059984081101, 0.9748499573628359, 1.1021621238040071, 1.017375446817156, 0.5423496368620128, 
1.272489190763021, 1.0562576455444141, 1.176686051310558, 0.9582580340199773, 1.083403350383092, 1.0000597406441147, 0.533118858800346, 
1.2560966421155129, 1.0426506499293813, 1.1615276645211299, 1.163798802059618, 1.0694466564834928, 1.0789483552793484, 0.5697127084178956, 
1.251235807118324, 1.0386158069092752, 1.1570327919670576, 1.1592951406715815, 1.0653081184433733, 1.0747730476241442, 0.5675080377113829, 
1.2295559744534295, 1.0206199848837165, 1.13698519008823, 1.1392083396737192, 1.0468498057791946, 1.056150738629572, 0.5576749756909624, 
1.197374727744259, 0.9939072331161909, 1.107226804405002, 1.109391767355016, 1.0194505392413673, 1.028508038184788, 0.5770649565016737, 
1.1823992243442094, 1.2235587765369493, 1.0933787763902212, 1.0955166622612993, 1.0067003244064905, 1.015644541682042, 0.5698476351252482, 
1.166209210117308, 1.206805184694422, 1.0784076756141971, 1.080516288459756, 0.9929160692760738, 1.0017378177593947, 0.6019139229464924, 
1.1588631588129485, 1.1992034158829408, 1.071614693666061, 1.0737100241794189, 0.9866616062495888, 1.069192604920369, 0.5981224157963059, 
1.1439870236510392, 1.1838094394970045, 1.0578585526555955, 1.0599269857568745, 0.9739959940053698, 1.055467555863497, 0.5904444170325279, 
1.113090086876754, 1.151836974207837, 1.0292877838078651, 1.0313003524234194, 0.9476901950557038, 1.0269613633397858, 0.6067705885232826, 
1.0980867003497836, 1.13631131681151, 1.0154139719304371, 1.0173994130518136, 1.1255319239986108, 1.0131189093784134, 0.5985919030959815, 
1.0830115496234216, 1.120711397089736, 1.0014737988351532, 1.0034319827061198, 1.1100799898332971, 0.9992102441903714, 0.6223979517720172, 
1.0726539271079576, 1.1099932236742538, 0.9918959807859652, 0.993835437128718, 1.0994634922523976, 1.043266519233884, 0.6164455101373051, 
1.057490428887453, 1.0943018810644927, 0.977874111700821, 0.9797861510528195, 1.083921002464262, 1.02851845407687, 0.6077311707219754, 
1.0467309423208127, 1.0831678546302774, 1.1962979934204392, 0.9698172703495456, 1.0728925967721337, 1.0180537442432083, 0.6393633681694163, 
1.033582751034475, 1.0695619721899303, 1.1812710612671975, 1.1653473256240257, 1.0594157838475267, 1.005265772828698, 0.631332200343681, 
1.0138322512061038, 1.0491239535339232, 1.1586984188063332, 1.1430789662384864, 1.0391716464176861, 1.0522962606776678, 0.6497084299591313, 
1.0032461856402288, 1.0381693849200053, 1.1465997137020447, 1.1311433537452187, 1.0283209961546975, 1.0413085679928014, 0.6429244121592764, 
1.0009599639829625, 1.0358035794320928, 1.1439868145600378, 1.1285656769298764, 1.0259776334131483, 1.0389356088586255, 0.6414593004687438, 
1.157963328217278, 1.0177026859788583, 1.1239953954788162, 1.1088437455920013, 1.008048450509576, 1.020779982508085, 0.6604307363057019, 
1.1402114320492784, 1.0021010240167265, 1.1067642370581363, 1.0918448661295668, 0.9925947906313236, 1.0051311447441522, 0.650306151553002, 
1.1244986947563878, 0.9882915237006209, 1.0915124204097046, 1.076798646574259, 0.9789162914117088, 1.0362120988951886, 0.6755540105449238, 
1.1208522096794404, 1.1790843748661664, 1.087972902070656, 1.073306841546899, 0.9757418958656234, 1.0328519065065331, 0.6733633476036408, 
1.109263691986528, 1.1668937934303847, 1.076724324322247, 1.062209896547569, 0.9656536771635444, 1.022173226044162, 0.6664014279142508, 
1.0873026858162964, 1.143791836715623, 1.0554075267916863, 1.0411804530881996, 1.118928271876884, 1.0019364214986168, 0.6903024710662293, 
1.0714801132462601, 1.1271472265463203, 1.0400490967965585, 1.0260290573523163, 1.102645479593385, 1.0447166535569015, 0.6802570981574695, 
1.0622332416155633, 1.1174199478185867, 1.0310734747865868, 1.0171744282598945, 1.093129650901915, 1.0357007505396967, 0.6743864805092566, 
1.0484125148686911, 1.1028811863156833, 1.0176581680604482, 1.0039399621594882, 1.0789069306817858, 1.0222252382849975, 0.6943998732687982, 
1.0476379313206097, 1.10206636046203, 1.0169063063043444, 1.0031982356282596, 1.0781098173828074, 1.0214700023060483, 0.6938868397919981, 
1.0361254265808229, 1.0899557411162932, 1.0057315117295715, 0.9921740791927842, 1.0662624567522272, 1.0102450572257622, 0.6862617096843936, 
1.0141314322035915, 1.066819082342605, 0.9843826936748115, 0.9711130468513502, 1.043628738983279, 1.0412699015295093, 0.6966592469858286, 
1.0033195554581842, 1.055445491048946, 1.1401126904409353, 1.0854819162683, 1.0325023850063255, 1.0301686956339609, 0.6892320105618551, 
0.9941360080628809, 1.0457848264705698, 1.129677053188884, 1.0755463233950582, 1.02305172241644, 1.020739393683206, 0.7086006303142204, 
1.1537814168921665, 1.0417692431069507, 1.1253393421548112, 1.071416462439241, 1.0191234291646418, 1.0168199792643737, 0.7058797599874411, 
1.1442766374035682, 1.033187212933153, 1.1160688667073586, 1.0625902003181456, 1.010727953796382, 1.0084434795730008, 0.7000647664662095, 
1.1292331331304444, 1.0196041721328408, 1.1013962025834898, 1.0486206061688352, 0.9974401789743754, 1.0370869831790095, 0.7154144845952433, 
1.11488152020267, 1.0066458520227772, 1.0873983738660669, 1.0352935113411237, 0.9847635447637171, 1.023906471096657, 0.7063221621468476, 
1.099344008158669, 0.9926167630420895, 1.0722438798463796, 1.0208651751367397, 0.9710394178856628, 1.009636830028696, 0.7274342690050443, 
1.0878182858051708, 1.1336075482959302, 1.0610022801627224, 1.0101622391297576, 1.1024246308434764, 0.9990516140322331, 0.7198077159399896, 
1.080940317553671, 1.126440067450479, 1.0542938619526654, 1.003775268162032, 1.0954543107913541, 0.992734892413753, 0.7152565747411124, 
1.0689945839653043, 1.1139915050918483, 1.0426426048071837, 0.9926823042478062, 1.0833481795439264, 0.9817639383693254, 0.7323657517276748, 
1.057474597599602, 1.1019866108270306, 1.0314065997124477, 0.9819846947538559, 1.0716735121088858, 0.971183990300365, 0.7244734353388351, 
1.049815327843782, 1.0940049413488366, 1.0239361400030016, 0.974872197025514, 1.0639113998670964, 0.9641497218828263, 0.7192260870954054, 
1.0389153250692316, 1.0826461274891017, 1.0133048351715903, 1.089344968407358, 1.0528650406619537, 0.9927784818221597, 0.7367247417006206, 
1.0363260112334203, 1.0799478223148968, 1.0107793509802494, 1.0866299675496311, 1.0502409596119928, 0.9903041559585899, 0.7348885847772999, 
1.0174091827030673, 1.060234732461884, 0.9923288446171431, 1.0667949035357362, 1.0310701311919983, 0.9722273985404601, 0.7456783326798735, 
1.0153783528247247, 1.0581184193704098, 0.990348077094055, 1.0646654958195525, 1.0290120329708594, 0.9702867551070544, 0.7441898992517263, 
1.000265741521801, 1.0423696767072215, 1.1287595102162722, 1.0488193082765602, 1.0136965017336044, 0.9942768875747037, 0.7331135820822047, 
1.121623680127449, 1.0333285761056594, 1.118969098508333, 1.0397222661322187, 1.0049041008642925, 0.9856529247261607, 0.7536983204655151, 
1.119423421970268, 1.031301524012424, 1.1167740477705073, 1.0376826717140621, 1.0029328082781193, 0.9837193966398674, 0.7522198113121871, 
1.1009857212791576, 1.014315253715739, 1.098379984158589, 1.020591299371914, 0.986413790925615, 0.9675168378553084, 0.7398302155053682, 
1.0941005956340986, 1.007972130612, 1.0915111537543551, 1.0142089283814297, 0.9802451524435, 0.9614663733818868, 0.7562353265068791, 
1.0853191611546331, 0.9998819776064926, 1.0827505025687623, 1.00606871779329, 0.9723775408049125, 0.9890481339090642, 0.7501656552195431, 
1.0715637726877858, 1.1031533153648245, 1.0690276694072591, 0.9933177533462355, 1.0973769807919285, 0.9765128891798952, 0.7662595261399122, 
1.0641962937852105, 1.0955686442659964, 1.061677627345953, 0.9864882507278561, 1.0898320245697923, 0.96979892749838, 0.7609911501116962, 
1.0620170926384593, 1.0933252005894194, 1.0595035837822762, 0.9844681757287257, 1.087600328019468, 0.9678130279540342, 0.7594328353565373, 
1.044814935431569, 1.0756159263139282, 1.0423421394554182, 1.0739892135605975, 1.0699837830970356, 0.9803576767658116, 0.7680465267327621, 
1.0441680658714263, 1.074949987134135, 1.0416968008615657, 1.0733242815170227, 1.069321330909897, 0.9797507142142188, 0.7675710110198177, 
1.0299298657610905, 1.0602920469751957, 1.0274922987418944, 1.0586885093621181, 1.054740142699511, 0.9663909044449126, 0.757104468313714, 
1.0231928906118248, 1.0533564667877453, 1.0207712682010714, 1.0517634182316504, 1.0478408786170499, 0.9600695502205542, 0.7725161757284948, 
1.0103839594321544, 1.0401699301976826, 1.0079926523168719, 1.038596824361585, 1.0347233894079277, 0.9941727177172273, 0.7628453632933424, 
1.0029814694992745, 1.032549215948517, 1.0006076820869543, 1.0309876353350902, 1.0271425787647022, 0.986888998032503, 0.7775526793946311, 
0.9992467572463044, 1.0287044049267116, 0.9968818088935326, 1.0271486390311317, 1.0233178999534627, 0.9832142078740036, 0.7746573761339293, 
1.1120464685092832, 1.0195205546108717, 0.987982057641749, 1.0179786779540694, 1.0141821381411453, 0.9744364753492116, 0.7677415533237973, 
1.103724751297652, 1.0118912315680224, 1.0936813057447916, 1.0103608931534396, 1.006592763781626, 0.9671445275590936, 0.776772578410647, 
1.0950011637805859, 1.0038934751473592, 1.0850370993199316, 1.0023752321769301, 0.9986368852362093, 0.959500438833264, 0.7706331459473851, 
1.0845484473572053, 0.9943104590172505, 1.0746794983573165, 0.9928067089658762, 0.9891040477228112, 0.9857005641609108, 0.7820510350951839, 
1.0801610299042443, 1.0787452624222909, 1.0703320046156382, 0.988790422286431, 0.9851027397385085, 0.9817130245824517, 0.7788873365358029, 
1.0676738781450368, 1.0662744775777502, 1.0579584808498743, 0.9773595562217332, 0.973714504957796, 0.9703639764474359, 0.7906505728950911, 
1.063462929025344, 1.062069047750706, 1.0537858496515289, 1.095924558458412, 1.0745770842260707, 0.9665368215305221, 0.7875322149376015, 
1.057032251073357, 1.0556467984908116, 1.0474136882488925, 1.0892975875478432, 1.0680791998385293, 0.9606922482422965, 0.7827700686390746, 
1.0418527925853558, 1.0404872357249535, 1.0323723566486565, 1.0736547843178827, 1.0527411021982884, 0.9761444243041607, 0.7853344479892749, 
1.0364309867734691, 1.035072536276053, 1.0269998870606842, 1.0680674808226074, 1.0472626335826343, 0.9710645650854703, 0.7812475645977959, 
1.0296605282671294, 1.0283109518123106, 1.020291036968305, 1.0610903577404502, 1.0404214176247975, 0.964721111031327, 0.7931608279602137, 
1.0259430672182583, 1.0245983632410818, 1.0166074033003958, 1.0572594232082007, 1.0366651057256313, 0.9612381056573925, 0.7902972196131066, 
1.0115168706203406, 1.0101910750646552, 1.0023124792139404, 1.0423928747791953, 1.0220881422475814, 0.9754383034831603, 0.7988203418756082, 
1.0110743271136458, 1.0097491115999067, 1.0018739626728537, 1.04193682287185, 1.0216409737585932, 0.975011544523497, 0.7984708541254969, 
1.0038004110912455, 1.0024847295020656, 0.9946662363226894, 1.0344408745058653, 1.0142910386955817, 0.9679970729801625, 0.7927264594915006, 
1.0919045868849098, 1.1003472439970792, 1.0811708681466357, 1.020200279449449, 1.0003278356673608, 0.9859375864285476, 0.7974922569927283, 
1.0914418759612807, 1.0998809553710418, 1.0807127057970953, 1.0197679543001084, 0.9999039317637295, 0.9855197806085735, 0.7971543077037041, 
1.0801695032435976, 1.0885214241425885, 1.069551143565711, 1.0092358272857442, 0.989576959664743, 0.9753413675090349, 0.8068251473050373, 
1.070966842932849, 1.0792476084337796, 1.0604389479060006, 1.0006374966866498, 0.9811461156316614, 0.9670318056622563, 0.7999512837692478, 
1.0617796515211628, 1.0699893812302814, 1.0513420690818722, 0.9920536191591295, 1.0905560738177371, 0.9587362114910327, 0.7930889746207349, 
1.0587997184764848, 1.0669864072045363, 1.048391429588613, 0.9892693754061159, 1.087495378430716, 0.9808566730868237, 0.803901051548963, 
1.047482921438925, 1.0555821081652965, 1.0371858797404856, 0.9786957413735591, 1.0758718728118315, 0.9703729567629925, 0.8106714324854919, 
1.0432156327715025, 1.0512818246231839, 1.032960539680003, 1.0665727439369708, 1.071488931804887, 0.9664198025522491, 0.8073688783855201, 
1.0331656406581513, 1.0411541255028176, 1.023009341719513, 1.0562977371903746, 1.0611665641409997, 0.9834996235462878, 0.799590955389118, 
1.0316341957734472, 1.0396108394149506, 1.0214929513540894, 1.054732003969403, 1.0595936139358055, 0.9820417978034293, 0.814866120185979, 
1.0259553634036038, 1.0338880980487792, 1.0158699434492697, 1.0489260251930206, 1.053760873475718, 0.9766359564957707, 0.8103805301198884, 
1.014928088021455, 1.0227755592598722, 1.0049510691800232, 1.0376518542613211, 1.042434736147286, 0.9661387808636274, 0.8172452035292327, 
1.005936804079896, 1.0137147542921825, 0.9960481720023662, 1.0284592596684008, 1.033199769834041, 0.9929715956061552, 0.8100051992752039, 
0.9993631213856795, 1.00709024357726, 0.9895391103949754, 1.021738395286495, 1.0264479267569415, 0.9864826390758739, 0.8216173121790776, 
1.07846404450279, 1.0016070957773593, 1.0738198798099867, 1.016175494970542, 1.020859385186607, 0.9811116902988549, 0.8171439800359396, 
1.07731169542498, 1.0005368690794638, 1.0726724930662739, 1.0150897017996974, 1.0197685872345659, 0.9800633631364358, 0.8162708539297588, 
1.0663410077199174, 1.0867758308835478, 1.0617490481791387, 1.0047526450700974, 1.0093838835787032, 0.9700829933569156, 0.8236516765066026, 
1.0578412395761574, 1.078113177454788, 1.0532858823897284, 0.9967437956841153, 1.001338118747046, 0.9623504945933455, 0.8170863768221286, 
1.0536592318391327, 1.0738510278232318, 1.0491218835355927, 0.9928033270112805, 0.9973794871459034, 0.9896638370148803, 0.8138561552899667, 
1.0459959646827817, 1.0660409056664055, 1.0414916165287973, 0.9855826650565405, 0.9901255427630289, 0.9824660085815009, 0.8233122837287233, 
1.0396093624421552, 1.0595319137901382, 1.0351325167652206, 1.0641336944635735, 0.9840800720122602, 0.9764673051222109, 0.8182853350085227, 
1.0339097486696913, 1.0537230754837794, 1.0294574471073052, 1.0582996270919025, 0.9786848951946212, 0.9711138649727674, 0.8278843719906468, 
1.0266917172307397, 1.0463667213178798, 1.0222704985096696, 1.0509113226581657, 1.039124401965635, 0.9643342302733227, 0.8221046649779854, 
1.0195491428211203, 1.0390872702018998, 1.0151586820025116, 1.0436002552812478, 1.0318953348198416, 0.9849706627564577, 0.8320259557209992, 
1.0181909316516577, 1.0377030309561786, 1.0138063196662954, 1.0422100039793292, 1.0305206764433061, 0.9836585159461069, 0.8309175570191809, 
1.0100370136851347, 1.0293928554036391, 1.0056875147275282, 1.0338637355024023, 1.0222680189138444, 0.9757811418733623, 0.8242633692963658, 
1.0038483750985623, 1.0230856208574022, 0.9995255261317151, 1.0275291072461128, 1.016004439241069, 0.9698023938227195, 0.8327998868052959, 
1.0747014453312673, 1.0135686212799928, 0.9902276884768045, 1.017970773241534, 1.0065533105947688, 0.9878377775981332, 0.8250529729505686, 
1.0695223549945143, 1.0086841359423098, 1.0816575868558378, 1.0130650735072535, 1.001702632718625, 0.9830772916878707, 0.8352545404593307, 
1.0677385052102963, 1.0070017578509662, 1.0798534967927362, 1.0113753884769823, 1.000031899033741, 0.9814376230951969, 0.8338614245278987, 
1.0552795667852166, 0.9952515279643508, 1.0672531942289565, 0.9995741247516529, 0.988362997151512, 0.9699856890734008, 0.8381220979290712, 
1.0512013429692155, 1.0658520168543053, 1.0631286972412366, 0.995711179680292, 0.984543378501909, 0.9662370912014544, 0.8348830988921582, 
1.0433044460606151, 1.0578450602867389, 1.0551421989563554, 0.9882311392586671, 1.06859016796051, 0.9863115030788996, 0.8286112406922232, 
1.0407192691916929, 1.0552238536091647, 1.0525276896283589, 0.9857824270999042, 1.065942336260952, 0.9838675475365466, 0.8413372539319273, 
1.0358374932225325, 1.050274039953235, 1.0475905230607654, 1.057861501459651, 1.060942244655354, 0.9792524499856661, 0.8373907333765864, 
1.0255622716607833, 1.039855611839092, 1.0371987146923016, 1.0473678078250186, 1.0504179908999327, 0.9695385364091406, 0.8470336736658872, 
1.019599644679327, 1.033809883267262, 1.0311684333410376, 1.0412784032876101, 1.0443108525745295, 0.9924184286185258, 0.8421090133343176, 
1.0147298694966427, 1.0288722376536918, 1.026243403725682, 1.0363050867971066, 1.0393230526087158, 0.9876784753832095, 0.8380869625267774, 
1.0082732004698216, 1.0223255815345513, 1.0197134747288132, 1.0297111358773618, 1.0327098985424334, 0.9813939328540455, 0.8327542623714016, 
1.0026537829063364, 1.016627845716721, 1.0140302969879555, 1.023972238086992, 1.026954287722717, 0.9759243217403039, 0.8407330365001554, 
0.999868505839783, 1.0138037500296868, 1.0112134170448068, 1.0211277403748664, 1.0241015061596717, 0.9732132965804966, 0.838397559902371, 
1.0765379367188872, 1.0087283387058834, 1.0061509737193597, 1.0160156629176695, 1.0189745411223705, 0.968341093468409, 0.8486577455138501, 
1.072715134811238, 1.005146329669344, 1.0025781169434616, 1.0124077764866153, 1.0153561476716755, 0.9875704326552194, 0.8456441494873324, 
1.0628846125420879, 0.9959350180574238, 0.9933903408178737, 1.0031299198877488, 1.0060512717573802, 0.9785201891977335, 0.8378945397600728, 
1.055760566406684, 1.0534932391134855, 1.057431614697029, 0.9964063830665764, 0.9993081544048393, 0.9719616005325009, 0.8397849096782657, 
1.053248925134047, 1.0509869917843138, 1.0549159980212675, 0.9940359446587973, 0.9969308127190929, 0.969649315958713, 0.8516388236011844, 
1.047856133049186, 1.0456057811366362, 1.0495146702737947, 0.988946331893476, 0.9918263777961697, 0.9915982548710938, 0.8472783054012799, 
1.03885890937542, 1.0366278796950577, 1.040503205875648, 1.0632282052390014, 0.983310243295333, 0.9830840791057335, 0.8542877950527892, 
1.0343705464242534, 1.0321491558497118, 1.036007738784135, 1.0586345553776366, 1.057433341291906, 0.9788366898609393, 0.8505968668099406, 
1.0295882466599116, 1.027377126443181, 1.0312178696389134, 1.0537400736058884, 1.0525444132028867, 0.9743111448447617, 0.8466642246733704, 
1.024228331295354, 1.0220287219105129, 1.0258494706487202, 1.048254426669754, 1.0470649907342378, 0.969238995573386, 0.8551301795563627, 
1.021419340418182, 1.0192257635580295, 1.0230360337261546, 1.0453795431779582, 1.0441933693223804, 0.9883597731661741, 0.8527849477366859, 
1.0155568867287876, 1.01337589994036, 1.0171643009980023, 1.0393795694970096, 1.038200203706465, 0.9826870654257128, 0.8478903740143281, 
1.0112104236107007, 1.009038771187251, 1.0128109583373432, 1.034931148119982, 1.0337568298752504, 0.9784812812472884, 0.8562292233595941, 
1.0065051481406024, 1.004343600659348, 1.0080982353997223, 1.0301154974593592, 1.0289466434490757, 0.9739282981459436, 0.8522450927895494, 
0.999251659875851, 0.9971056898204228, 1.000833266379249, 1.0226918586573484, 1.0215314281199728, 0.9939583378567194, 0.8576961588089996, 
1.0601235018858106, 1.076213971058912, 0.9968769826699089, 1.0186491681553447, 1.017493324788065, 0.9900292306698134, 0.854305694628152, 
1.0515986685050611, 1.067559748443347, 0.9888607372388357, 1.0104578447703654, 1.009311295954242, 0.982068050469093, 0.8629355608920464, 
1.0456242823053299, 1.0614946834908066, 1.0484127159603043, 1.0047171895337168, 1.0035771545385308, 0.9764886845154823, 0.8580330154052024, 
1.045120585590436, 1.0609833417077208, 1.047907676004922, 1.0042331985282194, 1.0030937127091493, 0.9760182917072385, 0.8576196849016516, 
1.0355229880402865, 1.0512400725945488, 1.038284483922904, 0.9950110798379361, 0.9938820581953985, 0.9907763048242508, 0.8640191134412649, 
1.0338099550929902, 1.0495010393710753, 1.0365668827202572, 0.9933650644598392, 0.9922379105221176, 0.9891372949006021, 0.8625897939326564, 
1.0295989927351326, 1.045226163365527, 1.03234469071772, 0.989318844094632, 0.9881962813322807, 0.9851082952812235, 0.8590762534268525, 
1.0214773088267355, 1.0369812091925528, 1.024201348191473, 1.0634831333746457, 1.0565452621846432, 0.9773375629414801, 0.8644971094321467, 
1.0153367264835256, 1.0307474255848466, 1.0180443903616216, 1.0570900341891116, 1.050193869818204, 0.9714623254491785, 0.8593002091779137, 
1.0118305915126713, 1.0271880747796438, 1.0145289053547006, 1.0534397177575883, 1.0465673670461642, 0.9976586807318868, 0.8563328955416823, 
1.0063494973619178, 1.0216237890230908, 1.0090331944169666, 1.0477332266477073, 1.0408981035133125, 0.9922543559315927, 0.8657276809833166, 
1.0007247989880588, 1.015913719430094, 1.0033934962974913, 1.0418772259326357, 1.0350803057347753, 0.9867084382589615, 0.8608889474298179, 
1.071294139681017, 1.0102677822360333, 0.9978171402028001, 1.0360869966355672, 1.029327850299617, 0.9812248093200937, 0.8629160217893893, 
1.0669965837414017, 1.0062150369186333, 0.9938143413274089, 1.031930676105638, 1.0251986444606085, 0.977288571501555, 0.8594543862427464, 
1.0611508007080812, 1.000702259389332, 1.0685627965637132, 1.0262770096086107, 1.0195818609273788, 0.9719342741804621, 0.8690237515662103, 
1.0569432333475142, 0.9967343764442853, 1.0643258399101088, 1.0222077202619428, 1.0155391185041516, 0.9879632466849811, 0.8655779868641457, 
1.0516997913268904, 1.0563130487194867, 1.0590457731510405, 1.0171365993681065, 1.0105010802069698, 0.9830620108957203, 0.861283898170209, 
1.0465873479754015, 1.0511781797506496, 1.0538976200692212, 1.0121921719869478, 1.005588908908867, 0.9782832243226391, 0.8655288485966939, 
1.0462129562666587, 1.050802145781128, 1.0535206132846646, 1.0118300843336052, 1.005229183415694, 0.9779332667880892, 0.8652192262558359, 
1.03810590176962, 1.0426595298725545, 1.0453569321005487, 1.0039894610777937, 0.9974397102275148, 0.9922577371920104, 0.8701372810811078, 
1.0341031553411044, 1.038639225487192, 1.0413262270257035, 1.0001182614027453, 0.9935937651934226, 0.988431772897865, 0.8667821909229376, 
1.028260409633613, 1.0327708507075544, 1.0354426705239872, 0.9944675324124956, 0.9879799000034849, 0.982847073278278, 0.8722239235216175, 
1.0270163882617658, 1.0315213724640433, 1.0341899598299, 0.9932643947128053, 0.9867846112429288, 0.9816579943708723, 0.8711686799357209, 
1.017737910833578, 1.0222021952040776, 1.0248466734827553, 1.0578374068859075, 1.0477098105836509, 0.9727893028416299, 0.8761714316466344, 
1.0158785439726619, 1.0203346722724012, 1.0229743191939842, 1.055904779833634, 1.0457956862487712, 0.9930952929399628, 0.8745707011371942, 
1.0092622252905463, 1.0136893312577497, 1.0163117864142885, 1.0490277741494425, 1.0389845201131571, 0.986627359367801, 0.8688747067655279, 
1.0043837533810478, 1.0087894600413514, 1.0113992390335647, 1.0439570874634343, 1.0339623795150419, 0.9818582976341838, 0.8725742823950171, 
1.003989114982354, 1.0083930905702305, 1.0110018441386466, 1.0435469000705033, 1.0335561192023, 0.9814725098463803, 0.8722314340401064, 
1.0583002556050813, 0.9997236393516534, 1.0023099647003462, 1.034575221239044, 1.024670334044828, 0.9730345027576208, 0.8711079705726658, 
1.0567817835884719, 0.998289214326564, 1.0008718287599028, 1.033090790413096, 1.0232001149645091, 0.9952865518401441, 0.869858086081233, 
1.0502378956790939, 1.0608762149415305, 0.9946741509036297, 1.0266936037491492, 1.0168641741249025, 0.989123459578242, 0.8751745380012894, 
1.044492741512161, 1.0550728655937809, 1.0649319136400976, 1.0210772447699021, 1.0113015854283665, 0.9837126219110937, 0.8703870392217482, 
1.039606759257597, 1.0501373910867011, 1.0599503199673341, 1.0163007967390023, 1.0065708664831474, 0.979110960048619, 0.8771006945773645, 
1.0384379035864622, 1.0489566955649454, 1.0587585915261881, 1.015158144539727, 1.0054391538858494, 0.9780101213053808, 0.8761145485063779, 
1.030911204364205, 1.0413537551123457, 1.0510846059755106, 1.0078001792819238, 0.998151632820369, 0.9932244488123003, 0.8800888489572213, 
1.0280000388538013, 1.0384131011324698, 1.0481164732784571, 1.004954276442878, 0.9953329762810681, 0.990419706030156, 0.8776035870914768, 
1.0260669024743057, 1.036460383168585, 1.0461455082902629, 1.0030644772229407, 0.9934612697504867, 0.988557238819716, 0.8759532686509502, 
1.0198105323579982, 1.0301406395413855, 1.039766710300002, 0.9969483627620864, 0.9874037101656415, 0.9825295812154247, 0.8830253206363552, 
1.015406957030857, 1.0256924584726126, 1.0352769635419712, 0.9926435070331089, 1.0474978585405437, 0.9782869862580823, 0.8792123883397996, 
1.0087047286795774, 1.0189223403172571, 1.028443582533073, 1.0751331420174601, 1.0405838130961989, 0.9926916993673345, 0.8734091168976205, 
1.0078587571902717, 1.0180677996125125, 1.0275810566377883, 1.0742314589386617, 1.0397111055405748, 0.9918591575426972, 0.8817221029486264, 
1.0011743806801248, 1.0113157141274012, 1.020765876804048, 1.067106881730434, 1.0328154761265989, 0.9852808944609379, 0.8758742969228517, 
1.0598003611098479, 1.006233200577255, 1.0156358700930777, 1.0617439815894738, 1.0276249124095669, 0.9803292226666174, 0.8800204837553405, 
1.0566157960999658, 1.0032095980574518, 1.0125840137497824, 1.0585535762477716, 1.0245370305221557, 0.9773834582988832, 0.8773761343633361, 
